id,pincode,post_office_name,sub_po_name,district,districtcode,create_date,update_date,is_active
1,686102,Kunnamkary,Kuttanad,Alappuzha,11,"2023-08-14 09:45:02","2023-08-14 10:35:54",1
4,686102,Kidangara,Kuttanad,Alappuzha,11,"2023-08-14 09:45:02","2023-08-14 10:35:54",1
7,686103,Kumarankary,Kuttanadu,Alappuzha,11,"2023-08-14 09:45:03","2023-08-14 10:35:54",1
10,686534,Kainady,Kuttanad,Alappuzha,11,"2023-08-14 09:45:03","2023-08-14 10:35:54",1
13,686534,"Eara North",Kuttanad,Alappuzha,11,"2023-08-14 09:45:03","2023-08-14 10:35:54",1
16,686534,Neelamperoor,Kuttanad,Alappuzha,11,"2023-08-14 09:45:03","2023-08-14 10:35:54",1
19,688001,"Alappuzha Collectorate",Ambalapuzha,Alappuzha,11,"2023-08-14 09:45:03","2023-08-14 10:35:54",1
22,688001,Alappuzha,Ambalapuzha,Alappuzha,11,"2023-08-14 09:45:03","2023-08-14 10:35:54",1
25,688002,"Thiruvampady Junction",Ambalapuha,Alappuzha,11,"2023-08-14 09:45:03","2023-08-14 10:35:54",1
28,688002,"Vattayal Ward",Ambalapuzha,Alappuzha,11,"2023-08-14 09:45:03","2023-08-14 10:35:54",1
31,688003,Vadackal,Ambalapuzha,Alappuzha,11,"2023-08-14 09:45:03","2023-08-14 10:35:54",1
34,688003,Sanathanapuram,Ambalapuzha,Alappuzha,11,"2023-08-14 09:45:03","2023-08-14 10:35:54",1
37,688004,Punnapra,Ambalapuzha,Alappuzha,11,"2023-08-14 09:45:03","2023-08-14 10:35:54",1
40,688005,Vysombhagom,Kuttanad,Alappuzha,11,"2023-08-14 09:45:03","2023-08-14 10:35:54",1
43,688005,"Alappuzha Medical College",Ambalappuzha,Alappuzha,11,"2023-08-14 09:45:03","2023-08-14 10:35:54",1
46,688005,Kanjipadom,Ambalappuzha,Alappuzha,11,"2023-08-14 09:45:03","2023-08-14 10:35:54",1
49,688005,Kakkazhom,Ambalappuzha,Alappuzha,11,"2023-08-14 09:45:03","2023-08-14 10:35:54",1
52,688006,"Vembanad Kayal",Ambalapuzha,Alappuzha,11,"2023-08-14 09:45:03","2023-08-14 10:35:54",1
55,688006,Avalukkunnu,Ambalapuzha,Alappuzha,11,"2023-08-14 09:45:03","2023-08-14 10:35:54",1
58,688006,Komalapuram,Ambalapuzha,Alappuzha,11,"2023-08-14 09:45:03","2023-08-14 10:35:54",1
61,688006,Kottankulangara,Ambalappuzha,Alappuzha,11,"2023-08-14 09:45:03","2023-08-14 10:35:54",1
64,688007,Kanjiramchira,Ambalappuzha,Alappuzha,11,"2023-08-14 09:45:03","2023-08-14 10:35:54",1
67,688007,"Alappuzha North","Ambalapuzh A",Alappuzha,11,"2023-08-14 09:45:03","2023-08-14 10:35:54",1
70,688007,"Kommady Ward",Ambalappuzha,Alappuzha,11,"2023-08-14 09:45:03","2023-08-14 10:35:54",1
73,688008,Thumpoly,Ambalapuzha,Alappuzha,11,"2023-08-14 09:45:03","2023-08-14 10:35:54",1
76,688009,Pazhaveedu,Ambalapuzha,Alappuzha,11,"2023-08-14 09:45:03","2023-08-14 10:35:54",1
79,688011,"Alappuzha District Hospital",Ambalapuzha,Alappuzha,11,"2023-08-14 09:45:03","2023-08-14 10:35:54",1
82,688011,Kuppappuram,Ambalapuzha,Alappuzha,11,"2023-08-14 09:45:03","2023-08-14 10:35:54",1
85,688011,Chungom,Ambalappuzha,Alappuzha,11,"2023-08-14 09:45:03","2023-08-14 10:35:54",1
88,688011,"Alappuzha Iron Bridge",Ambalapuzha,Alappuzha,11,"2023-08-14 09:45:03","2023-08-14 10:35:54",1
91,688011,"Alappuzha Mullackal",Ambalappuzha,Alappuzha,11,"2023-08-14 09:45:04","2023-08-14 10:35:54",1
94,688012,"Alappuzha Bazar",Ambalapuzha,Alappuzha,11,"2023-08-14 09:45:04","2023-08-14 10:35:54",1
97,688013,Thathampally,Ambalappuzha,Alappuzha,11,"2023-08-14 09:45:04","2023-08-14 10:35:54",1
100,688013,Thondankulangara,Ambalappuzha,Alappuzha,11,"2023-08-14 09:45:04","2023-08-14 10:35:54",1
103,688014,"Punnapra North",Ambalapuzha,Alappuzha,11,"2023-08-14 09:45:04","2023-08-14 10:35:54",1
106,688501,Chennamkary,Kuttanad,Alappuzha,11,"2023-08-14 09:45:04","2023-08-14 10:35:54",1
109,688501,Kuttamangalam,Kuttanad,Alappuzha,11,"2023-08-14 09:45:04","2023-08-14 10:35:54",1
112,688501,"Kainakary East",Kuttanad,Alappuzha,11,"2023-08-14 09:45:04","2023-08-14 10:35:54",1
115,688501,Kainakary,Kuttanad,Alappuzha,11,"2023-08-14 09:45:04","2023-08-14 10:35:54",1
118,688501,Thottuvathala,Kuttanad,Alappuzha,11,"2023-08-14 09:45:04","2023-08-14 10:35:54",1
121,688502,Chathurthiakary,Kuttanad,Alappuzha,11,"2023-08-14 09:45:04","2023-08-14 10:35:54",1
124,688502,Moncombu,Kuttanad,Alappuzha,11,"2023-08-14 09:45:04","2023-08-14 10:35:54",1
127,688503,Ponga,Kuttanad,Alappuzha,11,"2023-08-14 09:45:04","2023-08-14 10:35:54",1
130,688503,"Moncombu Thekkekara",Kuttanad,Alappuzha,11,"2023-08-14 09:45:04","2023-08-14 10:35:54",1
133,688503,"Nedumudy EDB.O",Kuttanad,Alappuzha,11,"2023-08-14 09:45:04","2023-08-14 10:35:54",1
136,688504,"Kannady West",Kuttanad,Alappuzha,11,"2023-08-14 09:45:04","2023-08-14 10:35:54",1
139,688504,Punnakunnathussery,Kuttanad,Alappuzha,11,"2023-08-14 09:45:04","2023-08-14 10:35:54",1
142,688504,Kayalpuram,Kuttanad,Alappuzha,11,"2023-08-14 09:45:04","2023-08-14 10:35:54",1
145,688504,Kannady,Kuttanad,Alappuzha,11,"2023-08-14 09:45:05","2023-08-14 10:35:54",1
148,688504,"Punnakunnathussery South",Kuttanad,Alappuzha,11,"2023-08-14 09:45:05","2023-08-14 10:35:54",1
151,688504,Pulincunnu,Kuttanad,Alappuzha,11,"2023-08-14 09:45:05","2023-08-14 10:35:54",1
154,688505,Pullangadi,Kuttanad,Alappuzha,11,"2023-08-14 09:45:05","2023-08-14 10:35:54",1
157,688505,Champakulam,Kuttanad,Alappuzha,11,"2023-08-14 09:45:05","2023-08-14 10:35:54",1
160,688505,"Champakulam East",Kuttanad,Alappuzha,11,"2023-08-14 09:45:05","2023-08-14 10:35:54",1
163,688505,Chempumpuram,Kuttanad,Alappuzha,11,"2023-08-14 09:45:05","2023-08-14 10:35:54",1
166,688505,Pandarakulam,Kuttanad,Alappuzha,11,"2023-08-14 09:45:05","2023-08-14 10:35:54",1
169,688506,Narakathara,Kuttanad,Alappuzha,11,"2023-08-14 09:45:05","2023-08-14 10:35:54",1
172,688506,"Kavalam North",Kuttanad,Alappuzha,11,"2023-08-14 09:45:05","2023-08-14 10:35:54",1
175,688506,"Cherukara Kuttanad",Kuttanad,Alappuzha,11,"2023-08-14 09:45:05","2023-08-14 10:35:54",1
178,688506,Kavalam,Kuttanad,Alappuzha,11,"2023-08-14 09:45:05","2023-08-14 10:35:54",1
181,688506,"Chennamkary East",Kuttanad,Alappuzha,11,"2023-08-14 09:45:05","2023-08-14 10:35:54",1
184,688521,Pathirappally,Ambalapuzha,Alappuzha,11,"2023-08-14 09:45:05","2023-08-14 10:35:54",1
187,688522,"Pollethai EDB.O",Ambalappuzha,Alappuzha,11,"2023-08-14 09:45:05","2023-08-14 10:35:54",1
190,688522,"Kattoor Kalavoor EDB.O",Ambalapuzha,Alappuzha,11,"2023-08-14 09:45:05","2023-08-14 10:35:54",1
193,688522,Kalavoor,Ambalapuzha,Alappuzha,11,"2023-08-14 09:45:05","2023-08-14 10:35:54",1
196,688523,Sethulekshmipuram,Cherthala,Alappuzha,11,"2023-08-14 09:45:05","2023-08-14 10:35:54",1
199,688523,"Mararikulam North EDB.O",Cherthala,Alappuzha,11,"2023-08-14 09:45:05","2023-08-14 10:35:54",1
202,688524,"Cherthala Cutcherry",Cherthala,Alappuzha,11,"2023-08-14 09:45:05","2023-08-14 10:35:54",1
205,688524,Cherthala,Cherthala,Alappuzha,11,"2023-08-14 09:45:05","2023-08-14 10:35:54",1
208,688524,Kalavamkodam,Cherthala,Alappuzha,11,"2023-08-14 09:45:05","2023-08-14 10:35:54",1
211,688525,Muhamma,Cherthala,Alappuzha,11,"2023-08-14 09:45:05","2023-08-14 10:35:54",1
214,688526,"Panavally EDB.O",Cherthala,Alappuzha,11,"2023-08-14 09:45:05","2023-08-14 10:35:54",1
217,688526,Olavaipu,Cherthala,Alappuzha,11,"2023-08-14 09:45:05","2023-08-14 10:35:54",1
220,688526,Poochackal,Cherthala,Alappuzha,11,"2023-08-14 09:45:05","2023-08-14 10:35:54",1
223,688526,"Naduvathnagar EDB.O",Cherthala,Alappuzha,11,"2023-08-14 09:45:05","2023-08-14 10:35:54",1
226,688526,"Manappuram EDB.O",Cherthala,Alappuzha,11,"2023-08-14 09:45:05","2023-08-14 10:35:54",1
229,688526,"Trichattukulam EDB.O",Cherthala,Alappuzha,11,"2023-08-14 09:45:05","2023-08-14 10:35:54",1
232,688527,Thanneermukkom,Cherthala,Alappuzha,11,"2023-08-14 09:45:05","2023-08-14 10:35:54",1
235,688527,Kannankara,Cherthala,Alappuzha,11,"2023-08-14 09:45:05","2023-08-14 10:35:54",1
238,688527,Karikad,Cherthala,Alappuzha,11,"2023-08-14 09:45:05","2023-08-14 10:35:54",1
241,688527,Kokkothamangalam,Cherthala,Alappuzha,11,"2023-08-14 09:45:05","2023-08-14 10:35:54",1
244,688527,Muttathiparambu,Cherthala,Alappuzha,11,"2023-08-14 09:45:05","2023-08-14 10:35:54",1
247,688528,Thycattussery,Cherthala,Alappuzha,11,"2023-08-14 09:45:05","2023-08-14 10:35:54",1
250,688529,"Vettackal EDB.O",Cherthala,Alappuzha,11,"2023-08-14 09:45:05","2023-08-14 10:35:54",1
253,688529,Kadakkarapally,Cherthala,Alappuzha,11,"2023-08-14 09:45:05","2023-08-14 10:35:54",1
256,688530,"Chethy GDB.O",Cherthala,Alappuzha,11,"2023-08-14 09:45:05","2023-08-14 10:35:54",1
259,688530,"Thaickal EDB.O",Cherthala,Alappuzha,11,"2023-08-14 09:45:05","2023-08-14 10:35:54",1
262,688530,Arthingal,Cherthala,Alappuzha,11,"2023-08-14 09:45:05","2023-08-14 10:35:54",1
265,688531,Pattanacaud,Cherthala,Alappuzha,11,"2023-08-14 09:45:05","2023-08-14 10:35:54",1
268,688531,Andhakaranazhy,Cherthala,Alappuzha,11,"2023-08-14 09:45:05","2023-08-14 10:35:54",1
271,688532,"Thuravoor South",Cherthala,Alappuzha,11,"2023-08-14 09:45:05","2023-08-14 10:35:54",1
274,688532,Thuravoor,Cherthala,Alappuzha,11,"2023-08-14 09:45:05","2023-08-14 10:35:54",1
277,688532,Valamangalam,Cherthala,Alappuzha,11,"2023-08-14 09:45:05","2023-08-14 10:35:54",1
280,688533,Kuthiathode,Cherthala,Alappuzha,11,"2023-08-14 09:45:05","2023-08-14 10:35:54",1
283,688534,Aroor,Cherthla,Alappuzha,11,"2023-08-14 09:45:05","2023-08-14 10:35:54",1
286,688535,Arookutty,Cherthala,Alappuzha,11,"2023-08-14 09:45:05","2023-08-14 10:35:54",1
289,688535,"Vaduthala Jetty",Cherthala,Alappuzha,11,"2023-08-14 09:45:05","2023-08-14 10:35:54",1
292,688536,Vayalar,Cherthala,Alappuzha,11,"2023-08-14 09:45:05","2023-08-14 10:35:54",1
295,688537,"Chandiroor EDB.O",Cherthala,Alappuzha,11,"2023-08-14 09:45:05","2023-08-14 10:35:54",1
298,688537,Eramallur,Cherthala,Alappuzha,11,"2023-08-14 09:45:05","2023-08-14 10:35:54",1
301,688537,"Ezhupunna South EDB.O",Cherthala,Alappuzha,11,"2023-08-14 09:45:05","2023-08-14 10:35:54",1
304,688537,"Ezhupunna EDB.O",Cherthala,Alappuzha,11,"2023-08-14 09:45:05","2023-08-14 10:35:54",1
307,688538,Mannancherry,Ambalappuzha,Alappuzha,11,"2023-08-14 09:45:05","2023-08-14 10:35:54",1
310,688538,Ponnad,Ambalappuzha,Alappuzha,11,"2023-08-14 09:45:05","2023-08-14 10:35:54",1
313,688538,"Aryad North EDB.O",Mararikulam,Alappuzha,11,"2023-08-14 09:45:05","2023-08-14 10:35:54",1
316,688539,Kuruppankulangara,Cherthala,Alappuzha,11,"2023-08-14 09:45:05","2023-08-14 10:35:54",1
319,688539,"Varanadu EDB.O",Cherthala,Alappuzha,11,"2023-08-14 09:45:05","2023-08-14 10:35:54",1
322,688539,"Mayithara Market",Cherthala,Alappuzha,11,"2023-08-14 09:45:05","2023-08-14 10:35:54",1
325,688539,"Maruthorvattom EDB.O",Cherthala,Alappuzha,11,"2023-08-14 09:45:05","2023-08-14 10:35:54",1
328,688539,"Cherthala South EDB.O",Cherthala,Alappuzha,11,"2023-08-14 09:45:05","2023-08-14 10:35:54",1
331,688540,Thirumalabhagom,Cherthala,Alappuzha,11,"2023-08-14 09:45:05","2023-08-14 10:35:54",1
334,688540,Parayakad,Cherthala,Alappuzha,11,"2023-08-14 09:45:05","2023-08-14 10:35:54",1
337,688540,Pallithode,Cherthala,Alappuzha,11,"2023-08-14 09:45:05","2023-08-14 10:35:54",1
340,688541,Pallippuram,Cherthala,Alappuzha,11,"2023-08-14 09:45:05","2023-08-14 10:35:54",1
343,688541,"Kochuramapuram EDB.O",Cherthala,Alappuzha,11,"2023-08-14 09:45:05","2023-08-14 10:35:54",1
346,688541,"Thirunallur EDB.O",Cherthala,Alappuzha,11,"2023-08-14 09:45:06","2023-08-14 10:35:54",1
349,688555,Varanam,Cherthala,Alappuzha,11,"2023-08-14 09:45:06","2023-08-14 10:35:54",1
352,688561,Ambalapuzha,Ambalapuzha,Alappuzha,11,"2023-08-14 09:45:07","2023-08-14 10:35:54",1
355,688561,Illichira,Ambalappuzha,Alappuzha,11,"2023-08-14 09:45:07","2023-08-14 10:35:54",1
358,688561,"Karumady EDB.O",Ambalapuzha,Alappuzha,11,"2023-08-14 09:45:07","2023-08-14 10:35:54",1
361,688561,"Purakad EDB.O",Ambalappuzha,Alappuzha,11,"2023-08-14 09:45:07","2023-08-14 10:35:54",1
364,688561,"Ambalapuzha East EDB.O",Ambalappuzha,Alappuzha,11,"2023-08-14 09:45:07","2023-08-14 10:35:54",1
367,688561,"Thottappally EDB.O",Ambalapuzha,Alappuzha,11,"2023-08-14 09:45:07","2023-08-14 10:35:54",1
370,688562,Kelamangalam,Kuttanad,Alappuzha,11,"2023-08-14 09:45:07","2023-08-14 10:35:54",1
373,688562,"Kunnumma Thakazhy",Kuttanad,Alappuzha,11,"2023-08-14 09:45:07","2023-08-14 10:35:54",1
376,688562,Chirayakom,Kuttanad,Alappuzha,11,"2023-08-14 09:45:07","2023-08-14 10:35:54",1
379,688562,Thakazhy,Kuttanad,Alappuzha,11,"2023-08-14 09:45:07","2023-08-14 10:35:54",1
382,688570,Perumbalam,Cherthala,Alappuzha,11,"2023-08-14 09:45:07","2023-08-14 10:35:54",1
385,688582,Sreenarayanapuram,Cherthala,Alappuzha,11,"2023-08-14 09:45:07","2023-08-14 10:35:54",1
388,688582,"Kanichukulangara EDB.O",Cherthala,Alappuzha,11,"2023-08-14 09:45:07","2023-08-14 10:35:54",1
391,689109,Eramallikkara,Chengannur,Alappuzha,11,"2023-08-14 09:45:07","2023-08-14 10:35:54",1
394,689109,Tiruvanvandur,Chengannur,Alappuzha,11,"2023-08-14 09:45:07","2023-08-14 10:35:54",1
397,689121,Chengannur,Chengannur,Alappuzha,11,"2023-08-14 09:45:07","2023-08-14 10:35:54",1
400,689121,"Chengannur RS",Chengannur,Alappuzha,11,"2023-08-14 09:45:08","2023-08-14 10:35:54",1
403,689122,"Angadical Chengannur",Chengannur,Alappuzha,11,"2023-08-14 09:45:08","2023-08-14 10:35:54",1
406,689122,Piralassery,Chengannur,Alappuzha,11,"2023-08-14 09:45:08","2023-08-14 10:35:54",1
409,689123,Puthencavu,Chengannur,Alappuzha,11,"2023-08-14 09:45:08","2023-08-14 10:35:54",1
412,689123,Edanad,Chengannur,Alappuzha,11,"2023-08-14 09:45:08","2023-08-14 10:35:54",1
415,689124,"Pandanad North",Chengannur,Alappuzha,11,"2023-08-14 09:45:08","2023-08-14 10:35:54",1
418,689124,Vazharmangalam,Chengannur,Alappuzha,11,"2023-08-14 09:45:08","2023-08-14 10:35:54",1
421,689124,Mundancavu,Chengannur,Alappuzha,11,"2023-08-14 09:45:08","2023-08-14 10:35:54",1
424,689124,Kallisserry,Chengannur,Alappuzha,11,"2023-08-14 09:45:08","2023-08-14 10:35:54",1
427,689126,Perisserry,Chengannur,Alappuzha,11,"2023-08-14 09:45:08","2023-08-14 10:35:54",1
430,689126,"Ala (Alappuzha)",Chengannur,Alappuzha,11,"2023-08-14 09:45:08","2023-08-14 10:35:54",1
433,689504,Kotta,Chengannur,Alappuzha,11,"2023-08-14 09:45:08","2023-08-14 10:35:54",1
436,689504,Karakkad,Chengannur,Alappuzha,11,"2023-08-14 09:45:08","2023-08-14 10:35:54",1
439,689505,Areekara,Chengannur,Alappuzha,11,"2023-08-14 09:45:09","2023-08-14 10:35:54",1
442,689505,Peringala-mulakuzha,Chengannur,Alappuzha,11,"2023-08-14 09:45:09","2023-08-14 10:35:54",1
445,689505,Mulakuzha,Chengannur,Alappuzha,11,"2023-08-14 09:45:09","2023-08-14 10:35:54",1
448,689506,"Pandanad West",Chengannur,Alappuzha,11,"2023-08-14 09:45:09","2023-08-14 10:35:54",1
451,689506,Pandanad,Chengannur,Alappuzha,11,"2023-08-14 09:45:09","2023-08-14 10:35:54",1
454,689508,Mampra,Chengannur,Alappuzha,11,"2023-08-14 09:45:09","2023-08-14 10:35:54",1
457,689508,Kodukulanji,Chengannur,Alappuzha,11,"2023-08-14 09:45:09","2023-08-14 10:35:54",1
460,689508,Neduvaramkodu,Chengannur,Alappuzha,11,"2023-08-14 09:45:09","2023-08-14 10:35:54",1
463,689509,Punthala,Chengannur,Alappuzha,11,"2023-08-14 09:45:09","2023-08-14 10:35:54",1
466,689509,Venmony,Chengannur,Alappuzha,11,"2023-08-14 09:45:09","2023-08-14 10:35:54",1
469,689510,Puliyoor,Chengannur,Alappuzha,11,"2023-08-14 09:45:09","2023-08-14 10:35:54",1
472,689510,Bhudhanoor,Chengannur,Alappuzha,11,"2023-08-14 09:45:09","2023-08-14 10:35:54",1
475,689511,Thonackad,Chengannur,Alappuzha,11,"2023-08-14 09:45:10","2023-08-14 10:35:54",1
478,689511,Elanjimel,Chengannur,Alappuzha,11,"2023-08-14 09:45:10","2023-08-14 10:35:54",1
481,689511,Cheriyanadu,Chengannur,Alappuzha,11,"2023-08-14 09:45:10","2023-08-14 10:35:54",1
484,689512,Kudassanad,Mavelikkara,Alappuzha,11,"2023-08-14 09:45:10","2023-08-14 10:35:54",1
487,689520,Pennukkara,Chengannur,Alappuzha,11,"2023-08-14 09:45:10","2023-08-14 10:35:54",1
490,689520,Poomala,Chengannur,Alappuzha,11,"2023-08-14 09:45:10","2023-08-14 10:35:54",1
493,689521,Kozhuvallur,Chengannur,Alappuzha,11,"2023-08-14 09:45:10","2023-08-14 10:35:54",1
496,689571,Karikuzhy,Kuttanad,Alappuzha,11,"2023-08-14 09:45:10","2023-08-14 10:35:54",1
499,689571,Neerattupuram,Kuttanad,Alappuzha,11,"2023-08-14 09:45:10","2023-08-14 10:35:54",1
502,689572,Anaprambal,Kuttanad,Alappuzha,11,"2023-08-14 09:45:10","2023-08-14 10:35:54",1
505,689572,Thalavady,Kuttanad,Alappuzha,11,"2023-08-14 09:45:10","2023-08-14 10:35:54",1
508,689572,Kunthirickal,Kuttanad,Alappuzha,11,"2023-08-14 09:45:10","2023-08-14 10:35:54",1
511,689572,"Thalavady South",Kuttanad,Alappuzha,11,"2023-08-14 09:45:10","2023-08-14 10:35:54",1
514,689572,"Anaprambal North",Kuttanad,Alappuzha,11,"2023-08-14 09:45:10","2023-08-14 10:35:54",1
517,689573,Pandankary,Kuttanad,Alappuzha,11,"2023-08-14 09:45:10","2023-08-14 10:35:54",1
520,689573,Edathua,Kuttanad,Alappuzha,11,"2023-08-14 09:45:10","2023-08-14 10:35:54",1
523,689573,Chekkidikkadu,Kuttanad,Alappuzha,11,"2023-08-14 09:45:10","2023-08-14 10:35:54",1
526,689573,Thayamkary,Kuttanad,Alappuzha,11,"2023-08-14 09:45:10","2023-08-14 10:35:54",1
529,689573,Changankary,Kuttanad,Alappuzha,11,"2023-08-14 09:45:10","2023-08-14 10:35:54",1
532,689574,Muttar,Kuttanadu,Alappuzha,11,"2023-08-14 09:45:10","2023-08-14 10:35:54",1
535,689590,"Veliyanadu North",Kuttanad,Alappuzha,11,"2023-08-14 09:45:10","2023-08-14 10:35:54",1
538,689590,Veliyanadu,Kuttanadu,Alappuzha,11,"2023-08-14 09:45:10","2023-08-14 10:35:54",1
541,689590,"Veliyanadu West",Kuttanad,Alappuzha,11,"2023-08-14 09:45:10","2023-08-14 10:35:54",1
544,689595,Ramankary,Kuttanad,Alappuzha,11,"2023-08-14 09:45:10","2023-08-14 10:35:54",1
547,689595,Kodupunna,Kuttanad,Alappuzha,11,"2023-08-14 09:45:10","2023-08-14 10:35:54",1
550,689595,Mithrakary,Kuttanad,Alappuzha,11,"2023-08-14 09:45:10","2023-08-14 10:35:54",1
553,689595,Urukari,Kuttanad,Alappuzha,11,"2023-08-14 09:45:10","2023-08-14 10:35:54",1
556,689595,Vezhapra,Kuttanad,Alappuzha,11,"2023-08-14 09:45:10","2023-08-14 10:35:54",1
559,689622,Mannar,Chengannur,Alappuzha,11,"2023-08-14 09:45:10","2023-08-14 10:35:54",1
562,689622,Eramathoor,Chengannur,Alappuzha,11,"2023-08-14 09:45:10","2023-08-14 10:35:54",1
565,689622,Pavukara,Chengannur,Alappuzha,11,"2023-08-14 09:45:10","2023-08-14 10:35:54",1
568,689623,Kuttemperur,Chengannur,Alappuzha,11,"2023-08-14 09:45:10","2023-08-14 10:35:54",1
571,689624,Peringilipuram,Chengannur,Alappuzha,11,"2023-08-14 09:45:10","2023-08-14 10:35:54",1
574,689624,Ennakkad,Chengannur,Alappuzha,11,"2023-08-14 09:45:10","2023-08-14 10:35:54",1
577,689627,Melpadom,Mavelikara,Alappuzha,11,"2023-08-14 09:45:11","2023-08-14 10:35:54",1
580,690101,Mavelikara,Mavelikara,Alappuzha,11,"2023-08-14 09:45:11","2023-08-14 10:35:54",1
583,690101,"Mavelikara Court",Mavelikkara,Alappuzha,11,"2023-08-14 09:45:11","2023-08-14 10:35:54",1
586,690101,"Mavelikara Cutcherry",Mavelikkara,Alappuzha,11,"2023-08-14 09:45:11","2023-08-14 10:35:54",1
589,690101,Punnamoodu,Mavelikkara,Alappuzha,11,"2023-08-14 09:45:11","2023-08-14 10:35:54",1
592,690102,Thazhakara,Mavelikara,Alappuzha,11,"2023-08-14 09:45:11","2023-08-14 10:35:54",1
595,690102,Puthiyacavu,Mavelikkara,Alappuzha,11,"2023-08-14 09:45:11","2023-08-14 10:35:54",1
598,690103,Pela,Mavelikkara,Alappuzha,11,"2023-08-14 09:45:11","2023-08-14 10:35:54",1
601,690103,Kandiyoor,Mavelikkara,Alappuzha,11,"2023-08-14 09:45:11","2023-08-14 10:35:54",1
604,690103,Thattarambalam,Mavelikkara,Alappuzha,11,"2023-08-14 09:45:11","2023-08-14 10:35:54",1
607,690103,Karipuzha,Mavelikkara,Alappuzha,11,"2023-08-14 09:45:11","2023-08-14 10:35:54",1
610,690104,Ezhakadavu,Mavelikkara,Alappuzha,11,"2023-08-14 09:45:11","2023-08-14 10:35:54",1
613,690104,Cherukole,Mavelikkara,Alappuzha,11,"2023-08-14 09:45:11","2023-08-14 10:35:54",1
616,690104,Valiyakulangara,Mavelikkara,Alappuzha,11,"2023-08-14 09:45:11","2023-08-14 10:35:54",1
619,690105,"Chennithala South",Mavelikkara,Alappuzha,11,"2023-08-14 09:45:11","2023-08-14 10:35:54",1
622,690105,Thripperunthura,Mavelikara,Alappuzha,11,"2023-08-14 09:45:11","2023-08-14 10:35:54",1
625,690105,Chennithala,Mavelikara,Alappuzha,11,"2023-08-14 09:45:11","2023-08-14 10:35:54",1
628,690106,Kannamangalam,Mavelikkara,Alappuzha,11,"2023-08-14 09:45:11","2023-08-14 10:35:54",1
631,690106,Chettikulangara,Mavelikara,Alappuzha,11,"2023-08-14 09:45:11","2023-08-14 10:35:54",1
634,690106,"Erezha North",Mavelikkara,Alappuzha,11,"2023-08-14 09:45:11","2023-08-14 10:35:54",1
637,690106,"Erezha South",Mavelikkara,Alappuzha,11,"2023-08-14 09:45:11","2023-08-14 10:35:54",1
640,690107,Varenickal,Mavelikkara,Alappuzha,11,"2023-08-14 09:45:12","2023-08-14 10:35:54",1
643,690107,Pallarimangalam,Mavelikkara,Alappuzha,11,"2023-08-14 09:45:12","2023-08-14 10:35:54",1
646,690107,Thekkekara,Mavelikkara,Alappuzha,11,"2023-08-14 09:45:12","2023-08-14 10:35:54",1
649,690108,Eravankara,Mavelikkara,Alappuzha,11,"2023-08-14 09:45:12","2023-08-14 10:35:54",1
652,690108,"Kunnam (Alappuzha)",Mavelikkara,Alappuzha,11,"2023-08-14 09:45:13","2023-08-14 10:35:54",1
655,690110,Arunoottimangalam,Mavelikkara,Alappuzha,11,"2023-08-14 09:45:14","2023-08-14 10:35:54",1
658,690110,Kallumala,Mavelikkara,Alappuzha,11,"2023-08-14 09:45:14","2023-08-14 10:35:54",1
661,690501,Vallikunnam,Mavelikara,Alappuzha,11,"2023-08-14 09:45:14","2023-08-14 10:35:54",1
664,690501,Kaduvinal,Mavelikkara,Alappuzha,11,"2023-08-14 09:45:14","2023-08-14 10:35:54",1
667,690501,Puthenchantha,Mavelikkara,Alappuzha,11,"2023-08-14 09:45:14","2023-08-14 10:35:54",1
670,690502,Kayangulam,Karthikappally,Alappuzha,11,"2023-08-14 09:45:14","2023-08-14 10:35:54",1
673,690502,"Kayangulam College",Karthikappally,Alappuzha,11,"2023-08-14 09:45:14","2023-08-14 10:35:54",1
676,690503,Kattanam,Mavelikara,Alappuzha,11,"2023-08-14 09:45:14","2023-08-14 10:35:54",1
679,690503,Vetticode,Mavelikkara,Alappuzha,11,"2023-08-14 09:45:14","2023-08-14 10:35:54",1
682,690503,"Pallickal Naduvilemuri",Mavelikkara,Alappuzha,11,"2023-08-14 09:45:14","2023-08-14 10:35:54",1
685,690503,Pallickal,Mavelikara,Alappuzha,11,"2023-08-14 09:45:15","2023-08-14 10:35:54",1
688,690503,Illippakulam,Mavelikkara,Alappuzha,11,"2023-08-14 09:45:15","2023-08-14 10:35:54",1
691,690503,Bharanickavu,Mavelikkara,Alappuzha,11,"2023-08-14 09:45:15","2023-08-14 10:35:54",1
694,690504,Nooranad,Mavelikara,Alappuzha,11,"2023-08-14 09:45:15","2023-08-14 10:35:54",1
697,690504,Athikattukulangara,Mavelikkara,Alappuzha,11,"2023-08-14 09:45:15","2023-08-14 10:35:54",1
700,690504,Panayil,Mavelikkara,Alappuzha,11,"2023-08-14 09:45:15","2023-08-14 10:35:54",1
703,690504,Payyanallur,Mavelikkara,Alappuzha,11,"2023-08-14 09:45:15","2023-08-14 10:35:54",1
706,690505,Vedaraplavu,Mavelikkara,Alappuzha,11,"2023-08-14 09:45:16","2023-08-14 10:35:54",1
709,690505,Kannanakuzhy,Mavelikkara,Alappuzha,11,"2023-08-14 09:45:16","2023-08-14 10:35:54",1
712,690505,Charumoodu,Mavelikkara,Alappuzha,11,"2023-08-14 09:45:16","2023-08-14 10:35:54",1
715,690505,Komallur,Mavelikkara,Alappuzha,11,"2023-08-14 09:45:16","2023-08-14 10:35:54",1
718,690506,"Muthukulam South",Karthikappally,Alappuzha,11,"2023-08-14 09:45:16","2023-08-14 10:35:54",1
721,690506,Choolatheruvu,Karthikappally,Alappuzha,11,"2023-08-14 09:45:16","2023-08-14 10:35:54",1
724,690506,Muthukulam,Karthikappally,Alappuzha,11,"2023-08-14 09:45:16","2023-08-14 10:35:54",1
727,690507,Cheppaud,Karthikappally,Alappuzha,11,"2023-08-14 09:45:16","2023-08-14 10:35:54",1
730,690507,Evur,Karthikappally,Alappuzha,11,"2023-08-14 09:45:17","2023-08-14 10:35:54",1
733,690508,Keerikad,Karthikappally,Alappuzha,11,"2023-08-14 09:45:17","2023-08-14 10:35:54",1
736,690508,Pathiyoor,Karthikappally,Alappuzha,11,"2023-08-14 09:45:17","2023-08-14 10:35:54",1
739,690509,Kallimel,Mavelikkara,Alappuzha,11,"2023-08-14 09:45:17","2023-08-14 10:35:54",1
742,690509,Kollakadavu,Chengannur,Alappuzha,11,"2023-08-14 09:45:17","2023-08-14 10:35:54",1
745,690510,Olakettiambalam,Chengannur,Alappuzha,11,"2023-08-14 09:45:17","2023-08-14 10:35:54",1
748,690511,Muttom-alleppey,Karthikappally,Alappuzha,11,"2023-08-14 09:45:17","2023-08-14 10:35:54",1
751,690512,Naduvattom,Karthikappally,Alappuzha,11,"2023-08-14 09:45:17","2023-08-14 10:35:54",1
754,690512,Pallipad,Karthikappally,Alappuzha,11,"2023-08-14 09:45:17","2023-08-14 10:35:54",1
757,690513,Nangiarkulangara,Karthikappally,Alappuzha,11,"2023-08-14 09:45:17","2023-08-14 10:35:54",1
760,690513,Akamkudy,Karthikappally,Alappuzha,11,"2023-08-14 09:45:17","2023-08-14 10:35:54",1
763,690514,Haripad,Karthikappally,Alappuzha,11,"2023-08-14 09:45:17","2023-08-14 10:35:54",1
766,690514,"Thamallackal North",Karthikappally,Alappuzha,11,"2023-08-14 09:45:18","2023-08-14 10:35:54",1
769,690514,Veeyapuram,Karthikappally,Alappuzha,11,"2023-08-14 09:45:18","2023-08-14 10:35:54",1
772,690514,Mannarasala,Karthikappally,Alappuzha,11,"2023-08-14 09:45:18","2023-08-14 10:35:54",1
775,690514,Payipad,Karthikappally,Alappuzha,11,"2023-08-14 09:45:18","2023-08-14 10:35:54",1
778,690515,Thrikkunnapuzha,Karthikappally,Alappuzha,11,"2023-08-14 09:45:18","2023-08-14 10:35:54",1
781,690515,Mangalam,Karthikappally,Alappuzha,11,"2023-08-14 09:45:18","2023-08-14 10:35:54",1
784,690515,"Arattupuzha North",Karthikappally,Alappuzha,11,"2023-08-14 09:45:18","2023-08-14 10:35:54",1
787,690515,Pallana,Karthikappally,Alappuzha,11,"2023-08-14 09:45:18","2023-08-14 10:35:54",1
790,690516,Karthikappally,Karthikappally,Alappuzha,11,"2023-08-14 09:45:18","2023-08-14 10:35:54",1
793,690516,Mahadevikadu,Karthikappally,Alappuzha,11,"2023-08-14 09:45:18","2023-08-14 10:35:54",1
796,690516,Valiyaparambu,Karthikappally,Alappuzha,11,"2023-08-14 09:45:18","2023-08-14 10:35:54",1
799,690516,Erickavu,Karthikappally,Alappuzha,11,"2023-08-14 09:45:18","2023-08-14 10:35:54",1
802,690517,"Karuvatta North",Karthikappally,Alappuzha,11,"2023-08-14 09:45:18","2023-08-14 10:35:54",1
805,690517,Pandy,Karthikappally,Alappuzha,11,"2023-08-14 09:45:18","2023-08-14 10:35:54",1
808,690517,Karuvatta,Karthikappally,Alappuzha,11,"2023-08-14 09:45:19","2023-08-14 10:35:54",1
811,690517,Ayaparambu,Karthikappally,Alappuzha,11,"2023-08-14 09:45:19","2023-08-14 10:35:54",1
814,690517,Cheruthana,Karthikappally,Alappuzha,11,"2023-08-14 09:45:19","2023-08-14 10:35:54",1
817,690527,Govindamuttom,Karthikappally,Alappuzha,11,"2023-08-14 09:45:19","2023-08-14 10:35:54",1
820,690527,Puthuppally,Karthikappally,Alappuzha,11,"2023-08-14 09:45:19","2023-08-14 10:35:54",1
823,690529,Pattoor,Mavelikkara,Alappuzha,11,"2023-08-14 09:45:19","2023-08-14 10:35:54",1
826,690529,Padanilam,Mavelikara,Alappuzha,11,"2023-08-14 09:45:19","2023-08-14 10:35:54",1
829,690530,Thamarakulam,Mavelikara,Alappuzha,11,"2023-08-14 09:45:19","2023-08-14 10:35:54",1
832,690531,Pattolimarket,Karthikappally,Alappuzha,11,"2023-08-14 09:45:19","2023-08-14 10:35:54",1
835,690531,Puthiyavila,Karthikappally,Alappuzha,11,"2023-08-14 09:45:19","2023-08-14 10:35:54",1
838,690532,Chingoli,Karthikappally,Alappuzha,11,"2023-08-14 09:45:19","2023-08-14 10:35:54",1
841,690533,Njakkanal,Karthikappally,Alappuzha,11,"2023-08-14 09:45:19","2023-08-14 10:35:54",1
844,690533,"Kappil East",Mavelikara,Alappuzha,11,"2023-08-14 09:45:19","2023-08-14 10:35:54",1
847,690533,"Krishnapuram (Alappuzha)",Karthikappally,Alappuzha,11,"2023-08-14 09:45:19","2023-08-14 10:35:54",1
850,690534,Chunakara,Mavelikara,Alappuzha,11,"2023-08-14 09:45:19","2023-08-14 10:35:54",1
853,690534,Thannikunnu,Mavelikkara,Alappuzha,11,"2023-08-14 09:45:20","2023-08-14 10:35:54",1
856,690535,Valiyazheekkal,Karthikappally,Alappuzha,11,"2023-08-14 09:45:20","2023-08-14 10:35:54",1
859,690535,Kandallur,Karthikappally,Alappuzha,11,"2023-08-14 09:45:20","2023-08-14 10:35:54",1
862,690535,Arattupuzha,Karthikappally,Alappuzha,11,"2023-08-14 09:45:20","2023-08-14 10:35:54",1
865,690537,Pullikanakku,Mavelikkara,Alappuzha,11,"2023-08-14 09:45:20","2023-08-14 10:35:54",1
868,690547,"Thattakkattu Market",Karthikappally,Alappuzha,11,"2023-08-14 09:45:20","2023-08-14 10:35:54",1
871,690547,Prayar,Karthikappally,Alappuzha,11,"2023-08-14 09:45:20","2023-08-14 10:35:54",1
874,690548,"Kumarapuram (Alappuzha)",Karthikappally,Alappuzha,11,"2023-08-14 09:45:20","2023-08-14 10:35:54",1
877,690548,Thamallackal,Karthikappally,Alappuzha,11,"2023-08-14 09:45:20","2023-08-14 10:35:54",1
880,690558,Vettiyar,Mavelikkara,Alappuzha,11,"2023-08-14 09:45:20","2023-08-14 10:35:54",1
883,690558,Mankamkuzhy,Mavelikara,Alappuzha,11,"2023-08-14 09:45:20","2023-08-14 10:35:54",1
886,690558,Ayiranikudy,Mavelikkara,Alappuzha,11,"2023-08-14 09:45:20","2023-08-14 10:35:54",1
889,690559,Perungala,Karthikappally,Alappuzha,11,"2023-08-14 09:45:20","2023-08-14 10:35:54",1
892,690571,"Nooranad Sanatorium",Mavelikkara,Alappuzha,11,"2023-08-14 09:45:20","2023-08-14 10:35:54",1
895,690572,Kareelakulangara,Karthikappally,Alappuzha,11,"2023-08-14 09:45:20","2023-08-14 10:35:54",1
898,690572,Eruva,Karthikappally,Alappuzha,11,"2023-08-14 09:45:20","2023-08-14 10:35:54",1
901,680667,Thuruthippuram,Paravur,Ernakulam,9,"2023-08-14 09:45:21","2023-08-14 10:35:54",1
904,682001,Kochi,Kochi,Ernakulam,9,"2023-08-14 09:45:21","2023-08-14 10:35:54",1
907,682002,"Mattancherry Town",Kochi,Ernakulam,9,"2023-08-14 09:45:21","2023-08-14 10:35:54",1
910,682002,"Mattancherry Jetty",Kochi,Ernakulam,9,"2023-08-14 09:45:21","2023-08-14 10:35:54",1
913,682002,Mattancherry,Kochi,Ernakulam,9,"2023-08-14 09:45:21","2023-08-14 10:35:54",1
916,682002,Panayappilly,Kochi,Ernakulam,9,"2023-08-14 09:45:21","2023-08-14 10:35:54",1
919,682003,"Willingdon Island",Kochi,Ernakulam,9,"2023-08-14 09:45:21","2023-08-14 10:35:54",1
922,682004,"Kochi Naval Base",Kochi,Ernakulam,9,"2023-08-14 09:45:21","2023-08-14 10:35:54",1
925,682005,Thoppumpady,Kochi,Ernakulam,9,"2023-08-14 09:45:21","2023-08-14 10:35:54",1
928,682006,Palluruthy,Kochi,Ernakulam,9,"2023-08-14 09:45:21","2023-08-14 10:35:54",1
931,682006,"Palluruthy South",Kochi,Ernakulam,9,"2023-08-14 09:45:21","2023-08-14 10:35:54",1
934,682007,"Kumbalangi South",Kochi,Ernakulam,9,"2023-08-14 09:45:21","2023-08-14 10:35:54",1
937,682007,Kumbalangi,Kochi,Ernakulam,9,"2023-08-14 09:45:22","2023-08-14 10:35:54",1
940,682008,Andikkadavu,Kochi,Ernakulam,9,"2023-08-14 09:45:22","2023-08-14 10:35:54",1
943,682008,Chellanam,Kochi,Ernakulam,9,"2023-08-14 09:45:22","2023-08-14 10:35:54",1
946,682008,S.Chellanam,Kochi,Ernakulam,9,"2023-08-14 09:45:22","2023-08-14 10:35:54",1
949,682008,Kannamali,Kochi,Ernakulam,9,"2023-08-14 09:45:22","2023-08-14 10:35:54",1
952,682009,"North End",Kochi,Ernakulam,9,"2023-08-14 09:45:22","2023-08-14 10:35:54",1
955,682010,Edakochi,Kochi,Ernakulam,9,"2023-08-14 09:45:22","2023-08-14 10:35:54",1
958,682011,Ernakulam,Ernakulam,Ernakulam,9,"2023-08-14 09:45:23","2023-08-14 10:35:54",1
961,682012,Pachalam,Ernakulam,Ernakulam,9,"2023-08-14 09:45:23","2023-08-14 10:35:54",1
964,682013,Thevara,Ernakulam,Ernakulam,9,"2023-08-14 09:45:23","2023-08-14 10:35:54",1
967,682015,Perumanur,Ernakulam,Ernakulam,9,"2023-08-14 09:45:24","2023-08-14 10:35:54",1
970,682016,"Ernakulam Hindi Prachar Sabha",Ernakulam,Ernakulam,9,"2023-08-14 09:45:25","2023-08-14 10:35:54",1
973,682016,"Kochi M.G.Road",Ernakulam,Ernakulam,9,"2023-08-14 09:45:25","2023-08-14 10:35:54",1
976,682017,Kaloor,Ernakulam,Ernakulam,9,"2023-08-14 09:45:25","2023-08-14 10:35:54",1
979,682018,"Ernakulam North",Ernakulam,Ernakulam,9,"2023-08-14 09:45:25","2023-08-14 10:35:54",1
982,682019,Vyttila,Ernakulam,Ernakulam,9,"2023-08-14 09:45:26","2023-08-14 10:35:54",1
985,682020,Kadavanthara,Ernakulam,Ernakulam,9,"2023-08-14 09:45:26","2023-08-14 10:35:54",1
988,682021,Vadacode,Kanayannur,Ernakulam,9,"2023-08-14 09:45:27","2023-08-14 10:35:54",1
991,682021,"Vadacode Kailas Colony",Kanayannur,Ernakulam,9,"2023-08-14 09:45:27","2023-08-14 10:35:54",1
994,682021,Thrikkakara,Ernakulam,Ernakulam,9,"2023-08-14 09:45:27","2023-08-14 10:35:54",1
997,682022,"Kochi University",Ernakulam,Ernakulam,9,"2023-08-14 09:45:28","2023-08-14 10:35:54",1
1000,682023,Vaduthala,Ernakulam,Ernakulam,9,"2023-08-14 09:45:28","2023-08-14 10:35:54",1
1003,682024,"Edapally North",Ernakulam,Ernakulam,9,"2023-08-14 09:45:29","2023-08-14 10:35:54",1
1006,682024,Edapally,Ernakulam,Ernakulam,9,"2023-08-14 09:45:29","2023-08-14 10:35:54",1
1009,682025,Palarivattom,Ernakulam,Ernakulam,9,"2023-08-14 09:45:29","2023-08-14 10:35:54",1
1012,682026,Elamakkara,Ernakulam,Ernakulam,9,"2023-08-14 09:45:30","2023-08-14 10:35:54",1
1015,682027,Pizhala,Ernakulam,Ernakulam,9,"2023-08-14 09:45:30","2023-08-14 10:35:54",1
1018,682027,Chittoor-ekm,Ernakulam,Ernakulam,9,"2023-08-14 09:45:31","2023-08-14 10:35:54",1
1021,682027,Kothad,Ernakulam,Ernakulam,9,"2023-08-14 09:45:31","2023-08-14 10:35:54",1
1024,682027,Kadamakudi,Ernakulam,Ernakulam,9,"2023-08-14 09:45:32","2023-08-14 10:35:54",1
1027,682028,Vennala,Ernakulam,Ernakulam,9,"2023-08-14 09:45:34","2023-08-14 10:35:54",1
1030,682029,Matsyapuri,Kochi,Ernakulam,9,"2023-08-14 09:45:35","2023-08-14 10:35:54",1
1033,682030,Kusumagiri,Ernakulam,Ernakulam,9,"2023-08-14 09:45:35","2023-08-14 10:35:54",1
1036,682030,Kakkanad,Ernakulam,Ernakulam,9,"2023-08-14 09:45:35","2023-08-14 10:35:54",1
1039,682030,Thengod,Ernakulam,Ernakulam,9,"2023-08-14 09:45:35","2023-08-14 10:35:54",1
1042,682030,"Kakkanad West",Ernakulam,Ernakulam,9,"2023-08-14 09:45:35","2023-08-14 10:35:54",1
1045,682031,"Shanmugham Road",Ernakulam,Ernakulam,9,"2023-08-14 09:45:35","2023-08-14 10:35:54",1
1048,682031,"Ernakulam High Court",Ernakulam,Ernakulam,9,"2023-08-14 09:45:35","2023-08-14 10:35:54",1
1051,682032,Thammanam,Ernakulam,Ernakulam,9,"2023-08-14 09:45:35","2023-08-14 10:35:54",1
1054,682033,"Changampuzha Nagar",Kanayannur,Ernakulam,9,"2023-08-14 09:45:36","2023-08-14 10:35:54",1
1057,682034,Cheranallur,Ernakulam,Ernakulam,9,"2023-08-14 09:45:36","2023-08-14 10:35:54",1
1060,682035,"Ernakulam College",Ernakulam,Ernakulam,9,"2023-08-14 09:45:36","2023-08-14 10:35:54",1
1063,682036,"Panampilly Nagar",Ernakulam,Ernakulam,9,"2023-08-14 09:45:36","2023-08-14 10:35:54",1
1066,682037,"Cochin Special Economic Zone",Ernakulam,Ernakulam,9,"2023-08-14 09:45:36","2023-08-14 10:35:54",1
1069,682038,Poonithura,Ernakulam,Ernakulam,9,"2023-08-14 09:45:36","2023-08-14 10:35:54",1
1072,682039,"Rajagiri Valley",Ernakulam,Ernakulam,9,"2023-08-14 09:45:36","2023-08-14 10:35:54",1
1075,682040,Nettoor,Kanayannur,Ernakulam,9,"2023-08-14 09:45:36","2023-08-14 10:35:54",1
1078,682041,"AIMS Ponekkara",Kanayannur,Ernakulam,9,"2023-08-14 09:45:36","2023-08-14 10:35:54",1
1081,682042,Infopark-Kochi,Kanayannur,Ernakulam,9,"2023-08-14 09:45:36","2023-08-14 10:35:54",1
1084,682301,Tripunithura,Ernakulam,Ernakulam,9,"2023-08-14 09:45:36","2023-08-14 10:35:54",1
1087,682301,"Tripunithura Fort",Ernakulam,Ernakulam,9,"2023-08-14 09:45:36","2023-08-14 10:35:54",1
1090,682301,Thekkumbhagom,Ernakulam,Ernakulam,9,"2023-08-14 09:45:36","2023-08-14 10:35:54",1
1093,682301,"Kochi Palace",Ernakulam,Ernakulam,9,"2023-08-14 09:45:36","2023-08-14 10:35:54",1
1096,682302,Ambalamugal,Kunnathunad,Ernakulam,9,"2023-08-14 09:45:36","2023-08-14 10:35:54",1
1099,682303,Karimugal,Kunnathunad,Ernakulam,9,"2023-08-14 09:45:36","2023-08-14 10:35:54",1
1102,682303,Brahmapuram,Kunnathunad,Ernakulam,9,"2023-08-14 09:45:36","2023-08-14 10:35:54",1
1105,682303,Ambalamedu,Kunnathunad,Ernakulam,9,"2023-08-14 09:45:36","2023-08-14 10:35:54",1
1108,682304,Maradu,Ernakulam,Ernakulam,9,"2023-08-14 09:45:36","2023-08-14 10:35:54",1
1111,682305,Kokkappilly,Kunnathunad,Ernakulam,9,"2023-08-14 09:45:36","2023-08-14 10:35:54",1
1114,682305,Kandanad,Kanayannur,Ernakulam,9,"2023-08-14 09:45:36","2023-08-14 10:35:54",1
1117,682305,Thiruvamkulam,Ernakulam,Ernakulam,9,"2023-08-14 09:45:36","2023-08-14 10:35:54",1
1120,682305,Kureekad,Kanayannur,Ernakulam,9,"2023-08-14 09:45:36","2023-08-14 10:35:54",1
1123,682305,Kadungamangalam,Kanayannur,Ernakulam,9,"2023-08-14 09:45:36","2023-08-14 10:35:54",1
1126,682305,Mamala,Kunnathunad,Ernakulam,9,"2023-08-14 09:45:36","2023-08-14 10:35:54",1
1129,682306,"Eroor (Ernakulam)",Ernakulam,Ernakulam,9,"2023-08-14 09:45:37","2023-08-14 10:35:54",1
1132,682306,"Eroor West",Ernakulam,Ernakulam,9,"2023-08-14 09:45:37","2023-08-14 10:35:54",1
1135,682306,"Eroor South",Ernakulam,Ernakulam,9,"2023-08-14 09:45:37","2023-08-14 10:35:54",1
1138,682307,Nadakkavu,Kanayannur,Ernakulam,9,"2023-08-14 09:45:37","2023-08-14 10:35:54",1
1141,682307,Poothotta,Kanayannur,Ernakulam,9,"2023-08-14 09:45:37","2023-08-14 10:35:54",1
1144,682307,"South Paravoor",Kanayannur,Ernakulam,9,"2023-08-14 09:45:37","2023-08-14 10:35:54",1
1147,682307,Udayamperoor,Ernakulam,Ernakulam,9,"2023-08-14 09:45:38","2023-08-14 10:35:54",1
1150,682308,Varikoli,Kunnathunadu,Ernakulam,9,"2023-08-14 09:45:38","2023-08-14 10:35:54",1
1153,682308,Vadayampadi,Kunnathunad,Ernakulam,9,"2023-08-14 09:45:38","2023-08-14 10:35:54",1
1156,682308,Poothrikka,Kunnathunad,Ernakulam,9,"2023-08-14 09:45:38","2023-08-14 10:35:54",1
1159,682308,Ezhakkaranad,Muvattupuzha,Ernakulam,9,"2023-08-14 09:45:38","2023-08-14 10:35:54",1
1162,682308,"Ezhakkaranadu South",Muvattupuzha,Ernakulam,9,"2023-08-14 09:45:39","2023-08-14 10:35:54",1
1165,682308,Meempara,Kunnathunadu,Ernakulam,9,"2023-08-14 09:45:39","2023-08-14 10:35:54",1
1168,682308,Puthencruz,Kunnathunadu,Ernakulam,9,"2023-08-14 09:45:39","2023-08-14 10:35:54",1
1171,682308,Bhaktanandapuram,Kunnathunad,Ernakulam,9,"2023-08-14 09:45:39","2023-08-14 10:35:54",1
1174,682308,Thiruvaniyoor,Kunnathunadu,Ernakulam,9,"2023-08-14 09:45:40","2023-08-14 10:35:54",1
1177,682309,Irimbanam,Ernakulam,Ernakulam,9,"2023-08-14 09:45:40","2023-08-14 10:35:54",1
1180,682310,Vadavucode,Kunnathunadu,Ernakulam,9,"2023-08-14 09:45:41","2023-08-14 10:35:54",1
1183,682310,Pancode,Kunnathunadu,Ernakulam,9,"2023-08-14 09:45:41","2023-08-14 10:35:54",1
1186,682310,Kaninad,Kunnathunad,Ernakulam,9,"2023-08-14 09:45:41","2023-08-14 10:35:54",1
1189,682311,Kadakkanad,Kunnathunad,Ernakulam,9,"2023-08-14 09:45:42","2023-08-14 10:35:54",1
1192,682311,Kolenchery,Kunnathunad,Ernakulam,9,"2023-08-14 09:45:42","2023-08-14 10:35:54",1
1195,682311,Karukappilli,Kunnathunad,Ernakulam,9,"2023-08-14 09:45:42","2023-08-14 10:35:54",1
1198,682311,Kinginimattom,Kunnathunad,Ernakulam,9,"2023-08-14 09:45:42","2023-08-14 10:35:54",1
1201,682311,Kadayirippu,Kunnathunad,Ernakulam,9,"2023-08-14 09:45:44","2023-08-14 10:35:54",1
1204,682311,Kadamattam,Kunnathunad,Ernakulam,9,"2023-08-14 09:45:44","2023-08-14 10:35:54",1
1207,682312,Kanayannoor,Kanayannur,Ernakulam,9,"2023-08-14 09:45:44","2023-08-14 10:35:54",1
1210,682312,Chottanikkara,Kanayannur,Ernakulam,9,"2023-08-14 09:45:44","2023-08-14 10:35:54",1
1213,682312,Kuzhiyara,Kunnathunad,Ernakulam,9,"2023-08-14 09:45:44","2023-08-14 10:35:54",1
1216,682313,Edakkattuvayal,Kanayannur,Ernakulam,9,"2023-08-14 09:45:44","2023-08-14 10:35:54",1
1219,682313,Arakunnam,Kanayannur,Ernakulam,9,"2023-08-14 09:45:44","2023-08-14 10:35:54",1
1222,682313,Kaipatoor,Ernakulam,Ernakulam,9,"2023-08-14 09:45:44","2023-08-14 10:35:54",1
1225,682313,Thirumarayoor,Kanayannur,Ernakulam,9,"2023-08-14 09:45:44","2023-08-14 10:35:54",1
1228,682313,Veliyanad,Kanayannur,Ernakulam,9,"2023-08-14 09:45:44","2023-08-14 10:35:54",1
1231,682314,Thalacode,Kanayannur,Ernakulam,9,"2023-08-14 09:45:44","2023-08-14 10:35:54",1
1234,682314,Pulickamaly,Kanayannur,Ernakulam,9,"2023-08-14 09:45:44","2023-08-14 10:35:54",1
1237,682314,Vettickal,Kanayannur,Ernakulam,9,"2023-08-14 09:45:44","2023-08-14 10:35:54",1
1240,682314,Perumpilly,Kanayannur,Ernakulam,9,"2023-08-14 09:45:44","2023-08-14 10:35:54",1
1243,682314,Paingarapilly,Kanayannur,Ernakulam,9,"2023-08-14 09:45:44","2023-08-14 10:35:54",1
1246,682314,Mulanthuruthy,Ernakulam,Ernakulam,9,"2023-08-14 09:45:44","2023-08-14 10:35:54",1
1249,682315,Amballur,Ernakulam,Ernakulam,9,"2023-08-14 09:45:44","2023-08-14 10:35:54",1
1252,682315,Kulayettikara,Kanayannur,Ernakulam,9,"2023-08-14 09:45:44","2023-08-14 10:35:54",1
1255,682315,Marithazham,Kanayannur,Ernakulam,9,"2023-08-14 09:45:44","2023-08-14 10:35:54",1
1258,682315,Kanjiramattom,Kanayannur,Ernakulam,9,"2023-08-14 09:45:44","2023-08-14 10:35:54",1
1261,682315,Chethicode,Kanayannur,Ernakulam,9,"2023-08-14 09:45:44","2023-08-14 10:35:54",1
1264,682316,Kunnackal,Muvattupuzha,Ernakulam,9,"2023-08-14 09:45:44","2023-08-14 10:35:54",1
1267,682316,Mekkadambu,Muvattupuzha,Ernakulam,9,"2023-08-14 09:45:44","2023-08-14 10:35:54",1
1270,682501,Ayyampilly,Kochi,Ernakulam,9,"2023-08-14 09:45:44","2023-08-14 10:35:54",1
1273,682502,Edavanakad,Kochi,Ernakulam,9,"2023-08-14 09:45:44","2023-08-14 10:35:54",1
1276,682503,Elamkunnapuzha,Kochi,Ernakulam,9,"2023-08-14 09:45:44","2023-08-14 10:35:54",1
1279,682504,Mulavukad,Ernakulam,Ernakulam,9,"2023-08-14 09:45:44","2023-08-14 10:35:54",1
1282,682504,Vallarpadam,Ernakulam,Ernakulam,9,"2023-08-14 09:45:44","2023-08-14 10:35:54",1
1285,682505,Narakkal,Kochi,Ernakulam,9,"2023-08-14 09:45:44","2023-08-14 10:35:54",1
1288,682506,"Panangad (Ernakulam)",Kanayannur,Ernakulam,9,"2023-08-14 09:45:44","2023-08-14 10:35:54",1
1291,682506,Kumbalam,Ernakulam,Ernakulam,9,"2023-08-14 09:45:44","2023-08-14 10:35:54",1
1294,682507,Nazreth,Kochi,Ernakulam,9,"2023-08-14 09:45:44","2023-08-14 10:35:54",1
1297,682507,Mundamveli,Kochi,Ernakulam,9,"2023-08-14 09:45:44","2023-08-14 10:35:54",1
1300,682508,Azheekal,Kochi,Ernakulam,9,"2023-08-14 09:45:44","2023-08-14 10:35:54",1
1303,682508,Ochanthuruth,Kochi,Ernakulam,9,"2023-08-14 09:45:44","2023-08-14 10:35:54",1
1306,682508,Puthuvype,Kochi,Ernakulam,9,"2023-08-14 09:45:44","2023-08-14 10:35:54",1
1309,682509,Nayarambalam,Kochi,Ernakulam,9,"2023-08-14 09:45:44","2023-08-14 10:35:54",1
1312,682509,Nedungad,Kochi,Ernakulam,9,"2023-08-14 09:45:44","2023-08-14 10:35:54",1
1315,682511,Malipuram,Kochi,Ernakulam,9,"2023-08-14 09:45:44","2023-08-14 10:35:54",1
1318,683101,Aluva,Aluva,Ernakulam,9,"2023-08-14 09:45:44","2023-08-14 10:35:54",1
1321,683101,"Aluva Town Bus Stand",Aluva,Ernakulam,9,"2023-08-14 09:45:44","2023-08-14 10:35:54",1
1324,683101,Aluva-asokapuram,Aluva,Ernakulam,9,"2023-08-14 09:45:44","2023-08-14 10:35:54",1
1327,683101,"Aluva Bazar",Aluva,Ernakulam,9,"2023-08-14 09:45:44","2023-08-14 10:35:54",1
1330,683102,Desom,Aluva,Ernakulam,9,"2023-08-14 09:45:44","2023-08-14 10:35:54",1
1333,683102,"Union Christian College",Aluva,Ernakulam,9,"2023-08-14 09:45:44","2023-08-14 10:35:54",1
1336,683104,Rajagiri,Kanayannur,Ernakulam,9,"2023-08-14 09:45:44","2023-08-14 10:35:54",1
1339,683104,"Kalamassery Development Plot",Kanayannur,Ernakulam,9,"2023-08-14 09:45:44","2023-08-14 10:35:54",1
1342,683104,Kalamassery,Kanayannur,Ernakulam,9,"2023-08-14 09:45:44","2023-08-14 10:35:54",1
1345,683105,"South Vazhakulam",Kunnathunad,Ernakulam,9,"2023-08-14 09:45:44","2023-08-14 10:35:54",1
1348,683105,Thottumughom,Aluva,Ernakulam,9,"2023-08-14 09:45:44","2023-08-14 10:35:54",1
1351,683105,Marampally,Kunnathunad,Ernakulam,9,"2023-08-14 09:45:44","2023-08-14 10:35:54",1
1354,683106,Thaikkattukara,Aluva,Ernakulam,9,"2023-08-14 09:45:44","2023-08-14 10:35:54",1
1357,683108,Thottakkattukara,Aluva,Ernakulam,9,"2023-08-14 09:45:44","2023-08-14 10:35:54",1
1360,683108,Uliyannoor,Aluva,Ernakulam,9,"2023-08-14 09:45:44","2023-08-14 10:35:54",1
1363,683110,"West Kadungalloor",Paravur,Ernakulam,9,"2023-08-14 09:45:44","2023-08-14 10:35:54",1
1366,683110,Muppathadam,Paravur,Ernakulam,9,"2023-08-14 09:45:44","2023-08-14 10:35:54",1
1369,683111,"Kochi Airport",Aluva,Ernakulam,9,"2023-08-14 09:45:44","2023-08-14 10:35:54",1
1372,683112,Erumathala,Kunnathunad,Ernakulam,9,"2023-08-14 09:45:44","2023-08-14 10:35:54",1
1375,683501,Kuttikkattukara,Ernakulam,Ernakulam,9,"2023-08-14 09:45:44","2023-08-14 10:35:54",1
1378,683501,Udyogamandal,Parur,Ernakulam,9,"2023-08-14 09:45:44","2023-08-14 10:35:54",1
1381,683501,Manjummel,Parur,Ernakulam,9,"2023-08-14 09:45:44","2023-08-14 10:35:54",1
1384,683502,Binanipuram,Paravur,Ernakulam,9,"2023-08-14 09:45:44","2023-08-14 10:35:54",1
1387,683503,"Hmt Colony",Kanayannur,Ernakulam,9,"2023-08-14 09:45:44","2023-08-14 10:35:54",1
1390,683511,Panaikulam,Paravur,Ernakulam,9,"2023-08-14 09:45:44","2023-08-14 10:35:54",1
1393,683511,Neericode,Paravur,Ernakulam,9,"2023-08-14 09:45:45","2023-08-14 10:35:54",1
1396,683511,Alangad,Paravur,Ernakulam,9,"2023-08-14 09:45:45","2023-08-14 10:35:54",1
1399,683511,Karumalloor,Paravur,Ernakulam,9,"2023-08-14 09:45:45","2023-08-14 10:35:54",1
1402,683511,"West Veliyathunad",Paravur,Ernakulam,9,"2023-08-14 09:45:45","2023-08-14 10:35:54",1
1405,683512,Chendamangalam,Paravur,Ernakulam,9,"2023-08-14 09:45:45","2023-08-14 10:35:54",1
1408,683513,"Paravur Town",Paravur,Ernakulam,9,"2023-08-14 09:45:45","2023-08-14 10:35:54",1
1411,683513,Ezhikkara,Paravur,Ernakulam,9,"2023-08-14 09:45:46","2023-08-14 10:35:54",1
1414,683513,"Paravur Market",Paravur,Ernakulam,9,"2023-08-14 09:45:47","2023-08-14 10:35:54",1
1417,683513,"Paravur (Ernakulam)",Paravur,Ernakulam,9,"2023-08-14 09:45:48","2023-08-14 10:35:54",1
1420,683513,Nanthiattukunnam,Paravur,Ernakulam,9,"2023-08-14 09:45:50","2023-08-14 10:35:54",1
1423,683514,Cherai,Paravur,Ernakulam,9,"2023-08-14 09:45:50","2023-08-14 10:35:54",1
1426,683515,Palliport,Kochi,Ernakulam,9,"2023-08-14 09:45:50","2023-08-14 10:35:54",1
1429,683516,Maliankara,Paravur,Ernakulam,9,"2023-08-14 09:45:50","2023-08-14 10:35:54",1
1432,683516,Gothuruthy,Paravur,Ernakulam,9,"2023-08-14 09:45:50","2023-08-14 10:35:54",1
1435,683516,Moothakunnam,Paravur,Ernakulam,9,"2023-08-14 09:45:50","2023-08-14 10:35:54",1
1438,683517,Varapuzha,Paravur,Ernakulam,9,"2023-08-14 09:45:51","2023-08-14 10:35:54",1
1441,683517,"Varapuzha Landing",Paravur,Ernakulam,9,"2023-08-14 09:45:51","2023-08-14 10:35:54",1
1444,683518,Koonammavu,Paravur,Ernakulam,9,"2023-08-14 09:45:51","2023-08-14 10:35:54",1
1447,683518,Kongorpilly,Paravur,Ernakulam,9,"2023-08-14 09:45:51","2023-08-14 10:35:54",1
1450,683519,Kottuvally,Paravur,Ernakulam,9,"2023-08-14 09:45:51","2023-08-14 10:35:54",1
1453,683519,Kaitharam,Paravur,Ernakulam,9,"2023-08-14 09:45:51","2023-08-14 10:35:54",1
1456,683520,Thathappilly,Paravur,Ernakulam,9,"2023-08-14 09:45:51","2023-08-14 10:35:54",1
1459,683520,"Mannam Paravur",Paravur,Ernakulam,9,"2023-08-14 09:45:51","2023-08-14 10:35:54",1
1462,683521,Vadakkumpuram,Paravur,Ernakulam,9,"2023-08-14 09:45:51","2023-08-14 10:35:54",1
1465,683522,Kunjithai,Paravur,Ernakulam,9,"2023-08-14 09:45:51","2023-08-14 10:35:54",1
1468,683522,Vadakkekara,Paravur,Ernakulam,9,"2023-08-14 09:45:51","2023-08-14 10:35:54",1
1471,683541,Thrikkalathoor,Kunnathunad,Ernakulam,9,"2023-08-14 09:45:51","2023-08-14 10:35:54",1
1474,683541,Keezhillam,Kunnathunad,Ernakulam,9,"2023-08-14 09:45:51","2023-08-14 10:35:54",1
1477,683541,Airapuram,Kunnathunad,Ernakulam,9,"2023-08-14 09:45:51","2023-08-14 10:35:54",1
1480,683541,Pulluvazhi,Kunnathunad,Ernakulam,9,"2023-08-14 09:45:51","2023-08-14 10:35:54",1
1483,683542,"Perumbavoor South",Kunnathunad,Ernakulam,9,"2023-08-14 09:45:51","2023-08-14 10:35:54",1
1486,683542,Perumbavoor,Kunnathunad,Ernakulam,9,"2023-08-14 09:45:52","2023-08-14 10:35:54",1
1489,683543,Rayonpuram,Kunnathunad,Ernakulam,9,"2023-08-14 09:45:52","2023-08-14 10:35:54",1
1492,683544,Koovappady,Kunnathunad,Ernakulam,9,"2023-08-14 09:45:52","2023-08-14 10:35:54",1
1495,683544,Kodanad,Kunnathunad,Ernakulam,9,"2023-08-14 09:45:52","2023-08-14 10:35:54",1
1498,683544,Edavoor,Kunnathunad,Ernakulam,9,"2023-08-14 09:45:52","2023-08-14 10:35:54",1
1501,683544,Illambakapalli,Kunnathunad,Ernakulam,9,"2023-08-14 09:45:52","2023-08-14 10:35:54",1
1504,683544,Aimurikara,Kunnathunad,Ernakulam,9,"2023-08-14 09:45:52","2023-08-14 10:35:54",1
1507,683544,Alattuchira,Kunnathunad,Ernakulam,9,"2023-08-14 09:45:52","2023-08-14 10:35:54",1
1510,683544,Cheranalloor(PBR),Kunnathunad,Ernakulam,9,"2023-08-14 09:45:52","2023-08-14 10:35:54",1
1513,683545,Methala,Kunnathunad,Ernakulam,9,"2023-08-14 09:45:52","2023-08-14 10:35:54",1
1516,683545,Aruvappara,Kunnathunad,Ernakulam,9,"2023-08-14 09:45:52","2023-08-14 10:35:54",1
1519,683545,Thuruthy,Kunnathunad,Ernakulam,9,"2023-08-14 09:45:52","2023-08-14 10:35:54",1
1522,683545,Iringole,Kunnathunad,Ernakulam,9,"2023-08-14 09:45:52","2023-08-14 10:35:54",1
1525,683545,Rayamangalam,Kunnathunad,Ernakulam,9,"2023-08-14 09:45:52","2023-08-14 10:35:54",1
1528,683545,Nedungapra,Kunnathunad,Ernakulam,9,"2023-08-14 09:45:52","2023-08-14 10:35:54",1
1531,683545,Kuruppampady,Kunnathunad,Ernakulam,9,"2023-08-14 09:45:52","2023-08-14 10:35:54",1
1534,683546,Kombanad,Kunnathunad,Ernakulam,9,"2023-08-14 09:45:53","2023-08-14 10:35:54",1
1537,683546,Vengoor,Kunnathunad,Ernakulam,9,"2023-08-14 09:45:53","2023-08-14 10:35:54",1
1540,683546,Mudakuzha,Kunnathunad,Ernakulam,9,"2023-08-14 09:45:53","2023-08-14 10:35:54",1
1543,683546,Choondakuzhy,Kunnathunad,Ernakulam,9,"2023-08-14 09:45:54","2023-08-14 10:35:54",1
1546,683546,Paniely,Kunnathunad,Ernakulam,9,"2023-08-14 09:45:54","2023-08-14 10:35:54",1
1549,683547,Mudikkal,Kunnathunad,Ernakulam,9,"2023-08-14 09:45:54","2023-08-14 10:35:54",1
1552,683547,Ponjassery,Kunnathunad,Ernakulam,9,"2023-08-14 09:45:54","2023-08-14 10:35:54",1
1555,683549,Vaikkara,Kunnathunad,Ernakulam,9,"2023-08-14 09:45:55","2023-08-14 10:35:54",1
1558,683549,Asamannoor,Kunnathunad,Ernakulam,9,"2023-08-14 09:45:55","2023-08-14 10:35:54",1
1561,683550,Okkal,Kunnathunad,Ernakulam,9,"2023-08-14 09:45:55","2023-08-14 10:35:54",1
1564,683556,Vengola,Kunnathunad,Ernakulam,9,"2023-08-14 09:45:56","2023-08-14 10:35:54",1
1567,683556,Allapra,Kunnathunad,Ernakulam,9,"2023-08-14 09:45:56","2023-08-14 10:35:54",1
1570,683556,Valayanchirangara,Kunnathunad,Ernakulam,9,"2023-08-14 09:45:57","2023-08-14 10:35:54",1
1573,683556,"Vengola West",Kunnathunad,Ernakulam,9,"2023-08-14 09:45:58","2023-08-14 10:35:54",1
1576,683561,"Edathala North",Aluva,Ernakulam,9,"2023-08-14 09:45:58","2023-08-14 10:35:54",1
1579,683561,Malayidumthuruth,Kunnathunad,Ernakulam,9,"2023-08-14 09:45:58","2023-08-14 10:35:54",1
1582,683561,Edathala,Aluva,Ernakulam,9,"2023-08-14 09:45:58","2023-08-14 10:35:54",1
1585,683561,Vilangu,Kunnathunad,Ernakulam,9,"2023-08-14 09:45:58","2023-08-14 10:35:54",1
1588,683562,Pattimattam,Aluva,Ernakulam,9,"2023-08-14 09:45:58","2023-08-14 10:35:54",1
1591,683562,Kizhakkambalam,Aluva,Ernakulam,9,"2023-08-14 09:45:58","2023-08-14 10:35:54",1
1594,683563,"Naval Armament Depot - Aluva",Aluva,Ernakulam,9,"2023-08-14 09:45:58","2023-08-14 10:35:54",1
1597,683565,Pazhamthottam,Kunnathunad,Ernakulam,9,"2023-08-14 09:45:58","2023-08-14 10:35:54",1
1600,683565,"Kumarapuram (Ernakulam)",Kunnathunad,Ernakulam,9,"2023-08-14 09:45:58","2023-08-14 10:35:54",1
1603,683565,Vempilly,Kunnathunad,Ernakulam,9,"2023-08-14 09:45:58","2023-08-14 10:35:54",1
1606,683565,Peringala,Kunnathunad,Ernakulam,9,"2023-08-14 09:45:58","2023-08-14 10:35:54",1
1609,683571,Chowara,Aluva,Ernakulam,9,"2023-08-14 09:45:58","2023-08-14 10:35:54",1
1612,683572,Vappalassery,Aluva,Ernakulam,9,"2023-08-14 09:45:58","2023-08-14 10:35:54",1
1615,683572,Thuravoor,Aluva,Ernakulam,9,"2023-08-14 09:46:01","2023-08-14 10:35:54",1
1618,683572,Angamally,Paravur,Ernakulam,9,"2023-08-14 09:46:03","2023-08-14 10:35:54",1
1621,683572,Nayathode,Aluva,Ernakulam,9,"2023-08-14 09:46:03","2023-08-14 10:35:54",1
1624,683572,Puliyanam,Aluva,Ernakulam,9,"2023-08-14 09:46:03","2023-08-14 10:35:54",1
1627,683572,Elavoor,Aluva,Ernakulam,9,"2023-08-14 09:46:03","2023-08-14 10:35:54",1
1630,683572,Kidangoor,Aluva,Ernakulam,9,"2023-08-14 09:46:03","2023-08-14 10:35:54",1
1633,683573,"Angamally South",Aluva,Ernakulam,9,"2023-08-14 09:46:03","2023-08-14 10:35:54",1
1636,683574,Manickamangalam,Aluva,Ernakulam,9,"2023-08-14 09:46:03","2023-08-14 10:35:54",1
1639,683574,Naduvattam,Aluva,Ernakulam,9,"2023-08-14 09:46:03","2023-08-14 10:35:54",1
1642,683574,Kalady,Aluva,Ernakulam,9,"2023-08-14 09:46:03","2023-08-14 10:35:54",1
1645,683574,Piraroor,Aluva,Ernakulam,9,"2023-08-14 09:46:03","2023-08-14 10:35:54",1
1648,683574,Mattoor,Aluva,Ernakulam,9,"2023-08-14 09:46:03","2023-08-14 10:35:54",1
1651,683574,Neeleeswaram,Aluva,Ernakulam,9,"2023-08-14 09:46:03","2023-08-14 10:35:54",1
1654,683574,Yordhanapuram,Aluva,Ernakulam,9,"2023-08-14 09:46:03","2023-08-14 10:35:54",1
1657,683575,Thuravumkara,Aluva,Ernakulam,9,"2023-08-14 09:46:03","2023-08-14 10:35:54",1
1660,683575,Kanjoor,Aluva,Ernakulam,9,"2023-08-14 09:46:03","2023-08-14 10:35:54",1
1663,683575,Parappuram,Aluva,Ernakulam,9,"2023-08-14 09:46:03","2023-08-14 10:35:54",1
1666,683576,Paduvapuram,Aluva,Ernakulam,9,"2023-08-14 09:46:03","2023-08-14 10:35:54",1
1669,683576,Karukutty,Aluva,Ernakulam,9,"2023-08-14 09:46:03","2023-08-14 10:35:54",1
1672,683577,Azhakam,Aluva,Ernakulam,9,"2023-08-14 09:46:03","2023-08-14 10:35:54",1
1675,683577,Thabore,Aluva,Ernakulam,9,"2023-08-14 09:46:03","2023-08-14 10:35:54",1
1678,683577,Ezhattumugham,Aluva,Ernakulam,9,"2023-08-14 09:46:03","2023-08-14 10:35:54",1
1681,683577,Mookkannur,Aluva,Ernakulam,9,"2023-08-14 09:46:03","2023-08-14 10:35:54",1
1684,683578,Kunnukara,Paravur,Ernakulam,9,"2023-08-14 09:46:03","2023-08-14 10:35:54",1
1687,683578,S.Aduvassery,Paravur,Ernakulam,9,"2023-08-14 09:46:03","2023-08-14 10:35:54",1
1690,683578,Chengamanad,Paravur,Ernakulam,9,"2023-08-14 09:46:03","2023-08-14 10:35:54",1
1693,683579,Vattaparambu,Aluva,Ernakulam,9,"2023-08-14 09:46:03","2023-08-14 10:35:54",1
1696,683579,Parakkadavu,Aluva,Ernakulam,9,"2023-08-14 09:46:03","2023-08-14 10:35:54",1
1699,683579,Airoor,Paravur,Ernakulam,9,"2023-08-14 09:46:03","2023-08-14 10:35:54",1
1702,683579,Kurumassery,Aluva,Ernakulam,9,"2023-08-14 09:46:03","2023-08-14 10:35:54",1
1705,683580,"Vellarappilly South",Aluva,Ernakulam,9,"2023-08-14 09:46:03","2023-08-14 10:35:54",1
1708,683580,Sreemoolanagaram,Aluva,Ernakulam,9,"2023-08-14 09:46:03","2023-08-14 10:35:54",1
1711,683581,Manjapra,Aluva,Ernakulam,9,"2023-08-14 09:46:03","2023-08-14 10:35:54",1
1714,683581,"Kalady Plantation",Aluva,Ernakulam,9,"2023-08-14 09:46:03","2023-08-14 10:35:54",1
1717,683581,Chully,Aluva,Ernakulam,9,"2023-08-14 09:46:03","2023-08-14 10:35:54",1
1720,683581,Anappara-kalady,Aluva,Ernakulam,9,"2023-08-14 09:46:03","2023-08-14 10:35:54",1
1723,683581,Ayyampuzha,Aluva,Ernakulam,9,"2023-08-14 09:46:03","2023-08-14 10:35:54",1
1726,683585,"Athani (Ernakulam)",Aluva,Ernakulam,9,"2023-08-14 09:46:04","2023-08-14 10:35:54",1
1729,683585,Nedumbassery,Aluva,Ernakulam,9,"2023-08-14 09:46:04","2023-08-14 10:35:54",1
1732,683587,Malayattoor,Aluva,Ernakulam,9,"2023-08-14 09:46:04","2023-08-14 10:35:54",1
1735,683589,Mekkad,Aluva,Ernakulam,9,"2023-08-14 09:46:04","2023-08-14 10:35:54",1
1738,683594,Kuthiathode(EKM),Paravur,Ernakulam,9,"2023-08-14 09:46:04","2023-08-14 10:35:54",1
1741,683594,Elanthikara,Paravur,Ernakulam,9,"2023-08-14 09:46:04","2023-08-14 10:35:54",1
1744,683594,Puthenvelikkara,Paravur,Ernakulam,9,"2023-08-14 09:46:04","2023-08-14 10:35:54",1
1747,686661,Muvattupuzha,Muvattupuzha,Ernakulam,9,"2023-08-14 09:46:04","2023-08-14 10:35:54",1
1750,686662,Edayar,Muvattupuzha,Ernakulam,9,"2023-08-14 09:46:04","2023-08-14 10:35:54",1
1753,686662,Kizhakompu,Muvattupuzha,Ernakulam,9,"2023-08-14 09:46:04","2023-08-14 10:35:54",1
1756,686662,Oliyapuram,Muvattupuzha,Ernakulam,9,"2023-08-14 09:46:04","2023-08-14 10:35:54",1
1759,686662,Karimpana,Muvattupuzha,Ernakulam,9,"2023-08-14 09:46:04","2023-08-14 10:35:54",1
1762,686662,Thirumarady,Muvattupuzha,Ernakulam,9,"2023-08-14 09:46:04","2023-08-14 10:35:54",1
1765,686662,Palakuzha,Muvattupuzha,Ernakulam,9,"2023-08-14 09:46:04","2023-08-14 10:35:54",1
1768,686662,Marika,Muvattupuzha,Ernakulam,9,"2023-08-14 09:46:04","2023-08-14 10:35:54",1
1771,686662,Koothattukulam,Muvattupuzha,Ernakulam,9,"2023-08-14 09:46:04","2023-08-14 10:35:54",1
1774,686662,Kakkoor,Muvattupuzha,Ernakulam,9,"2023-08-14 09:46:04","2023-08-14 10:35:54",1
1777,686662,Karamala,Muvattupuzha,Ernakulam,9,"2023-08-14 09:46:04","2023-08-14 10:35:54",1
1780,686663,Kizhmuri,Muvattupuzha,Ernakulam,9,"2023-08-14 09:46:04","2023-08-14 10:35:54",1
1783,686663,Ramamangalam,Muvattupuzha,Ernakulam,9,"2023-08-14 09:46:04","2023-08-14 10:35:54",1
1786,686663,Mamalassery,Muvattupuzha,Ernakulam,9,"2023-08-14 09:46:04","2023-08-14 10:35:54",1
1789,686663,Ooramana,Muvattupuzha,Ernakulam,9,"2023-08-14 09:46:04","2023-08-14 10:35:54",1
1792,686664,Piravom,Muvattupuzha,Ernakulam,9,"2023-08-14 09:46:06","2023-08-14 10:35:54",1
1795,686664,Kakkad,Muvattupuzha,Ernakulam,9,"2023-08-14 09:46:06","2023-08-14 10:35:54",1
1798,686664,Mulakulam,Muvattupuzha,Ernakulam,9,"2023-08-14 09:46:06","2023-08-14 10:35:54",1
1801,686664,Pazhoor,Muvattupuzha,Ernakulam,9,"2023-08-14 09:46:06","2023-08-14 10:35:54",1
1804,686664,Nechoor,Muvattupuzha,Ernakulam,9,"2023-08-14 09:46:06","2023-08-14 10:35:54",1
1807,686664,Kalampoor,Muvattupuzha,Ernakulam,9,"2023-08-14 09:46:06","2023-08-14 10:35:54",1
1810,686664,Manidu,Muvattupuzha,Ernakulam,9,"2023-08-14 09:46:06","2023-08-14 10:35:54",1
1813,686665,Perumbadavam,Muvattupuzha,Ernakulam,9,"2023-08-14 09:46:06","2023-08-14 10:35:54",1
1816,686665,Mutholapuram,Muvattupuzha,Ernakulam,9,"2023-08-14 09:46:06","2023-08-14 10:35:54",1
1819,686665,Elanji,Muvattupuzha,Ernakulam,9,"2023-08-14 09:46:06","2023-08-14 10:35:54",1
1822,686666,"Kothamangalam College",Kothamangalam,Ernakulam,9,"2023-08-14 09:46:06","2023-08-14 10:35:54",1
1825,686667,Anchelpetty,Muvattupuzha,Ernakulam,9,"2023-08-14 09:46:06","2023-08-14 10:35:54",1
1828,686667,Pampakuda,Muvattupuzha,Ernakulam,9,"2023-08-14 09:46:06","2023-08-14 10:35:54",1
1831,686667,Periapuram,Muvattupuzha,Ernakulam,9,"2023-08-14 09:46:06","2023-08-14 10:35:54",1
1834,686667,Onakkoor,Muvattupuzha,Ernakulam,9,"2023-08-14 09:46:06","2023-08-14 10:35:54",1
1837,686667,"North Piramadom",Muvattupuzha,Ernakulam,9,"2023-08-14 09:46:06","2023-08-14 10:35:54",1
1840,686667,Mannathur,Muvattupuzha,Ernakulam,9,"2023-08-14 09:46:06","2023-08-14 10:35:54",1
1843,686668,Thazhvankunnam,Muvattupuzha,Ernakulam,9,"2023-08-14 09:46:06","2023-08-14 10:35:54",1
1846,686668,Kalloorkkad,Muvattupuzha,Ernakulam,9,"2023-08-14 09:46:06","2023-08-14 10:35:54",1
1849,686668,Nagapuzha,Muvattupuzha,Ernakulam,9,"2023-08-14 09:46:06","2023-08-14 10:35:54",1
1852,686668,Kaloor,Muvattupuzha,Ernakulam,9,"2023-08-14 09:46:06","2023-08-14 10:35:54",1
1855,686668,Ayavana,Muvattupuzha,Ernakulam,9,"2023-08-14 09:46:06","2023-08-14 10:35:54",1
1858,686668,Kavakkad,Muvattupuzha,Ernakulam,9,"2023-08-14 09:46:06","2023-08-14 10:35:54",1
1861,686669,Mudavoor,Muvattupuzha,Ernakulam,9,"2023-08-14 09:46:06","2023-08-14 10:35:54",1
1864,686669,"Mazhuvannoor South",Kunnathunad,Ernakulam,9,"2023-08-14 09:46:06","2023-08-14 10:35:54",1
1867,686669,Nellad,Kunnathunad,Ernakulam,9,"2023-08-14 09:46:06","2023-08-14 10:35:54",1
1870,686669,Mazhuvannoor,Kunnathunad,Ernakulam,9,"2023-08-14 09:46:06","2023-08-14 10:35:54",1
1873,686670,Mullapuzhachal,Muvattupuzha,Ernakulam,9,"2023-08-14 09:46:06","2023-08-14 10:35:54",1
1876,686670,Vazhakulam,Muvattupuzha,Ernakulam,9,"2023-08-14 09:46:06","2023-08-14 10:35:54",1
1879,686670,Avoly,Muvattupuzha,Ernakulam,9,"2023-08-14 09:46:06","2023-08-14 10:35:54",1
1882,686670,Vadakode-vazhakulam,Muvattupuzha,Ernakulam,9,"2023-08-14 09:46:06","2023-08-14 10:35:54",1
1885,686670,Kadalikkad,Muvattupuzha,Ernakulam,9,"2023-08-14 09:46:06","2023-08-14 10:35:54",1
1888,686670,Madakkathanam,Muvattupuzha,Ernakulam,9,"2023-08-14 09:46:06","2023-08-14 10:35:54",1
1891,686671,Chathamattam,Kothamangalam,Ernakulam,9,"2023-08-14 09:46:06","2023-08-14 10:35:54",1
1894,686671,Paingattoor,Kothamangalam,Ernakulam,9,"2023-08-14 09:46:07","2023-08-14 10:35:54",1
1897,686671,Kadavoor,Kothamangalam,Ernakulam,9,"2023-08-14 09:46:07","2023-08-14 10:35:54",1
1900,686671,Pallarimangalam,Kothamangalam,Ernakulam,9,"2023-08-14 09:46:07","2023-08-14 10:35:54",1
1903,686671,Pothanicaud,Kothamangalam,Ernakulam,9,"2023-08-14 09:46:07","2023-08-14 10:35:54",1
1906,686671,Pulinthanam,Kothamangalam,Ernakulam,9,"2023-08-14 09:46:07","2023-08-14 10:35:54",1
1909,686671,Koovalloor,Kothamangalam,Ernakulam,9,"2023-08-14 09:46:07","2023-08-14 10:35:54",1
1912,686672,Arakuzha,Muvattupuzha,Ernakulam,9,"2023-08-14 09:46:07","2023-08-14 10:35:54",1
1915,686672,Memadangu,Muvattupuzha,Ernakulam,9,"2023-08-14 09:46:07","2023-08-14 10:35:54",1
1918,686672,Meenkunnam,Muvattupuzha,Ernakulam,9,"2023-08-14 09:46:07","2023-08-14 10:35:54",1
1921,686672,Pandappily,Muvattupuzha,Ernakulam,9,"2023-08-14 09:46:07","2023-08-14 10:35:54",1
1924,686673,"Marady East",Muvattupuzha,Ernakulam,9,"2023-08-14 09:46:07","2023-08-14 10:35:54",1
1927,686673,Nirmala,Muvattupuzha,Ernakulam,9,"2023-08-14 09:46:07","2023-08-14 10:35:54",1
1930,686673,"Muvattupuzha Bazar",Muvattupuzha,Ernakulam,9,"2023-08-14 09:46:07","2023-08-14 10:35:54",1
1933,686673,Perumballoor,Muvattupuzha,Ernakulam,9,"2023-08-14 09:46:07","2023-08-14 10:35:54",1
1936,686673,"Muvattupuzha Market",Muvattupuzha,Ernakulam,9,"2023-08-14 09:46:07","2023-08-14 10:35:54",1
1939,686673,Randar,Muvattupuzha,Ernakulam,9,"2023-08-14 09:46:07","2023-08-14 10:35:54",1
1942,686673,Mulavoor,Muvattupuzha,Ernakulam,9,"2023-08-14 09:46:07","2023-08-14 10:35:54",1
1945,686673,Enanalloor,Muvattupuzha,Ernakulam,9,"2023-08-14 09:46:07","2023-08-14 10:35:54",1
1948,686673,Manary,Muvattupuzha,Ernakulam,9,"2023-08-14 09:46:07","2023-08-14 10:35:54",1
1951,686673,Thekkenmarady,Muvattupuzha,Ernakulam,9,"2023-08-14 09:46:07","2023-08-14 10:35:54",1
1954,686673,"Vazhappilly East",Muvattupuzha,Ernakulam,9,"2023-08-14 09:46:07","2023-08-14 10:35:54",1
1957,686673,Pezhakkappilly,Muvattupuzha,Ernakulam,9,"2023-08-14 09:46:07","2023-08-14 10:35:54",1
1960,686673,Puthupadi,Muvattupuzha,Ernakulam,9,"2023-08-14 09:46:07","2023-08-14 10:35:54",1
1963,686681,Thattekkad,Kothamangalam,Ernakulam,9,"2023-08-14 09:46:07","2023-08-14 10:35:54",1
1966,686681,Kuttampuzha,Kothamangalam,Ernakulam,9,"2023-08-14 09:46:08","2023-08-14 10:35:54",1
1969,686681,Vadattupara,Kothamangalam,Ernakulam,9,"2023-08-14 09:46:08","2023-08-14 10:35:54",1
1972,686681,Idamalayar,Kothamangalam,Ernakulam,9,"2023-08-14 09:46:08","2023-08-14 10:35:54",1
1975,686681,Urulanthanni,Kothamangalam,Ernakulam,9,"2023-08-14 09:46:08","2023-08-14 10:35:54",1
1978,686681,Inchathotty,Kothamangalam,Ernakulam,9,"2023-08-14 09:46:08","2023-08-14 10:35:54",1
1981,686681,Pooyamkutty,Kothamangalam,Ernakulam,9,"2023-08-14 09:46:08","2023-08-14 10:35:54",1
1984,686681,Keerampara,Kothamangalam,Ernakulam,9,"2023-08-14 09:46:08","2023-08-14 10:35:54",1
1987,686681,Vettampara,Kothamangalam,Ernakulam,9,"2023-08-14 09:46:09","2023-08-14 10:35:54",1
1990,686681,Koovappara,Kothamangalam,Ernakulam,9,"2023-08-14 09:46:09","2023-08-14 10:35:54",1
1993,686681,Njayapalli,Kothamangalam,Ernakulam,9,"2023-08-14 09:46:09","2023-08-14 10:35:54",1
1996,686681,Mamalakandom,Kothamangalam,Ernakulam,9,"2023-08-14 09:46:09","2023-08-14 10:35:54",1
1999,686681,Malipara,Kothamangalam,Ernakulam,9,"2023-08-14 09:46:10","2023-08-14 10:35:54",1
2002,686681,Bhoothathankettu,Kothamangalam,Ernakulam,9,"2023-08-14 09:46:10","2023-08-14 10:35:54",1
2005,686681,"Chelad Junction",Kothamangalam,Ernakulam,9,"2023-08-14 09:46:10","2023-08-14 10:35:54",1
2008,686691,Cheruvattoor,Kothamangalam,Ernakulam,9,"2023-08-14 09:46:10","2023-08-14 10:35:54",1
2011,686691,Nellikuzhy,Kothamangalam,Ernakulam,9,"2023-08-14 09:46:10","2023-08-14 10:35:54",1
2014,686691,Varapetty,Kothamangalam,Ernakulam,9,"2023-08-14 09:46:10","2023-08-14 10:35:54",1
2017,686691,Kuthukuzhy,Kothamangalam,Ernakulam,9,"2023-08-14 09:46:11","2023-08-14 10:35:54",1
2020,686691,Iramalloor,Kothamangalam,Ernakulam,9,"2023-08-14 09:46:11","2023-08-14 10:35:54",1
2023,686691,Nadukani,Kothamangalam,Ernakulam,9,"2023-08-14 09:46:11","2023-08-14 10:35:54",1
2026,686691,Kozhipilly,Kothamangalam,Ernakulam,9,"2023-08-14 09:46:11","2023-08-14 10:35:54",1
2029,686691,"Kothamangalam (Ernakulam)",Kothamangalam,Ernakulam,9,"2023-08-14 09:46:11","2023-08-14 10:35:54",1
2032,686691,Karukadom,Kothamangalam,Ernakulam,9,"2023-08-14 09:46:11","2023-08-14 10:35:54",1
2035,686691,"Kothamangalam Bazar",Kothamangalam,Ernakulam,9,"2023-08-14 09:46:11","2023-08-14 10:35:54",1
2038,686692,Kottappady,Kothamangalam,Ernakulam,9,"2023-08-14 09:46:11","2023-08-14 10:35:54",1
2041,686692,Plamudi,Kothamangalam,Ernakulam,9,"2023-08-14 09:46:11","2023-08-14 10:35:54",1
2044,686692,Airoopadam,Kothamangalam,Ernakulam,9,"2023-08-14 09:46:11","2023-08-14 10:35:54",1
2047,686692,Panipra,Kothamangalam,Ernakulam,9,"2023-08-14 09:46:12","2023-08-14 10:35:54",1
2050,686692,Pindimana,Kothamangalam,Ernakulam,9,"2023-08-14 09:46:12","2023-08-14 10:35:54",1
2053,686692,Thrikkariyoor,Kothamangalam,Ernakulam,9,"2023-08-14 09:46:12","2023-08-14 10:35:54",1
2056,686693,Neriamangalam,Kothamangalam,Ernakulam,9,"2023-08-14 09:46:12","2023-08-14 10:35:54",1
2059,686693,Perumannoor(KGM),Kothamangalam,Ernakulam,9,"2023-08-14 09:46:12","2023-08-14 10:35:54",1
2062,686693,Oonnukal,Kothamangalam,Ernakulam,9,"2023-08-14 09:46:12","2023-08-14 10:35:54",1
2065,686693,Manikinar,Kothamangalam,Ernakulam,9,"2023-08-14 09:46:12","2023-08-14 10:35:54",1
2068,686693,Neendapara,Kothamangalam,Ernakulam,9,"2023-08-14 09:46:12","2023-08-14 10:35:54",1
2071,686693,Thalakode,Kothamangalam,Ernakulam,9,"2023-08-14 09:46:12","2023-08-14 10:35:54",1
2074,686693,Nellimattam,Kothamangalam,Ernakulam,9,"2023-08-14 09:46:13","2023-08-14 10:35:54",1
2077,686693,Pareekanni,Kothamangalam,Ernakulam,9,"2023-08-14 09:46:13","2023-08-14 10:35:54",1
2080,685501,Cheenthalar,Peerumade,Idukki,1,"2023-08-14 09:46:13","2023-08-14 10:35:54",1
2083,685501,Haileyburia,Peerumade,Idukki,1,"2023-08-14 09:46:14","2023-08-14 10:35:54",1
2086,685501,Chinnar,Peerumade,Idukki,1,"2023-08-14 09:46:14","2023-08-14 10:35:54",1
2089,685501,Kochukarimtharuvi,Peerumade,Idukki,1,"2023-08-14 09:46:15","2023-08-14 10:35:54",1
2092,685501,Elappara,Peermade,Idukki,1,"2023-08-14 09:46:15","2023-08-14 10:35:54",1
2095,685501,Pasupara,Peerumade,Idukki,1,"2023-08-14 09:46:15","2023-08-14 10:35:54",1
2098,685501,"Fair Field",Peerumade,Idukki,1,"2023-08-14 09:46:15","2023-08-14 10:35:54",1
2101,685501,Kolahalamedu,Peerumade,Idukki,1,"2023-08-14 09:46:15","2023-08-14 10:35:54",1
2104,685503,Kottamala,Peerumade,Idukki,1,"2023-08-14 09:46:16","2023-08-14 10:35:54",1
2107,685503,Vagamon,Peermade,Idukki,1,"2023-08-14 09:46:16","2023-08-14 10:35:54",1
2110,685503,Pullikkanam,Peerumade,Idukki,1,"2023-08-14 09:46:16","2023-08-14 10:35:54",1
2113,685505,"Karimkulam Chappath",Udumbanchola,Idukki,1,"2023-08-14 09:46:16","2023-08-14 10:35:54",1
2116,685505,Lonetree,Peerumade,Idukki,1,"2023-08-14 09:46:17","2023-08-14 10:35:54",1
2119,685505,Mathaipara,Peerumade,Idukki,1,"2023-08-14 09:46:17","2023-08-14 10:35:54",1
2122,685505,Mattuthavalam,Peerumade,Idukki,1,"2023-08-14 09:46:18","2023-08-14 10:35:54",1
2125,685505,Upputhara,Peermade,Idukki,1,"2023-08-14 09:46:18","2023-08-14 10:35:54",1
2128,685507,Kalthotty,Udumbanchola,Idukki,1,"2023-08-14 09:46:18","2023-08-14 10:35:54",1
2131,685507,Ayyappancoil,Udumbanchola,Idukki,1,"2023-08-14 09:46:19","2023-08-14 10:35:54",1
2134,685508,Kattappana,Udumbanchola,Idukki,1,"2023-08-14 09:46:19","2023-08-14 10:35:54",1
2137,685509,Kumily,Peermade,Idukki,1,"2023-08-14 09:46:20","2023-08-14 10:35:54",1
2140,685509,Thekkady,Peerumade,Idukki,1,"2023-08-14 09:46:20","2023-08-14 10:35:54",1
2143,685509,Amaravathy,Peerumade,Idukki,1,"2023-08-14 09:46:20","2023-08-14 10:35:54",1
2146,685509,Chakkupallam,Udumbanchola,Idukki,1,"2023-08-14 09:46:20","2023-08-14 10:35:54",1
2149,685509,"Periyar Lake",Peerumade,Idukki,1,"2023-08-14 09:46:20","2023-08-14 10:35:54",1
2152,685509,Springvalley,Peermade,Idukki,1,"2023-08-14 09:46:20","2023-08-14 10:35:54",1
2155,685509,Attapallam,Peerumade,Idukki,1,"2023-08-14 09:46:20","2023-08-14 10:35:54",1
2158,685511,Thoppipala,Udumbanchola,Idukki,1,"2023-08-14 09:46:20","2023-08-14 10:35:54",1
2161,685511,Thovarayar,Udumbanchola,Idukki,1,"2023-08-14 09:46:20","2023-08-14 10:35:54",1
2164,685511,Nariampara,Udumbanchola,Idukki,1,"2023-08-14 09:46:20","2023-08-14 10:35:54",1
2167,685511,Kozhimala,Udumbanchola,Idukki,1,"2023-08-14 09:46:21","2023-08-14 10:35:54",1
2170,685511,Kanchiyar,Udumbanchola,Idukki,1,"2023-08-14 09:46:21","2023-08-14 10:35:54",1
2173,685512,"Anakkara (Idukki)",Udumbanchola,Idukki,1,"2023-08-14 09:46:22","2023-08-14 10:35:54",1
2176,685512,Chellarcoil,Udumbanchola,Idukki,1,"2023-08-14 09:46:23","2023-08-14 10:35:54",1
2179,685514,Uppukandam,Udumbanchola,Idukki,1,"2023-08-14 09:46:24","2023-08-14 10:35:54",1
2182,685514,Valiyathovala,Udumbanchola,Idukki,1,"2023-08-14 09:46:26","2023-08-14 10:35:54",1
2185,685514,Santhigram,Udumbanchola,Idukki,1,"2023-08-14 09:46:26","2023-08-14 10:35:54",1
2188,685514,"Erattayar North",Udumbanchola,Idukki,1,"2023-08-14 09:46:26","2023-08-14 10:35:54",1
2191,685514,Chempakapara,Udumbanchola,Idukki,1,"2023-08-14 09:46:26","2023-08-14 10:35:54",1
2194,685514,Kochuthovala,Udumbanchola,Idukki,1,"2023-08-14 09:46:26","2023-08-14 10:35:54",1
2197,685514,Ettithope,Udumbanchola,Idukki,1,"2023-08-14 09:46:26","2023-08-14 10:35:54",1
2200,685514,Melekuppachampady,Udumbanchola,Idukki,1,"2023-08-14 09:46:27","2023-08-14 10:35:54",1
2203,685514,Erattayar,Udumbanchola,Idukki,1,"2023-08-14 09:46:27","2023-08-14 10:35:54",1
2206,685514,Idinjamala,Udumbanchola,Idukki,1,"2023-08-14 09:46:27","2023-08-14 10:35:54",1
2209,685514,Bethel,Udumbanchola,Idukki,1,"2023-08-14 09:46:28","2023-08-14 10:35:54",1
2212,685515,"Calvari Mount",Udumbanchola,Idukki,1,"2023-08-14 09:46:28","2023-08-14 10:35:54",1
2215,685515,Nellipara,Udumbanchola,Idukki,1,"2023-08-14 09:46:28","2023-08-14 10:35:54",1
2218,685515,Anniyartholu,Udumbanchola,Idukki,1,"2023-08-14 09:46:29","2023-08-14 10:35:54",1
2221,685515,Vellayamkudy,Udumbanchola,Idukki,1,"2023-08-14 09:46:29","2023-08-14 10:35:54",1
2224,685515,Vazhavara,Udumbanchola,Idukki,1,"2023-08-14 09:46:29","2023-08-14 10:35:54",1
2227,685515,Kadamakuzhy,Udumbanchola,Idukki,1,"2023-08-14 09:46:29","2023-08-14 10:35:54",1
2230,685515,Mulakaramedu,Udumbanchola,Idukki,1,"2023-08-14 09:46:29","2023-08-14 10:35:54",1
2233,685515,Puliyanmala,Udumbanchola,Idukki,1,"2023-08-14 09:46:29","2023-08-14 10:35:54",1
2236,685515,Kamakshy,Udumbanchola,Idukki,1,"2023-08-14 09:46:29","2023-08-14 10:35:54",1
2239,685515,"Kattappana South",Udumbanchola,Idukki,1,"2023-08-14 09:46:29","2023-08-14 10:35:54",1
2242,685531,Pambanar,Peerumade,Idukki,1,"2023-08-14 09:46:29","2023-08-14 10:35:54",1
2245,685531,Pallikunnu,Peerumade,Idukki,1,"2023-08-14 09:46:29","2023-08-14 10:35:54",1
2248,685531,Peermade,Peermade,Idukki,1,"2023-08-14 09:46:29","2023-08-14 10:35:54",1
2251,685531,Glenmary,Peerumade,Idukki,1,"2023-08-14 09:46:29","2023-08-14 10:35:54",1
2254,685531,"Lakshmi Coil",Peerumade,Idukki,1,"2023-08-14 09:46:29","2023-08-14 10:35:54",1
2257,685531,Karadikuzhy,Peerumade,Idukki,1,"2023-08-14 09:46:29","2023-08-14 10:35:54",1
2260,685531,Kuttikanam,Peerumade,Idukki,1,"2023-08-14 09:46:29","2023-08-14 10:35:54",1
2263,685532,Murinjapuzha,Peerumade,Idukki,1,"2023-08-14 09:46:29","2023-08-14 10:35:54",1
2266,685532,Paloorkavu,Peerumade,Idukki,1,"2023-08-14 09:46:29","2023-08-14 10:35:54",1
2269,685532,Kanayankavayal,Peerumade,Idukki,1,"2023-08-14 09:46:29","2023-08-14 10:35:54",1
2272,685532,"Paloorkavu Central",Peerumade,Idukki,1,"2023-08-14 09:46:29","2023-08-14 10:35:54",1
2275,685532,Peruvanthanam,Peermade,Idukki,1,"2023-08-14 09:46:29","2023-08-14 10:35:54",1
2278,685532,Meloram,Peermade,Idukki,1,"2023-08-14 09:46:29","2023-08-14 10:35:54",1
2281,685533,Pachakanam,Peerumade,Idukki,1,"2023-08-14 09:46:29","2023-08-14 10:35:54",1
2284,685533,"Vallakadavu Periyar",Peerumade,Idukki,1,"2023-08-14 09:46:29","2023-08-14 10:35:54",1
2287,685533,Chenkara,Peerumade,Idukki,1,"2023-08-14 09:46:29","2023-08-14 10:35:54",1
2290,685533,Wallardie,Peerumade,Idukki,1,"2023-08-14 09:46:29","2023-08-14 10:35:54",1
2293,685533,Vandiperiyar,Peermade,Idukki,1,"2023-08-14 09:46:29","2023-08-14 10:35:54",1
2296,685533,Thengakal,Peerumade,Idukki,1,"2023-08-14 09:46:29","2023-08-14 10:35:54",1
2299,685533,"Chottupara Periyar",Peerumade,Idukki,1,"2023-08-14 09:46:29","2023-08-14 10:35:54",1
2302,685533,"Pampa Dam",Peerumade,Idukki,1,"2023-08-14 09:46:29","2023-08-14 10:35:54",1
2305,685533,Gramby,Peerumade,Idukki,1,"2023-08-14 09:46:29","2023-08-14 10:35:54",1
2308,685533,Dymock,Peerumade,Idukki,1,"2023-08-14 09:46:29","2023-08-14 10:35:54",1
2311,685533,Arnakal,Peerumade,Idukki,1,"2023-08-14 09:46:29","2023-08-14 10:35:54",1
2314,685533,Keerikara,Peerumade,Idukki,1,"2023-08-14 09:46:29","2023-08-14 10:35:54",1
2317,685533,Moongalar,Peerumade,Idukki,1,"2023-08-14 09:46:29","2023-08-14 10:35:54",1
2320,685533,Mount,Peerumade,Idukki,1,"2023-08-14 09:46:29","2023-08-14 10:35:54",1
2323,685535,Anavilasam,Udumbanchola,Idukki,1,"2023-08-14 09:46:29","2023-08-14 10:35:54",1
2326,685535,Murukady,Peerumade,Idukki,1,"2023-08-14 09:46:29","2023-08-14 10:35:54",1
2329,685535,Sasthanoda,Udumbanchola,Idukki,1,"2023-08-14 09:46:29","2023-08-14 10:35:54",1
2332,685535,Vellaramkunnu,Udumbanchola,Idukki,1,"2023-08-14 09:46:29","2023-08-14 10:35:54",1
2335,685551,Cumbumbettu,Udumbanchola,Idukki,1,"2023-08-14 09:46:29","2023-08-14 10:35:54",1
2338,685551,Vandanmettu,Udumbanchola,Idukki,1,"2023-08-14 09:46:29","2023-08-14 10:35:54",1
2341,685551,Mali,Udumbanchola,Idukki,1,"2023-08-14 09:46:29","2023-08-14 10:35:54",1
2344,685551,Kochara,Udumbanchola,Idukki,1,"2023-08-14 09:46:29","2023-08-14 10:35:54",1
2347,685551,Kuzhithozhu,Udumbanchola,Idukki,1,"2023-08-14 09:46:29","2023-08-14 10:35:54",1
2350,685551,Nettithozhu,Udumbanchola,Idukki,1,"2023-08-14 09:46:29","2023-08-14 10:35:54",1
2353,685551,Rajakandam,Udumbanchola,Idukki,1,"2023-08-14 09:46:29","2023-08-14 10:35:54",1
2356,685551,Puttady,Udumbanchola,Idukki,1,"2023-08-14 09:46:29","2023-08-14 10:35:54",1
2359,685551,Pampupara,Udumbanchola,Idukki,1,"2023-08-14 09:46:29","2023-08-14 10:35:54",1
2362,685552,Kallar,Udumbanchola,Idukki,1,"2023-08-14 09:46:29","2023-08-14 10:35:54",1
2365,685552,Karunapuram,Udumbanchola,Idukki,1,"2023-08-14 09:46:29","2023-08-14 10:35:54",1
2368,685552,Koottar,Udumbanchola,Idukki,1,"2023-08-14 09:46:29","2023-08-14 10:35:54",1
2371,685552,Balagram,Udumbanchola,Idukki,1,"2023-08-14 09:46:29","2023-08-14 10:35:54",1
2374,685552,Pushpakandam,Udumbanchola,Idukki,1,"2023-08-14 09:46:29","2023-08-14 10:35:54",1
2377,685552,"Ramakkal Mettu",Udumbanchola,Idukki,1,"2023-08-14 09:46:29","2023-08-14 10:35:54",1
2380,685552,Chottupara,Udumbanchola,Idukki,1,"2023-08-14 09:46:29","2023-08-14 10:35:54",1
2383,685552,Sanniasioda,Udumbanchola,Idukki,1,"2023-08-14 09:46:29","2023-08-14 10:35:54",1
2386,685552,Combayar,Udumbanchola,Idukki,1,"2023-08-14 09:46:29","2023-08-14 10:35:54",1
2389,685553,Kailasanadu,Udumbanchola,Idukki,1,"2023-08-14 09:46:29","2023-08-14 10:35:54",1
2392,685553,Nedumkandam,Udumbanchola,Idukki,1,"2023-08-14 09:46:29","2023-08-14 10:35:54",1
2395,685553,Mavady,Udumbanchola,Idukki,1,"2023-08-14 09:46:29","2023-08-14 10:35:54",1
2398,685553,Pachady,Udumbanchola,Idukki,1,"2023-08-14 09:46:29","2023-08-14 10:35:54",1
2401,685553,Manjappara,Udumbanchola,Idukki,1,"2023-08-14 09:46:29","2023-08-14 10:35:54",1
2404,685553,Chembalam,Udumbanchola,Idukki,1,"2023-08-14 09:46:29","2023-08-14 10:35:54",1
2407,685553,Ezhukunvayal,Udumbanchola,Idukki,1,"2023-08-14 09:46:29","2023-08-14 10:35:54",1
2410,685553,Pampadumpara,,Idukki,1,"2023-08-14 09:46:29","2023-08-14 10:35:54",1
2413,685554,Chathurangapara,Udumbanchola,Idukki,1,"2023-08-14 09:46:29","2023-08-14 10:35:54",1
2416,685554,Chemmannar,Udumbanchola,Idukki,1,"2023-08-14 09:46:29","2023-08-14 10:35:54",1
2419,685554,Udumbanchola,Udumbanchola,Idukki,1,"2023-08-14 09:46:29","2023-08-14 10:35:54",1
2422,685561,Valara,Devikulam,Idukki,1,"2023-08-14 09:46:29","2023-08-14 10:35:54",1
2425,685561,Mannamkandam,Devikulam,Idukki,1,"2023-08-14 09:46:29","2023-08-14 10:35:54",1
2428,685561,Adimali,Devikulam,Idukki,1,"2023-08-14 09:46:29","2023-08-14 10:35:54",1
2431,685561,Machiplavu,Devikulam,Idukki,1,"2023-08-14 09:46:29","2023-08-14 10:35:54",1
2434,685561,Anaviratty,Devikulam,Idukki,1,"2023-08-14 09:46:29","2023-08-14 10:35:54",1
2437,685561,Padicap,Devikulam,Idukki,1,"2023-08-14 09:46:29","2023-08-14 10:35:54",1
2440,685561,Koompanpara,Devikulam,Idukki,1,"2023-08-14 09:46:29","2023-08-14 10:35:54",1
2443,685561,Korangatti,Devikulam,Idukki,1,"2023-08-14 09:46:29","2023-08-14 10:35:54",1
2446,685562,Panamkutty,Udumbanchola,Idukki,1,"2023-08-14 09:46:29","2023-08-14 10:35:54",1
2449,685562,"South Kathipara",Devikulam,Idukki,1,"2023-08-14 09:46:29","2023-08-14 10:35:54",1
2452,685562,Kallarkutty,Devikulam,Idukki,1,"2023-08-14 09:46:29","2023-08-14 10:35:54",1
2455,685562,Mukkudam,Devikulam,Idukki,1,"2023-08-14 09:46:29","2023-08-14 10:35:54",1
2458,685563,Konnathady,Udumbanchola,Idukki,1,"2023-08-14 09:46:29","2023-08-14 10:35:54",1
2461,685563,Ponmudi,Udumbanchola,Idukki,1,"2023-08-14 09:46:29","2023-08-14 10:35:54",1
2464,685563,Selliampara,Devikulam,Idukki,1,"2023-08-14 09:46:29","2023-08-14 10:35:54",1
2467,685563,Vellathooval,Udumbanchola,Idukki,1,"2023-08-14 09:46:29","2023-08-14 10:35:54",1
2470,685565,Vattiar,Devikulam,Idukki,1,"2023-08-14 09:46:29","2023-08-14 10:35:54",1
2473,685565,Josegiri,Udumbanchola,Idukki,1,"2023-08-14 09:46:29","2023-08-14 10:35:54",1
2476,685565,Thokkupara,Devikulam,Idukki,1,"2023-08-14 09:46:29","2023-08-14 10:35:54",1
2479,685565,Anakulam,Devikulam,Idukki,1,"2023-08-14 09:46:29","2023-08-14 10:35:54",1
2482,685565,Pallivasal,Devikulam,Idukki,1,"2023-08-14 09:46:29","2023-08-14 10:35:54",1
2485,685565,Ellakallu,Udumbanchola,Idukki,1,"2023-08-14 09:46:29","2023-08-14 10:35:54",1
2488,685565,Sengulam,Devikulam,Idukki,1,"2023-08-14 09:46:29","2023-08-14 10:35:54",1
2491,685565,Chithirapuram,Devikulam,Idukki,1,"2023-08-14 09:46:29","2023-08-14 10:35:54",1
2494,685565,Mankulam,Devikulam,Idukki,1,"2023-08-14 09:46:29","2023-08-14 10:35:54",1
2497,685565,Bisonvalley,Devikulam,Idukki,1,"2023-08-14 09:46:29","2023-08-14 10:35:54",1
2500,685565,Kunchithanni,Devikulam,Idukki,1,"2023-08-14 09:46:29","2023-08-14 10:35:54",1
2503,685565,Pottenkad,Udumbanchola,Idukki,1,"2023-08-14 09:46:29","2023-08-14 10:35:54",1
2506,685565,Meencut,Devikulam,Idukki,1,"2023-08-14 09:46:29","2023-08-14 10:35:54",1
2509,685566,Mukkudil,Udumbanchola,Idukki,1,"2023-08-14 09:46:29","2023-08-14 10:35:54",1
2512,685566,Mammattikanam,Udumbanchola,Idukki,1,"2023-08-14 09:46:29","2023-08-14 10:35:54",1
2515,685566,"C. Kuthumkal",Udumbanchola,Idukki,1,"2023-08-14 09:46:29","2023-08-14 10:35:54",1
2518,685566,"N R City",Udumbanchola,Idukki,1,"2023-08-14 09:46:29","2023-08-14 10:35:54",1
2521,685566,Rajakad,Udumbanchola,Idukki,1,"2023-08-14 09:46:29","2023-08-14 10:35:54",1
2524,685571,Panickankudy,Udumbanchola,Idukki,1,"2023-08-14 09:46:29","2023-08-14 10:35:54",1
2527,685571,Mullarikudy,Udumbanchola,Idukki,1,"2023-08-14 09:46:29","2023-08-14 10:35:54",1
2530,685571,"Parathode (Idukki)",Udumbanchola,Idukki,1,"2023-08-14 09:46:29","2023-08-14 10:35:54",1
2533,685571,Muniyara,Udumbanchola,Idukki,1,"2023-08-14 09:46:29","2023-08-14 10:35:54",1
2536,685581,Thattakuzha,Thodupuzha,Idukki,1,"2023-08-14 09:46:29","2023-08-14 10:35:54",1
2539,685581,Neyyassery,Thodupuzha,Idukki,1,"2023-08-14 09:46:29","2023-08-14 10:35:54",1
2542,685581,Cheppukulam,Thodupuzha,Idukki,1,"2023-08-14 09:46:29","2023-08-14 10:35:54",1
2545,685581,Thommankuthu,Thodupuzha,Idukki,1,"2023-08-14 09:46:29","2023-08-14 10:35:54",1
2548,685581,Mulappuram,Thodupuzha,Idukki,1,"2023-08-14 09:46:29","2023-08-14 10:35:54",1
2551,685581,Karimannoor,Thodupuzha,Idukki,1,"2023-08-14 09:46:29","2023-08-14 10:35:54",1
2554,685581,Koduveli,Thodupuzha,Idukki,1,"2023-08-14 09:46:29","2023-08-14 10:35:54",1
2557,685581,Pannoor,Thodupuzha,Idukki,1,"2023-08-14 09:46:29","2023-08-14 10:35:54",1
2560,685582,Kodikulam,Thodupuzha,Idukki,1,"2023-08-14 09:46:29","2023-08-14 10:35:54",1
2563,685582,Parapuzha,Thodupuzha,Idukki,1,"2023-08-14 09:46:29","2023-08-14 10:35:54",1
2566,685582,"West Kodikulam",Thodupuzha,Idukki,1,"2023-08-14 09:46:29","2023-08-14 10:35:54",1
2569,685582,Vandamattom,Thodupuzha,Idukki,1,"2023-08-14 09:46:29","2023-08-14 10:35:54",1
2572,685583,Kuninji,Thodupuzha,Idukki,1,"2023-08-14 09:46:29","2023-08-14 10:35:54",1
2575,685583,Vazhithala,Thodupuzha,Idukki,1,"2023-08-14 09:46:29","2023-08-14 10:35:54",1
2578,685583,Purapuzha,Thodupuzha,Idukki,1,"2023-08-14 09:46:29","2023-08-14 10:35:54",1
2581,685584,"Thodupuzha West",Thodupuzha,Idukki,1,"2023-08-14 09:46:29","2023-08-14 10:35:54",1
2584,685584,Thodupuzha,Thodupuzha,Idukki,1,"2023-08-14 09:46:29","2023-08-14 10:35:54",1
2587,685585,Thekkumbhagam,Thodupuzha,Idukki,1,"2023-08-14 09:46:29","2023-08-14 10:35:54",1
2590,685585,Anchiri,Thodupuzha,Idukki,1,"2023-08-14 09:46:29","2023-08-14 10:35:54",1
2593,685585,"Thodupuzha East",Thodupuzha,Idukki,1,"2023-08-14 09:46:29","2023-08-14 10:35:54",1
2596,685586,Thattarathatta,Thodupuzha,Idukki,1,"2023-08-14 09:46:29","2023-08-14 10:35:54",1
2599,685586,Karimkunnam,Thodupuzha,Idukki,1,"2023-08-14 09:46:29","2023-08-14 10:35:54",1
2602,685586,Ottalloor,Thodupuzha,Idukki,1,"2023-08-14 09:46:29","2023-08-14 10:35:54",1
2605,685586,Vadakkummury,Thodupuzha,Idukki,1,"2023-08-14 09:46:29","2023-08-14 10:35:54",1
2608,685587,"Muttom EK",Thodupuzha,Idukki,1,"2023-08-14 09:46:29","2023-08-14 10:35:54",1
2611,685587,Mrala,Thodupuzha,Idukki,1,"2023-08-14 09:46:29","2023-08-14 10:35:54",1
2614,685587,Thudanganad,Thodupuzha,Idukki,1,"2023-08-14 09:46:30","2023-08-14 10:35:54",1
2617,685587,Ellumpuram,Thodupuzha,Idukki,1,"2023-08-14 09:46:30","2023-08-14 10:35:54",1
2620,685588,Velliyamattom,Thodupuzha,Idukki,1,"2023-08-14 09:46:30","2023-08-14 10:35:54",1
2623,685588,Kalayanthani,Thodupuzha,Idukki,1,"2023-08-14 09:46:30","2023-08-14 10:35:54",1
2626,685588,Elamdesom,Thodupuzha,Idukki,1,"2023-08-14 09:46:30","2023-08-14 10:35:54",1
2629,685588,Edavetty,Thodupuzha,Idukki,1,"2023-08-14 09:46:30","2023-08-14 10:35:54",1
2632,685588,Alakode,Thodupuzha,Idukki,1,"2023-08-14 09:46:30","2023-08-14 10:35:54",1
2635,685588,Pannimattom,Thodupuzha,Idukki,1,"2023-08-14 09:46:30","2023-08-14 10:35:54",1
2638,685588,Chilavu,Thodupuzha,Idukki,1,"2023-08-14 09:46:30","2023-08-14 10:35:54",1
2641,685588,Koovakandam,Thodupuzha,Idukki,1,"2023-08-14 09:46:30","2023-08-14 10:35:54",1
2644,685588,Devarupara,Thodupuzha,Idukki,1,"2023-08-14 09:46:31","2023-08-14 10:35:54",1
2647,685589,Pathippally,Thodupuzha,Idukki,1,"2023-08-14 09:46:31","2023-08-14 10:35:54",1
2650,685589,Moolamattom,Thodupuzha,Idukki,1,"2023-08-14 09:46:31","2023-08-14 10:35:54",1
2653,685589,Edad-idukki,Thodupuzha,Idukki,1,"2023-08-14 09:46:31","2023-08-14 10:35:54",1
2656,685589,Ilappally,Thodupuzha,Idukki,1,"2023-08-14 09:46:31","2023-08-14 10:35:54",1
2659,685589,"Moolamattom East",Thodupuzha,Idukki,1,"2023-08-14 09:46:31","2023-08-14 10:35:54",1
2662,685589,Kannickal,Thodupuzha,Idukki,1,"2023-08-14 09:46:31","2023-08-14 10:35:54",1
2665,685590,Kudayathur,Thodupuzha,Idukki,1,"2023-08-14 09:46:31","2023-08-14 10:35:54",1
2668,685590,Kanjar,Thodupuzha,Idukki,1,"2023-08-14 09:46:31","2023-08-14 10:35:54",1
2671,685590,Adoormala,Thodupuzha,Idukki,1,"2023-08-14 09:46:31","2023-08-14 10:35:54",1
2674,685590,Koovappally-kudayathur,Thodupuzha,Idukki,1,"2023-08-14 09:46:31","2023-08-14 10:35:54",1
2677,685591,Arakulam,Thodupuzha,Idukki,1,"2023-08-14 09:46:31","2023-08-14 10:35:54",1
2680,685595,Cheenikuzhi,Thodupuzha,Idukki,1,"2023-08-14 09:46:31","2023-08-14 10:35:54",1
2683,685595,Amayapra,Thodupuzha,Idukki,1,"2023-08-14 09:46:31","2023-08-14 10:35:54",1
2686,685595,Udumbannur,Thodupuzha,Idukki,1,"2023-08-14 09:46:31","2023-08-14 10:35:54",1
2689,685595,Moolakad,Thodupuzha,Idukki,1,"2023-08-14 09:46:31","2023-08-14 10:35:54",1
2692,685595,Peringassery,Thodupuzha,Idukki,1,"2023-08-14 09:46:31","2023-08-14 10:35:54",1
2695,685595,Malayinchi,Thodupuzha,Idukki,1,"2023-08-14 09:46:31","2023-08-14 10:35:54",1
2698,685601,Kulamavu,Thodupuzha,Idukki,1,"2023-08-14 09:46:31","2023-08-14 10:35:54",1
2701,685601,Karippalangad,Thodupuzha,Idukki,1,"2023-08-14 09:46:31","2023-08-14 10:35:54",1
2704,685602,Narakakanam,Udumbanchola,Idukki,1,"2023-08-14 09:46:31","2023-08-14 10:35:54",1
2707,685602,Thadiampadu,Thodupuzha,Idukki,1,"2023-08-14 09:46:31","2023-08-14 10:35:54",1
2710,685602,Manipara,Thodupuzha,Idukki,1,"2023-08-14 09:46:31","2023-08-14 10:35:54",1
2713,685602,Mariyapuram,Udumbanchola,Idukki,1,"2023-08-14 09:46:31","2023-08-14 10:35:54",1
2716,685602,"Idukki Colony",Thodupuzha,Idukki,1,"2023-08-14 09:46:31","2023-08-14 10:35:54",1
2719,685602,Maniyaramkudy,Thodupuzha,Idukki,1,"2023-08-14 09:46:31","2023-08-14 10:35:54",1
2722,685602,Mulakuvally,Thodupuzha,Idukki,1,"2023-08-14 09:46:31","2023-08-14 10:35:54",1
2725,685602,Vimalagiri,Udumbanchola,Idukki,1,"2023-08-14 09:46:31","2023-08-14 10:35:54",1
2728,685602,Nayarupara,Udumbanchola,Idukki,1,"2023-08-14 09:46:31","2023-08-14 10:35:54",1
2731,685603,"Idukki Painavu",Thodupuzha,Idukki,1,"2023-08-14 09:46:31","2023-08-14 10:35:54",1
2734,685604,Mankuva,Udumbanchola,Idukki,1,"2023-08-14 09:46:31","2023-08-14 10:35:54",1
2737,685604,Murickassery,Udumbanchola,Idukki,1,"2023-08-14 09:46:31","2023-08-14 10:35:54",1
2740,685604,Perinchankutty,Udumbanchola,Idukki,1,"2023-08-14 09:46:31","2023-08-14 10:35:54",1
2743,685604,Rajapuram,Udumbanchola,Idukki,1,"2023-08-14 09:46:31","2023-08-14 10:35:54",1
2746,685604,Konnackamali,Udumbanchola,Idukki,1,"2023-08-14 09:46:31","2023-08-14 10:35:54",1
2749,685604,Padamugham,Udumbanchola,Idukki,1,"2023-08-14 09:46:31","2023-08-14 10:35:54",1
2752,685604,Upputhode,Udumbanchola,Idukki,1,"2023-08-14 09:46:31","2023-08-14 10:35:54",1
2755,685604,Rajamudi,Udumbanchola,Idukki,1,"2023-08-14 09:46:31","2023-08-14 10:35:54",1
2758,685605,Ezhallur,Thodupuzha,Idukki,1,"2023-08-14 09:46:31","2023-08-14 10:35:54",1
2761,685605,Perumpillichira,Thodupuzha,Idukki,1,"2023-08-14 09:46:31","2023-08-14 10:35:54",1
2764,685605,Muthalakodam,Thodupuzha,Idukki,1,"2023-08-14 09:46:31","2023-08-14 10:35:54",1
2767,685605,Ezhumuttom,Thodupuzha,Idukki,1,"2023-08-14 09:46:31","2023-08-14 10:35:54",1
2770,685606,Alpara,Thodupuzha,Idukki,1,"2023-08-14 09:46:31","2023-08-14 10:35:54",1
2773,685606,Pazhayarikandam,Thodupuzha,Idukki,1,"2023-08-14 09:46:31","2023-08-14 10:35:54",1
2776,685606,Venmony,Thodupuzha,Idukki,1,"2023-08-14 09:46:31","2023-08-14 10:35:54",1
2779,685606,Thattekanni,Thodupuzha,Idukki,1,"2023-08-14 09:46:31","2023-08-14 10:35:54",1
2782,685606,Keerithode,Thodupuzha,Idukki,1,"2023-08-14 09:46:31","2023-08-14 10:35:54",1
2785,685606,"Kanjikuzhi - Idukki",Thodupuzha,Idukki,1,"2023-08-14 09:46:31","2023-08-14 10:35:54",1
2788,685606,Chelachuvadu,Thodupuzha,Idukki,1,"2023-08-14 09:46:31","2023-08-14 10:35:54",1
2791,685607,Pulickathotty,Thodupuzha,Idukki,1,"2023-08-14 09:46:31","2023-08-14 10:35:54",1
2794,685607,Mullaringadu,Thodupuzha,Idukki,1,"2023-08-14 09:46:31","2023-08-14 10:35:54",1
2797,685607,Kaliyar,Thodupuzha,Idukki,1,"2023-08-14 09:46:31","2023-08-14 10:35:54",1
2800,685607,Vannapuram,Thodupuzha,Idukki,1,"2023-08-14 09:46:31","2023-08-14 10:35:54",1
2803,685607,Mundanmudy,Thodupuzha,Idukki,1,"2023-08-14 09:46:31","2023-08-14 10:35:54",1
2806,685608,Vengallur,Thodupuzha,Idukki,1,"2023-08-14 09:46:31","2023-08-14 10:35:54",1
2809,685608,"Thodupuzha -puthuperiyaram",Thodupuzha,Idukki,1,"2023-08-14 09:46:31","2023-08-14 10:35:54",1
2812,685608,Kolani,Thodupuzha,Idukki,1,"2023-08-14 09:46:31","2023-08-14 10:35:54",1
2815,685608,Manakkad,Thodupuzha,Idukki,1,"2023-08-14 09:46:31","2023-08-14 10:35:54",1
2818,685608,Mailacombu,Thodupuzha,Idukki,1,"2023-08-14 09:46:31","2023-08-14 10:35:54",1
2821,685608,Arikuzha,Thodupuzha,Idukki,1,"2023-08-14 09:46:31","2023-08-14 10:35:54",1
2824,685608,"Kaloor East",Thodupuzha,Idukki,1,"2023-08-14 09:46:31","2023-08-14 10:35:54",1
2827,685608,Kumaramangala,Thodupuzha,Idukki,1,"2023-08-14 09:46:31","2023-08-14 10:35:54",1
2830,685608,Nediyasala,Thodupuzha,Idukki,1,"2023-08-14 09:46:31","2023-08-14 10:35:54",1
2833,685609,Prakash,Udumbanchola,Idukki,1,"2023-08-14 09:46:31","2023-08-14 10:35:54",1
2836,685609,Perumthotty,Udumbanchola,Idukki,1,"2023-08-14 09:46:31","2023-08-14 10:35:54",1
2839,685609,Thopramkduy,Udumbanchola,Idukki,1,"2023-08-14 09:46:31","2023-08-14 10:35:54",1
2842,685609,Thankamany,Udumbanchola,Idukki,1,"2023-08-14 09:46:31","2023-08-14 10:35:54",1
2845,685609,Pandipara,Udumbanchola,Idukki,1,"2023-08-14 09:46:31","2023-08-14 10:35:54",1
2848,685609,Marigiri,Udumbanchola,Idukki,1,"2023-08-14 09:46:31","2023-08-14 10:35:54",1
2851,685612,Munnar,Devikulam,Idukki,1,"2023-08-14 09:46:31","2023-08-14 10:35:54",1
2854,685612,Gudarle,Devikulam,Idukki,1,"2023-08-14 09:46:31","2023-08-14 10:35:54",1
2857,685612,Pothamedu,Devikulam,Idukki,1,"2023-08-14 09:46:31","2023-08-14 10:35:54",1
2860,685612,"Munnar Colony",Devikulam,Idukki,1,"2023-08-14 09:46:31","2023-08-14 10:35:54",1
2863,685612,"Pallivasal Estate",Devikulam,Idukki,1,"2023-08-14 09:46:31","2023-08-14 10:35:54",1
2866,685613,Devikulam,Devikulam,Idukki,1,"2023-08-14 09:46:31","2023-08-14 10:35:54",1
2869,685613,Anayirankal,Udumbanchola,Idukki,1,"2023-08-14 09:46:31","2023-08-14 10:35:54",1
2872,685613,"Panniar Estate",Udumbanchola,Idukki,1,"2023-08-14 09:46:31","2023-08-14 10:35:54",1
2875,685614,Chattamannar,Devikulam,Idukki,1,"2023-08-14 09:46:31","2023-08-14 10:35:54",1
2878,685614,Talliar,Devikulam,Idukki,1,"2023-08-14 09:46:31","2023-08-14 10:35:54",1
2881,685615,Koviloor,Devikulam,Idukki,1,"2023-08-14 09:46:31","2023-08-14 10:35:54",1
2884,685615,Ellapatti,Devikulam,Idukki,1,"2023-08-14 09:46:31","2023-08-14 10:35:54",1
2887,685615,Sethuparvathipuram,Devikulam,Idukki,1,"2023-08-14 09:46:31","2023-08-14 10:35:54",1
2890,685615,Kottakomboor,Devikulam,Idukki,1,"2023-08-14 09:46:31","2023-08-14 10:35:54",1
2893,685616,Mattuppatti,Devikulam,Idukki,1,"2023-08-14 09:46:31","2023-08-14 10:35:54",1
2896,685616,"Mattupatty ISP",Devikulam,Idukki,1,"2023-08-14 09:46:31","2023-08-14 10:35:54",1
2899,685618,Sinkukandam,Udumbanchola,Idukki,1,"2023-08-14 09:46:31","2023-08-14 10:35:54",1
2902,685618,Chinnakanal,Udumbanchola,Idukki,1,"2023-08-14 09:46:31","2023-08-14 10:35:54",1
2905,685618,Surianalle,Udumbanchola,Idukki,1,"2023-08-14 09:46:31","2023-08-14 10:35:54",1
2908,685619,"Rajakumari South",Udumbanchola,Idukki,1,"2023-08-14 09:46:31","2023-08-14 10:35:54",1
2911,685619,Aruvilanchal,Udumbanchola,Idukki,1,"2023-08-14 09:46:31","2023-08-14 10:35:54",1
2914,685619,Pethotty,Udumbanchola,Idukki,1,"2023-08-14 09:46:31","2023-08-14 10:35:54",1
2917,685619,Puthady,Udumbanchola,Idukki,1,"2023-08-14 09:46:31","2023-08-14 10:35:54",1
2920,685619,Poopara,Udumbanchola,Idukki,1,"2023-08-14 09:46:31","2023-08-14 10:35:54",1
2923,685619,Rajakumari,Udumbanchola,Idukki,1,"2023-08-14 09:46:31","2023-08-14 10:35:54",1
2926,685619,Senapathy,Udumbanchola,Idukki,1,"2023-08-14 09:46:31","2023-08-14 10:35:54",1
2929,685619,Santhanpara,Udumbanchola,Idukki,1,"2023-08-14 09:46:31","2023-08-14 10:35:54",1
2932,685619,Khajanapara,Udumbanchola,Idukki,1,"2023-08-14 09:46:31","2023-08-14 10:35:54",1
2935,685619,Kulaparachal,Udumbanchola,Idukki,1,"2023-08-14 09:46:31","2023-08-14 10:35:54",1
2938,685619,"Vattappara (UBC)",Udumbanchola,Idukki,1,"2023-08-14 09:46:31","2023-08-14 10:35:54",1
2941,685620,Kanthallur,Devikulam,Idukki,1,"2023-08-14 09:46:31","2023-08-14 10:35:54",1
2944,685620,Maraiyur,Devikulam,Idukki,1,"2023-08-14 09:46:31","2023-08-14 10:35:54",1
2947,685620,"Pius Nagar",Devikulam,Idukki,1,"2023-08-14 09:46:31","2023-08-14 10:35:54",1
2950,685620,Sahayagiri,Devikulam,Idukki,1,"2023-08-14 09:46:31","2023-08-14 10:35:54",1
2953,685620,Michaelgiri,Devikulam,Idukki,1,"2023-08-14 09:46:31","2023-08-14 10:35:54",1
2956,686513,"Mundakayam East",Peerumade,Idukki,1,"2023-08-14 09:46:31","2023-08-14 10:35:54",1
2959,686513,Kuppakkayam,Peerumade,Idukki,1,"2023-08-14 09:46:31","2023-08-14 10:35:54",1
2962,686514,"Mukkulam East",Peerumade,Idukki,1,"2023-08-14 09:46:31","2023-08-14 10:35:54",1
2965,686514,Wembly,Peerumade,Idukki,1,"2023-08-14 09:46:31","2023-08-14 10:35:54",1
2968,686514,Mukkulam,Peerumade,Idukki,1,"2023-08-14 09:46:31","2023-08-14 10:35:54",1
2971,670001,Kannur,Kannur,Kannur,4,"2023-08-14 09:46:31","2023-08-14 10:35:54",1
2974,670001,Payyambalam,Kannur,Kannur,4,"2023-08-14 09:46:31","2023-08-14 10:35:54",1
2977,670001,"Kannur Railway Station",Kannur,Kannur,4,"2023-08-14 09:46:31","2023-08-14 10:35:54",1
2980,670002,"Talap (Kannur)",Kannur,Kannur,4,"2023-08-14 09:46:31","2023-08-14 10:35:54",1
2983,670002,"Civil Station Kannur",Kannur,Kannur,4,"2023-08-14 09:46:31","2023-08-14 10:35:54",1
2986,670003,Katalayi,Kannur,Kannur,4,"2023-08-14 09:46:31","2023-08-14 10:35:54",1
2989,670003,"Kannur City",Kannur,Kannur,4,"2023-08-14 09:46:31","2023-08-14 10:35:54",1
2992,670003,Thayyil,Kannur,Kannur,4,"2023-08-14 09:46:31","2023-08-14 10:35:54",1
2995,670004,Pallikunnu,Kannur,Kannur,4,"2023-08-14 09:46:31","2023-08-14 10:35:54",1
2998,670005,Kakkat,Kannur,Kannur,4,"2023-08-14 09:46:31","2023-08-14 10:35:54",1
3001,670005,Kottali,Kannur,Kannur,4,"2023-08-14 09:46:31","2023-08-14 10:35:54",1
3004,670006,Chovva,Kannur,Kannur,4,"2023-08-14 09:46:31","2023-08-14 10:35:54",1
3007,670006,Attadappa,Kannur,Kannur,4,"2023-08-14 09:46:31","2023-08-14 10:35:54",1
3010,670006,Kappad,Kannur,Kannur,4,"2023-08-14 09:46:31","2023-08-14 10:35:54",1
3013,670007,Kizhunna,Kannur,Kannur,4,"2023-08-14 09:46:31","2023-08-14 10:35:54",1
3016,670007,Thottada,Kannur,Kannur,4,"2023-08-14 09:46:32","2023-08-14 10:35:54",1
3019,670008,Alavil,Kannur,Kannur,4,"2023-08-14 09:46:32","2023-08-14 10:35:54",1
3022,670009,Azhikode,Kannur,Kannur,4,"2023-08-14 09:46:32","2023-08-14 10:35:54",1
3025,670009,Azhikkal,Kannur,Kannur,4,"2023-08-14 09:46:32","2023-08-14 10:35:54",1
3028,670009,"Azhikode South",Kannur,Kannur,4,"2023-08-14 09:46:32","2023-08-14 10:35:54",1
3031,670010,Valapattanam,Kannur,Kannur,4,"2023-08-14 09:46:32","2023-08-14 10:35:54",1
3034,670011,Kattampally,Kannur,Kannur,4,"2023-08-14 09:46:32","2023-08-14 10:35:54",1
3037,670011,Chirakkal,Kannur,Kannur,4,"2023-08-14 09:46:32","2023-08-14 10:35:54",1
3040,670011,"Chirakk R.S.",Kannur,Kannur,4,"2023-08-14 09:46:32","2023-08-14 10:35:54",1
3043,670012,Kannookara,Kannur,Kannur,4,"2023-08-14 09:46:32","2023-08-14 10:35:54",1
3046,670012,"Kannur Thana",Kannur,Kannur,4,"2023-08-14 09:46:32","2023-08-14 10:35:54",1
3049,670013,Burnacherry,Kannur,Kannur,4,"2023-08-14 09:46:32","2023-08-14 10:35:54",1
3052,670014,Chalad,Kannur,Kannur,4,"2023-08-14 09:46:32","2023-08-14 10:35:54",1
3055,670017,"Kannur District Hospital",Kannur,Kannur,4,"2023-08-14 09:46:32","2023-08-14 10:35:54",1
3058,670018,"Thazhe Chovva",Kannur,Kannur,4,"2023-08-14 09:46:32","2023-08-14 10:35:54",1
3061,670101,Thalassery,Thalassery,Kannur,4,"2023-08-14 09:46:32","2023-08-14 10:35:54",1
3064,670101,"Thalassery Courts",Thalassery,Kannur,4,"2023-08-14 09:46:32","2023-08-14 10:35:54",1
3067,670101,"Thalassery Bazar",Thalassery,Kannur,4,"2023-08-14 09:46:32","2023-08-14 10:35:54",1
3070,670102,"Temple Gate",Thalassery,Kannur,4,"2023-08-14 09:46:32","2023-08-14 10:35:54",1
3073,670102,Punnol,Thalassery,Kannur,4,"2023-08-14 09:46:32","2023-08-14 10:35:54",1
3076,670102,Chalil,Thalassery,Kannur,4,"2023-08-14 09:46:32","2023-08-14 10:35:54",1
3079,670102,Kurichiyil,Thalassery,Kannur,4,"2023-08-14 09:46:32","2023-08-14 10:35:54",1
3082,670103,Tiruvangad,Thalassery,Kannur,4,"2023-08-14 09:46:32","2023-08-14 10:35:54",1
3085,670103,Moozhikkara,Thalassery,Kannur,4,"2023-08-14 09:46:32","2023-08-14 10:35:54",1
3088,670104,Cherakkara,Thalassery,Kannur,4,"2023-08-14 09:46:32","2023-08-14 10:35:54",1
3091,670105,Vadakkumbad,Thalassery,Kannur,4,"2023-08-14 09:46:32","2023-08-14 10:35:54",1
3094,670105,"Nettur (Kannur)",Thalassery,Kannur,4,"2023-08-14 09:46:32","2023-08-14 10:35:54",1
3097,670106,Dharmadam,Thalasery,Kannur,4,"2023-08-14 09:46:32","2023-08-14 10:35:54",1
3100,670107,Perundattil,Thalassery,Kannur,4,"2023-08-14 09:46:32","2023-08-14 10:35:54",1
3103,670107,Eranholi,Thalassery,Kannur,4,"2023-08-14 09:46:32","2023-08-14 10:35:54",1
3106,670141,Thrichambaram,Taliparamba,Kannur,4,"2023-08-14 09:46:32","2023-08-14 10:35:54",1
3109,670141,Taliparamba,Taliparamba,Kannur,4,"2023-08-14 09:46:32","2023-08-14 10:35:54",1
3112,670142,Chuzhali,Taliparamba,Kannur,4,"2023-08-14 09:46:32","2023-08-14 10:35:54",1
3115,670142,Karimbam,Taliparamba,Kannur,4,"2023-08-14 09:46:32","2023-08-14 10:35:54",1
3118,670142,Koyyam,Taliparamba,Kannur,4,"2023-08-14 09:46:32","2023-08-14 10:35:54",1
3121,670142,Pallivayal,Taliparamba,Kannur,4,"2023-08-14 09:46:32","2023-08-14 10:35:54",1
3124,670142,Kurumathur,Taliparamba,Kannur,4,"2023-08-14 09:46:32","2023-08-14 10:35:54",1
3127,670142,Kanhirangad,Taliparamba,Kannur,4,"2023-08-14 09:46:32","2023-08-14 10:35:54",1
3130,670142,Muyyam,Taliparamba,Kannur,4,"2023-08-14 09:46:32","2023-08-14 10:35:54",1
3133,670142,Panniyur,Taliparamba,Kannur,4,"2023-08-14 09:46:32","2023-08-14 10:35:54",1
3136,670142,Kuttiyeri,Taliparamba,Kannur,4,"2023-08-14 09:46:32","2023-08-14 10:35:54",1
3139,670143,Aril,Taliparamba,Kannur,4,"2023-08-14 09:46:32","2023-08-14 10:35:54",1
3142,670143,Pattuvam,Taliparamba,Kannur,4,"2023-08-14 09:46:32","2023-08-14 10:35:54",1
3145,670301,Thekkumbad,Kannur,Kannur,4,"2023-08-14 09:46:32","2023-08-14 10:35:54",1
3148,670301,Othayammadom,Kannur,Kannur,4,"2023-08-14 09:46:32","2023-08-14 10:35:54",1
3151,670301,Keezhara,Kannur,Kannur,4,"2023-08-14 09:46:32","2023-08-14 10:35:54",1
3154,670301,"Cherukun R.S.",Kannur,Kannur,4,"2023-08-14 09:46:32","2023-08-14 10:35:54",1
3157,670301,Cherukunnu,,Kannur,4,"2023-08-14 09:46:32","2023-08-14 10:35:54",1
3160,670301,Irinavu,Kannur,Kannur,4,"2023-08-14 09:46:32","2023-08-14 10:35:54",1
3163,670301,Thavam,Kannur,Kannur,4,"2023-08-14 09:46:32","2023-08-14 10:35:54",1
3166,670302,Mattul,Kannur,Kannur,4,"2023-08-14 09:46:32","2023-08-14 10:35:54",1
3169,670303,Sreestha,Taliparamba,Kannur,4,"2023-08-14 09:46:32","2023-08-14 10:35:54",1
3172,670303,Payangadi,Taliaparamba,Kannur,4,"2023-08-14 09:46:32","2023-08-14 10:35:54",1
3175,670304,Madayi,Taliparamba,Kannur,4,"2023-08-14 09:46:32","2023-08-14 10:35:54",1
3178,670305,Vengara-kannur,Kannur,Kannur,4,"2023-08-14 09:46:32","2023-08-14 10:35:54",1
3181,670305,Palakkode,Taliparamba,Kannur,4,"2023-08-14 09:46:32","2023-08-14 10:35:54",1
3184,670306,Olayampadi,Taliparamba,Kannur,4,"2023-08-14 09:46:32","2023-08-14 10:35:54",1
3187,670306,Vellora,Taliparamba,Kannur,4,"2023-08-14 09:46:32","2023-08-14 10:35:54",1
3190,670306,Porakunnu,Taliparamba,Kannur,4,"2023-08-14 09:46:32","2023-08-14 10:35:54",1
3193,670306,Panapuzha,Taliparamba,Kannur,4,"2023-08-14 09:46:32","2023-08-14 10:35:54",1
3196,670306,Mathamangalam,Kannur,Kannur,4,"2023-08-14 09:46:32","2023-08-14 10:35:54",1
3199,670306,"Mathamangalam Bazar",Taliparamba,Kannur,4,"2023-08-14 09:46:32","2023-08-14 10:35:54",1
3202,670306,Kuttur,Taliparamba,Kannur,4,"2023-08-14 09:46:32","2023-08-14 10:35:54",1
3205,670306,Eriam,Kannur,Kannur,4,"2023-08-14 09:46:32","2023-08-14 10:35:54",1
3208,670306,Kakkara,Taliparamba,Kannur,4,"2023-08-14 09:46:32","2023-08-14 10:35:54",1
3211,670307,Annur,Taliparamba,Kannur,4,"2023-08-14 09:46:32","2023-08-14 10:35:54",1
3214,670307,Korom,Taliparamba,Kannur,4,"2023-08-14 09:46:32","2023-08-14 10:35:54",1
3217,670307,Payyanur,Taliparamba,Kannur,4,"2023-08-14 09:46:32","2023-08-14 10:35:54",1
3220,670307,Mathil,Taliparamba,Kannur,4,"2023-08-14 09:46:32","2023-08-14 10:35:54",1
3223,670307,Kokkanisseri,Taliparamba,Kannur,4,"2023-08-14 09:46:32","2023-08-14 10:35:54",1
3226,670307,Kanayi,Taliparamba,Kannur,4,"2023-08-14 09:46:32","2023-08-14 10:35:54",1
3229,670307,Kandankali,Taliparamba,Kannur,4,"2023-08-14 09:46:32","2023-08-14 10:35:54",1
3232,670307,"Eramam Desom",Taliparamba,Kannur,4,"2023-08-14 09:46:32","2023-08-14 10:35:54",1
3235,670307,Nhekly,Taliparamba,Kannur,4,"2023-08-14 09:46:32","2023-08-14 10:35:54",1
3238,670307,Padiotchal,Taliparamba,Kannur,4,"2023-08-14 09:46:32","2023-08-14 10:35:54",1
3241,670307,Chalakkode,,Kannur,4,"2023-08-14 09:46:32","2023-08-14 10:35:54",1
3244,670307,Kavvayi,Taliparamba,Kannur,4,"2023-08-14 09:46:32","2023-08-14 10:35:54",1
3247,670307,Kankol,Taliparamba,Kannur,4,"2023-08-14 09:46:32","2023-08-14 10:35:54",1
3250,670307,Kandoth,Taliparamba,Kannur,4,"2023-08-14 09:46:32","2023-08-14 10:35:54",1
3253,670307,Vellur,Taliparamba,Kannur,4,"2023-08-14 09:46:32","2023-08-14 10:35:54",1
3256,670307,"Payyan R.S.",Taliparamba,Kannur,4,"2023-08-14 09:46:32","2023-08-14 10:35:54",1
3259,670307,Peringome,Taliparamba,Kannur,4,"2023-08-14 09:46:32","2023-08-14 10:35:54",1
3262,670308,Vadakkumbad-ramanthali,Taliparamba,Kannur,4,"2023-08-14 09:46:32","2023-08-14 10:35:54",1
3265,670308,Ramanthali,Taliparamba,Kannur,4,"2023-08-14 09:46:32","2023-08-14 10:35:54",1
3268,670308,Ettikulam,Taliparamba,Kannur,4,"2023-08-14 09:46:32","2023-08-14 10:35:54",1
3271,670308,Karanthat,Taliparamba,Kannur,4,"2023-08-14 09:46:32","2023-08-14 10:35:54",1
3274,670309,Kovvapuram,Kannur,Kannur,4,"2023-08-14 09:46:32","2023-08-14 10:35:54",1
3277,670309,Kunhimangalam,Taliparamba,Kannur,4,"2023-08-14 09:46:32","2023-08-14 10:35:54",1
3280,670309,Ezhilode,Taliparamba,Kannur,4,"2023-08-14 09:46:32","2023-08-14 10:35:54",1
3283,670310,"Ezhimala Naval Academy",Taliparamba,Kannur,4,"2023-08-14 09:46:32","2023-08-14 10:35:54",1
3286,670325,"Mattul North",Kannur,Kannur,4,"2023-08-14 09:46:32","2023-08-14 10:35:54",1
3289,670327,Edat,Kannur,Kannur,4,"2023-08-14 09:46:32","2023-08-14 10:35:54",1
3292,670331,Mottammal,Kannur,Kannur,4,"2023-08-14 09:46:32","2023-08-14 10:35:54",1
3295,670331,Anchampeedika,Kannur,Kannur,4,"2023-08-14 09:46:32","2023-08-14 10:35:54",1
3298,670331,Morazha,Taliparamba,Kannur,4,"2023-08-14 09:46:32","2023-08-14 10:35:54",1
3301,670334,Ezhome,Kannur,Kannur,4,"2023-08-14 09:46:32","2023-08-14 10:35:54",1
3304,670334,Kottila,Kannur,Kannur,4,"2023-08-14 09:46:32","2023-08-14 10:35:54",1
3307,670353,"CRPF Camp Aravanchal",Taliparamba,Kannur,4,"2023-08-14 09:46:32","2023-08-14 10:35:54",1
3310,670358,"Payangadi R S",Kannur,Kannur,4,"2023-08-14 09:46:32","2023-08-14 10:35:54",1
3313,670501,Mandur-kannur,Taliparamba,Kannur,4,"2023-08-14 09:46:32","2023-08-14 10:35:54",1
3316,670502,Thiruvattoor,Taliparamba,Kannur,4,"2023-08-14 09:46:32","2023-08-14 10:35:54",1
3319,670502,Chithapilapoyil,Taliparamba,Kannur,4,"2023-08-14 09:46:32","2023-08-14 10:35:54",1
3322,670502,Pariyaram-kannur,Taliparamba,Kannur,4,"2023-08-14 09:46:32","2023-08-14 10:35:54",1
3325,670502,Kuppam-taliparamba,Taliparamba,Kannur,4,"2023-08-14 09:46:32","2023-08-14 10:35:54",1
3328,670503,"Pariyaram Medical College",Kannur,Kannur,4,"2023-08-14 09:46:32","2023-08-14 10:35:54",1
3331,670504,Pilathara,Taliparamba,Kannur,4,"2023-08-14 09:46:32","2023-08-14 10:35:54",1
3334,670504,Nareekamvally,Taliparamba,Kannur,4,"2023-08-14 09:46:32","2023-08-14 10:35:54",1
3337,670504,Vilayancode,Taliparamba,Kannur,4,"2023-08-14 09:46:32","2023-08-14 10:35:54",1
3340,670504,Kadannapally,Taliparamba,Kannur,4,"2023-08-14 09:46:32","2023-08-14 10:35:54",1
3343,670511,Cherupuzha,Taliparamba,Kannur,4,"2023-08-14 09:46:32","2023-08-14 10:35:54",1
3346,670511,Chunda,Taliparamba,Kannur,4,"2023-08-14 09:46:32","2023-08-14 10:35:54",1
3349,670511,Thirumeni,Taliparamba,Kannur,4,"2023-08-14 09:46:32","2023-08-14 10:35:54",1
3352,670511,Kanamvayal,Taliparamba,Kannur,4,"2023-08-14 09:46:32","2023-08-14 10:35:54",1
3355,670511,Edavaramba,Taliparamba,Kannur,4,"2023-08-14 09:46:32","2023-08-14 10:35:54",1
3358,670511,Kozhichal,Taliparamba,Kannur,4,"2023-08-14 09:46:32","2023-08-14 10:35:54",1
3361,670511,Josegiri,Taliparamba,Kannur,4,"2023-08-14 09:46:32","2023-08-14 10:35:54",1
3364,670511,Thabore,Taliparamba,Kannur,4,"2023-08-14 09:46:32","2023-08-14 10:35:54",1
3367,670511,Thattummal,Taliparamba,Kannur,4,"2023-08-14 09:46:32","2023-08-14 10:35:54",1
3370,670511,Prapoyil,Taliparamba,Kannur,4,"2023-08-14 09:46:32","2023-08-14 10:35:54",1
3373,670521,Ettukudukka,Taliparamba,Kannur,4,"2023-08-14 09:46:32","2023-08-14 10:35:54",1
3376,670521,Karivellur,Taliparamba,Kannur,4,"2023-08-14 09:46:32","2023-08-14 10:35:54",1
3379,670521,Kozhummal,Taliparamba,Kannur,4,"2023-08-14 09:46:32","2023-08-14 10:35:54",1
3382,670561,Pappinisseri,Kannur,Kannur,4,"2023-08-14 09:46:32","2023-08-14 10:35:54",1
3385,670561,"Pappinisseri West",Kannur,Kannur,4,"2023-08-14 09:46:32","2023-08-14 10:35:54",1
3388,670561,Aroli,Kannur,Kannur,4,"2023-08-14 09:46:32","2023-08-14 10:35:54",1
3391,670562,Kalliasseri,Kannur,Kannur,4,"2023-08-14 09:46:32","2023-08-14 10:35:54",1
3394,670562,Kanul,Taliparamba,Kannur,4,"2023-08-14 09:46:32","2023-08-14 10:35:54",1
3397,670562,Kuttikol,Taliparamba,Kannur,4,"2023-08-14 09:46:32","2023-08-14 10:35:54",1
3400,670563,Nanichery,Taliparamba,Kannur,4,"2023-08-14 09:46:32","2023-08-14 10:35:54",1
3403,670563,Parassinikadavu,Taliparamba,Kannur,4,"2023-08-14 09:46:32","2023-08-14 10:35:54",1
3406,670567,"Kannur University Campus",Kannur,Kannur,4,"2023-08-14 09:46:32","2023-08-14 10:35:54",1
3409,670571,Therthally,Taliparamba,Kannur,4,"2023-08-14 09:46:32","2023-08-14 10:35:54",1
3412,670571,Vellad,Taliparamba,Kannur,4,"2023-08-14 09:46:32","2023-08-14 10:35:54",1
3415,670571,Udayagiri,Taliparamba,Kannur,4,"2023-08-14 09:46:32","2023-08-14 10:35:54",1
3418,670571,Vijayagiri,Taliparamba,Kannur,4,"2023-08-14 09:46:32","2023-08-14 10:35:54",1
3421,670571,Pathampara,Taliparamba,Kannur,4,"2023-08-14 09:46:32","2023-08-14 10:35:54",1
3424,670571,Ottathai,Taliparamba,Kannur,4,"2023-08-14 09:46:32","2023-08-14 10:35:54",1
3427,670571,Nellipara,Taliparamba,Kannur,4,"2023-08-14 09:46:32","2023-08-14 10:35:54",1
3430,670571,Karuvanchal,Taliparamba,Kannur,4,"2023-08-14 09:46:32","2023-08-14 10:35:54",1
3433,670571,Kottayad,Taliparamba,Kannur,4,"2023-08-14 09:46:32","2023-08-14 10:35:54",1
3436,670571,Manakadavu,Taliparamba,Kannur,4,"2023-08-14 09:46:32","2023-08-14 10:35:54",1
3439,670571,Rayarom,Taliparamba,Kannur,4,"2023-08-14 09:46:32","2023-08-14 10:35:54",1
3442,670571,Alakode,Taliparamba,Kannur,4,"2023-08-14 09:46:32","2023-08-14 10:35:54",1
3445,670571,Karthikapuram,Taliparamba,Kannur,4,"2023-08-14 09:46:32","2023-08-14 10:35:54",1
3448,670571,Alakode-kuttaramba,Taliparamba,Kannur,4,"2023-08-14 09:46:32","2023-08-14 10:35:54",1
3451,670571,Arivilanjapoyil,Taliparamba,Kannur,4,"2023-08-14 09:46:32","2023-08-14 10:35:54",1
3454,670571,Chittodi,Taliparamba,Kannur,4,"2023-08-14 09:46:32","2023-08-14 10:35:54",1
3457,670581,Chepparapadava,Taliparamba,Kannur,4,"2023-08-14 09:46:32","2023-08-14 10:35:54",1
3460,670581,Edakkom,Taliparamba,Kannur,4,"2023-08-14 09:46:32","2023-08-14 10:35:54",1
3463,670581,Eruvatty-chapparapadava,Taliparamba,Kannur,4,"2023-08-14 09:46:32","2023-08-14 10:35:54",1
3466,670581,Karippal,Taliparamba,Kannur,4,"2023-08-14 09:46:32","2023-08-14 10:35:54",1
3469,670581,Kooveri,Taliparamba,Kannur,4,"2023-08-14 09:46:32","2023-08-14 10:35:54",1
3472,670581,Thadikadavu,Taliparamba,Kannur,4,"2023-08-14 09:46:32","2023-08-14 10:35:54",1
3475,670581,Padappangad,Taliparamba,Kannur,4,"2023-08-14 09:46:32","2023-08-14 10:35:54",1
3478,670581,Thimiri-chepparapadava,Taliparamba,Kannur,4,"2023-08-14 09:46:32","2023-08-14 10:35:54",1
3481,670582,Arang,Taliparamba,Kannur,4,"2023-08-14 09:46:32","2023-08-14 10:35:54",1
3484,670582,Vayattuparamba,Taliparamba,Kannur,4,"2023-08-14 09:46:32","2023-08-14 10:35:54",1
3487,670582,Areekamala,Taliparamba,Kannur,4,"2023-08-14 09:46:32","2023-08-14 10:35:54",1
3490,670582,Mandalam,Taliparamba,Kannur,4,"2023-08-14 09:46:32","2023-08-14 10:35:54",1
3493,670582,Kudiyanmala,Taliparamba,Kannur,4,"2023-08-14 09:46:32","2023-08-14 10:35:54",1
3496,670582,Pottampilavu,Taliparamba,Kannur,4,"2023-08-14 09:46:32","2023-08-14 10:35:54",1
3499,670582,Pulikurumba,Taliparamba,Kannur,4,"2023-08-14 09:46:32","2023-08-14 10:35:54",1
3502,670582,Naduvil,Taliparamba,Kannur,4,"2023-08-14 09:46:32","2023-08-14 10:35:54",1
3505,670591,Munderi,Kannur,Kannur,4,"2023-08-14 09:46:32","2023-08-14 10:35:54",1
3508,670591,Eachur,Kannur,Kannur,4,"2023-08-14 09:46:32","2023-08-14 10:35:54",1
3511,670592,Chekkikulam,Taliparamba,Kannur,4,"2023-08-14 09:46:32","2023-08-14 10:35:54",1
3514,670592,Koodali,Thalassery,Kannur,4,"2023-08-14 09:46:32","2023-08-14 10:35:54",1
3517,670592,Chattuvapara,Taliparamba,Kannur,4,"2023-08-14 09:46:32","2023-08-14 10:35:54",1
3520,670592,Kanhirode,Kannur,Kannur,4,"2023-08-14 09:46:32","2023-08-14 10:35:54",1
3523,670593,Kalliad,Taliparamba,Kannur,4,"2023-08-14 09:46:32","2023-08-14 10:35:54",1
3526,670593,Peruvalathuparamba,Taliparamba,Kannur,4,"2023-08-14 09:46:32","2023-08-14 10:35:54",1
3529,670593,Kusavanvayal,Taliparamba,Kannur,4,"2023-08-14 09:46:32","2023-08-14 10:35:54",1
3532,670593,Irukkur,Taliparamba,Kannur,4,"2023-08-14 09:46:32","2023-08-14 10:35:54",1
3535,670594,Varam,Kannur,Kannur,4,"2023-08-14 09:46:32","2023-08-14 10:35:54",1
3538,670594,Mundayad,Kannur,Kannur,4,"2023-08-14 09:46:32","2023-08-14 10:35:54",1
3541,670595,Pattanur,Thalassery,Kannur,4,"2023-08-14 09:46:32","2023-08-14 10:35:54",1
3544,670595,Edayannur,Thalassery,Kannur,4,"2023-08-14 09:46:32","2023-08-14 10:35:54",1
3547,670595,Elampara,Thalassery,Kannur,4,"2023-08-14 09:46:32","2023-08-14 10:35:54",1
3550,670601,Kolacherry,Taliparamba,Kannur,4,"2023-08-14 09:46:32","2023-08-14 10:35:54",1
3553,670601,Cherupazhassi,Taliparamba,Kannur,4,"2023-08-14 09:46:32","2023-08-14 10:35:54",1
3556,670601,Narath,Kannur,Kannur,4,"2023-08-14 09:46:32","2023-08-14 10:35:54",1
3559,670602,Kandakai,Taliparamba,Kannur,4,"2023-08-14 09:46:32","2023-08-14 10:35:54",1
3562,670602,Pavanoormotta,Taliparamba,Kannur,4,"2023-08-14 09:46:32","2023-08-14 10:35:54",1
3565,670602,Kayaralam,Taliparamba,Kannur,4,"2023-08-14 09:46:32","2023-08-14 10:35:54",1
3568,670602,Kuttiyattur,Taliparamba,Kannur,4,"2023-08-14 09:46:32","2023-08-14 10:35:54",1
3571,670602,Mullakodi,Taliparamba,Kannur,4,"2023-08-14 09:46:32","2023-08-14 10:35:54",1
3574,670602,Mayyil,Taliparamba,Kannur,4,"2023-08-14 09:46:32","2023-08-14 10:35:54",1
3577,670604,Kannadiparamba,Kannur,Kannur,4,"2023-08-14 09:46:32","2023-08-14 10:35:54",1
3580,670604,Cheleri,Taliparamba,Kannur,4,"2023-08-14 09:46:32","2023-08-14 10:35:54",1
3583,670611,Mamba,Kannur,Kannur,4,"2023-08-14 09:46:32","2023-08-14 10:35:54",1
3586,670611,Muzhappala,Kannur,Kannur,4,"2023-08-14 09:46:32","2023-08-14 10:35:54",1
3589,670612,Kezhallur,Thalassery,Kannur,4,"2023-08-14 09:46:32","2023-08-14 10:35:54",1
3592,670612,Anjarakandy,Thalassery,Kannur,4,"2023-08-14 09:46:32","2023-08-14 10:35:54",1
3595,670612,Vengad,Thalassery,Kannur,4,"2023-08-14 09:46:32","2023-08-14 10:35:54",1
3598,670612,Muringeri,Kannur,Kannur,4,"2023-08-14 09:46:32","2023-08-14 10:35:54",1
3601,670613,Mowancheri,Kannur,Kannur,4,"2023-08-14 09:46:32","2023-08-14 10:35:54",1
3604,670613,Iriveri,Kannur,Kannur,4,"2023-08-14 09:46:32","2023-08-14 10:35:54",1
3607,670621,"Chala East",Kannur,Kannur,4,"2023-08-14 09:46:32","2023-08-14 10:35:54",1
3610,670621,Kadachira,Kannur,Kannur,4,"2023-08-14 09:46:32","2023-08-14 10:35:54",1
3613,670621,Poduvachery,Kannur,Kannur,4,"2023-08-14 09:46:32","2023-08-14 10:35:54",1
3616,670621,Koyyode,Kannur,Kannur,4,"2023-08-14 09:46:32","2023-08-14 10:35:54",1
3619,670622,Mundalur,Kannur,Kannur,4,"2023-08-14 09:46:32","2023-08-14 10:35:54",1
3622,670622,Mavilayi,Kannur,Kannur,4,"2023-08-14 09:46:32","2023-08-14 10:35:54",1
3625,670622,Bavode,Kannur,Kannur,4,"2023-08-14 09:46:32","2023-08-14 10:35:54",1
3628,670622,Makreri,Kannur,Kannur,4,"2023-08-14 09:46:32","2023-08-14 10:35:54",1
3631,670631,Cherikode,Taliparamba,Kannur,4,"2023-08-14 09:46:32","2023-08-14 10:35:54",1
3634,670631,Chengalayi,Taliparamba,Kannur,4,"2023-08-14 09:46:32","2023-08-14 10:35:54",1
3637,670631,Chempanthotty,Taliparamba,Kannur,4,"2023-08-14 09:46:32","2023-08-14 10:35:54",1
3640,670631,Kootumugham,Taliparamba,Kannur,4,"2023-08-14 09:46:32","2023-08-14 10:35:54",1
3643,670631,Kaithapram,Taliparamba,Kannur,4,"2023-08-14 09:46:32","2023-08-14 10:35:54",1
3646,670631,Sreekandapuram,Taliparamba,Kannur,4,"2023-08-14 09:46:32","2023-08-14 10:35:54",1
3649,670631,Malapattam,Taliparamba,Kannur,4,"2023-08-14 09:46:32","2023-08-14 10:35:54",1
3652,670631,Nedungome,Taliparamba,Kannur,4,"2023-08-14 09:46:32","2023-08-14 10:35:54",1
3655,670631,Nediyenga,Taliparamba,Kannur,4,"2023-08-14 09:46:32","2023-08-14 10:35:54",1
3658,670632,Eruvassi,Taliparamba,Kannur,4,"2023-08-14 09:46:32","2023-08-14 10:35:54",1
3661,670632,Nellikutty,Taliparamba,Kannur,4,"2023-08-14 09:46:32","2023-08-14 10:35:54",1
3664,670632,Chemperi,Taliparamba,Kannur,4,"2023-08-14 09:46:32","2023-08-14 10:35:54",1
3667,670632,Chundakunnu,Taliparamba,Kannur,4,"2023-08-14 09:46:32","2023-08-14 10:35:54",1
3670,670632,Kuniyampuzha,Taliparamba,Kannur,4,"2023-08-14 09:46:32","2023-08-14 10:35:54",1
3673,670632,Kayalampara,Taliparamba,Kannur,4,"2023-08-14 09:46:32","2023-08-14 10:35:54",1
3676,670633,Payyavur,Taliparamba,Kannur,4,"2023-08-14 09:46:32","2023-08-14 10:35:54",1
3679,670633,Pazhassikari,Taliparamba,Kannur,4,"2023-08-14 09:46:32","2023-08-14 10:35:54",1
3682,670633,Kanjirakolly,Taliparamba,Kannur,4,"2023-08-14 09:46:32","2023-08-14 10:35:54",1
3685,670633,Chandanakampara,Taliparamba,Kannur,4,"2023-08-14 09:46:32","2023-08-14 10:35:54",1
3688,670633,Chamathachal,Taliparamba,Kannur,4,"2023-08-14 09:46:32","2023-08-14 10:35:54",1
3691,670641,Ponniam,Thalassery,Kannur,4,"2023-08-14 09:46:32","2023-08-14 10:35:54",1
3694,670641,"Ponniam West",Thalassery,Kannur,4,"2023-08-14 09:46:32","2023-08-14 10:35:54",1
3697,670642,"Kizhakke Kadirur",Thalassery,Kannur,4,"2023-08-14 09:46:32","2023-08-14 10:35:54",1
3700,670642,Kadirur-tly,Thalassery,Kannur,4,"2023-08-14 09:46:32","2023-08-14 10:35:54",1
3703,670642,Eruvatty,Thalassery,Kannur,4,"2023-08-14 09:46:32","2023-08-14 10:35:54",1
3706,670643,"Ayithara Mambram",Thalassery,Kannur,4,"2023-08-14 09:46:32","2023-08-14 10:35:54",1
3709,670643,"Kottayam Malabar",Thalassery,Kannur,4,"2023-08-14 09:46:32","2023-08-14 10:35:54",1
3712,670643,Manantheri,Thalassery,Kannur,4,"2023-08-14 09:46:32","2023-08-14 10:35:54",1
3715,670643,Kuthuparamba,Thalassery,Kannur,4,"2023-08-14 09:46:32","2023-08-14 10:35:54",1
3718,670643,Mangattidam,Thalassery,Kannur,4,"2023-08-14 09:46:32","2023-08-14 10:35:54",1
3721,670643,Pachapoika,Thalassery,Kannur,4,"2023-08-14 09:46:32","2023-08-14 10:35:54",1
3724,670643,Sankaranellur,Thalassery,Kannur,4,"2023-08-14 09:46:32","2023-08-14 10:35:54",1
3727,670643,Mooriyad,Thalassery,Kannur,4,"2023-08-14 09:46:32","2023-08-14 10:35:54",1
3730,670649,Kavumbhagam,Thalassery,Kannur,4,"2023-08-14 09:46:32","2023-08-14 10:35:54",1
3733,670649,Ummenchira,Thalassery,Kannur,4,"2023-08-14 09:46:32","2023-08-14 10:35:54",1
3736,670650,Alacherry,Thalassery,Kannur,4,"2023-08-14 09:46:32","2023-08-14 10:35:54",1
3739,670650,"Kannavam Colony",Thalassery,Kannur,4,"2023-08-14 09:46:32","2023-08-14 10:35:54",1
3742,670650,Cheruvancheri,Thalassery,Kannur,4,"2023-08-14 09:46:32","2023-08-14 10:35:54",1
3745,670650,Peruva,Thalassery,Kannur,4,"2023-08-14 09:46:32","2023-08-14 10:35:54",1
3748,670650,Vayannur,Thalassery,Kannur,4,"2023-08-14 09:46:32","2023-08-14 10:35:54",1
3751,670650,Nedumpoil,Thalassery,Kannur,4,"2023-08-14 09:46:32","2023-08-14 10:35:54",1
3754,670650,Poolakutty,Thalassery,Kannur,4,"2023-08-14 09:46:32","2023-08-14 10:35:54",1
3757,670650,Kannoth,Thalassery,Kannur,4,"2023-08-14 09:46:32","2023-08-14 10:35:54",1
3760,670650,Kolayad,Thalassery,Kannur,4,"2023-08-14 09:46:32","2023-08-14 10:35:54",1
3763,670650,Chittariparamba,Thalassery,Kannur,4,"2023-08-14 09:46:32","2023-08-14 10:35:54",1
3766,670651,Chunkakunnu,Thalassery,Kannur,4,"2023-08-14 09:46:32","2023-08-14 10:35:54",1
3769,670651,Ambayathode,Thalassery,Kannur,4,"2023-08-14 09:46:32","2023-08-14 10:35:54",1
3772,670651,Kottiyur,Thalassery,Kannur,4,"2023-08-14 09:46:32","2023-08-14 10:35:54",1
3775,670661,Palayad,Thalassery,Kannur,4,"2023-08-14 09:46:33","2023-08-14 10:35:54",1
3778,670661,Melur-tly,Thalassery,Kannur,4,"2023-08-14 09:46:33","2023-08-14 10:35:54",1
3781,670662,Muzhappilangad,Thalassery,Kannur,4,"2023-08-14 09:46:33","2023-08-14 10:35:54",1
3784,670663,Etakkad,Kannur,Kannur,4,"2023-08-14 09:46:33","2023-08-14 10:35:54",1
3787,670663,Kuttikkakam,Kannur,Kannur,4,"2023-08-14 09:46:33","2023-08-14 10:35:54",1
3790,670663,Kadambur-kannur,Kannur,Kannur,4,"2023-08-14 09:46:33","2023-08-14 10:35:54",1
3793,670671,Panniyannur,Thalassery,Kannur,4,"2023-08-14 09:46:33","2023-08-14 10:35:54",1
3796,670671,Paral,Thalassery,Kannur,4,"2023-08-14 09:46:33","2023-08-14 10:35:54",1
3799,670671,Vayalalam,Thalassery,Kannur,4,"2023-08-14 09:46:33","2023-08-14 10:35:54",1
3802,670672,Pullookkara,Thalassery,Kannur,4,"2023-08-14 09:46:33","2023-08-14 10:35:54",1
3805,670672,Chokli,,Kannur,4,"2023-08-14 09:46:33","2023-08-14 10:35:54",1
3808,670672,Aniyaram,,Kannur,4,"2023-08-14 09:46:33","2023-08-14 10:35:54",1
3811,670673,"Aralam Farm",Thalassery,Kannur,4,"2023-08-14 09:46:33","2023-08-14 10:35:54",1
3814,670673,Thondiyil,Thalassery,Kannur,4,"2023-08-14 09:46:33","2023-08-14 10:35:54",1
3817,670673,Kakkengad,Thalassery,Kannur,4,"2023-08-14 09:46:33","2023-08-14 10:35:54",1
3820,670673,Tholambra,Thalassery,Kannur,4,"2023-08-14 09:46:33","2023-08-14 10:35:54",1
3823,670673,Peravoor,Thalassery,Kannur,4,"2023-08-14 09:46:33","2023-08-14 10:35:54",1
3826,670673,Perumpunna,Thalassery,Kannur,4,"2023-08-14 09:46:33","2023-08-14 10:35:54",1
3829,670673,Melmuringodi,Thalassery,Kannur,4,"2023-08-14 09:46:33","2023-08-14 10:35:54",1
3832,670673,Vellarvelly,Thalassery,Kannur,4,"2023-08-14 09:46:33","2023-08-14 10:35:54",1
3835,670673,Muzhakunnu,Thalassery,Kannur,4,"2023-08-14 09:46:33","2023-08-14 10:35:54",1
3838,670673,Kolakkad,Thalassery,Kannur,4,"2023-08-14 09:46:33","2023-08-14 10:35:54",1
3841,670674,Santhigiri,Thalassery,Kannur,4,"2023-08-14 09:46:33","2023-08-14 10:35:54",1
3844,670674,Atakkathode,Thalassery,Kannur,4,"2023-08-14 09:46:33","2023-08-14 10:35:54",1
3847,670674,Manathana,Thalassery,Kannur,4,"2023-08-14 09:46:33","2023-08-14 10:35:54",1
3850,670674,Kanichar,Thalassery,Kannur,4,"2023-08-14 09:46:33","2023-08-14 10:35:54",1
3853,670674,Malayampadi,Thalassery,Kannur,4,"2023-08-14 09:46:33","2023-08-14 10:35:54",1
3856,670674,Chettiamparamba,Thalassery,Kannur,4,"2023-08-14 09:46:33","2023-08-14 10:35:54",1
3859,670674,Kelakam,Thalassery,Kannur,4,"2023-08-14 09:46:33","2023-08-14 10:35:54",1
3862,670674,Vellunni,Thalassery,Kannur,4,"2023-08-14 09:46:33","2023-08-14 10:35:54",1
3865,670675,Mekkunnu,,Kannur,4,"2023-08-14 09:46:33","2023-08-14 10:35:54",1
3868,670675,Kidanhi,Thalassery,Kannur,4,"2023-08-14 09:46:33","2023-08-14 10:35:54",1
3871,670675,Puliyanambram,Thalassery,Kannur,4,"2023-08-14 09:46:33","2023-08-14 10:35:54",1
3874,670675,Peringathur,Thalassery,Kannur,4,"2023-08-14 09:46:33","2023-08-14 10:35:54",1
3877,670676,Kadavathur,Thalassery,Kannur,4,"2023-08-14 09:46:33","2023-08-14 10:35:54",1
3880,670691,Pathayakunnu,Thalassery,Kannur,4,"2023-08-14 09:46:33","2023-08-14 10:35:54",1
3883,670691,Pukkot-kba,Thalassery,Kannur,4,"2023-08-14 09:46:33","2023-08-14 10:35:54",1
3886,670691,Kottayampoil,Thalassery,Kannur,4,"2023-08-14 09:46:33","2023-08-14 10:35:54",1
3889,670691,Mudiyanga,Thalassery,Kannur,4,"2023-08-14 09:46:33","2023-08-14 10:35:54",1
3892,670692,Panoor,Thalassery,Kannur,4,"2023-08-14 09:46:33","2023-08-14 10:35:54",1
3895,670692,Mokeri,Thalassery,Kannur,4,"2023-08-14 09:46:33","2023-08-14 10:35:54",1
3898,670692,Elangot,Thalassery,Kannur,4,"2023-08-14 09:46:33","2023-08-14 10:35:54",1
3901,670692,Puthur-panoor,Thalassery,Kannur,4,"2023-08-14 09:46:33","2023-08-14 10:35:54",1
3904,670692,Chendayad,Thalassery,Kannur,4,"2023-08-14 09:46:33","2023-08-14 10:35:54",1
3907,670693,Poyilur,Thalassery,Kannur,4,"2023-08-14 09:46:33","2023-08-14 10:35:54",1
3910,670693,Cheruparamba,Thalassery,Kannur,4,"2023-08-14 09:46:33","2023-08-14 10:35:54",1
3913,670693,Thuvakunnu,Thalassery,Kannur,4,"2023-08-14 09:46:33","2023-08-14 10:35:54",1
3916,670693,Vilakkottur,Thalassery,Kannur,4,"2023-08-14 09:46:33","2023-08-14 10:35:54",1
3919,670693,Narikkodmala,Thalassery,Kannur,4,"2023-08-14 09:46:33","2023-08-14 10:35:54",1
3922,670693,Kallikandy,Thalassery,Kannur,4,"2023-08-14 09:46:33","2023-08-14 10:35:54",1
3925,670694,Champad,Thalassery,Kannur,4,"2023-08-14 09:46:33","2023-08-14 10:35:54",1
3928,670694,Koorara,Thalassery,Kannur,4,"2023-08-14 09:46:33","2023-08-14 10:35:54",1
3931,670701,Mallannur,Thalassery,Kannur,4,"2023-08-14 09:46:33","2023-08-14 10:35:54",1
3934,670701,Ambilat,Thalasseery,Kannur,4,"2023-08-14 09:46:33","2023-08-14 10:35:54",1
3937,670701,Neerveli,Thalassery,Kannur,4,"2023-08-14 09:46:33","2023-08-14 10:35:54",1
3940,670701,Nirmalagiri,Thalassery,Kannur,4,"2023-08-14 09:46:33","2023-08-14 10:35:54",1
3943,670701,Palaparamba,Thalassery,Kannur,4,"2023-08-14 09:46:33","2023-08-14 10:35:54",1
3946,670702,Kolari,Thalassery,Kannur,4,"2023-08-14 09:46:33","2023-08-14 10:35:54",1
3949,670702,Malur,Thalassery,Kannur,4,"2023-08-14 09:46:33","2023-08-14 10:35:54",1
3952,670702,Uruvachal,Thalasery,Kannur,4,"2023-08-14 09:46:33","2023-08-14 10:35:54",1
3955,670702,Mattanur,Thalassery,Kannur,4,"2023-08-14 09:46:33","2023-08-14 10:35:54",1
3958,670702,Thillenkeri,Thalassery,Kannur,4,"2023-08-14 09:46:33","2023-08-14 10:35:54",1
3961,670702,Chavasseri,Thalassery,Kannur,4,"2023-08-14 09:46:33","2023-08-14 10:35:54",1
3964,670702,Naduvanad,Thalassery,Kannur,4,"2023-08-14 09:46:33","2023-08-14 10:35:54",1
3967,670702,Uliyil,Thalassery,Kannur,4,"2023-08-14 09:46:33","2023-08-14 10:35:54",1
3970,670702,"Pazhassiraja Nagar",Thalassery,Kannur,4,"2023-08-14 09:46:33","2023-08-14 10:35:54",1
3973,670702,Porora,Thalassery,Kannur,4,"2023-08-14 09:46:33","2023-08-14 10:35:54",1
3976,670702,Sivapuram,Thalassery,Kannur,4,"2023-08-14 09:46:33","2023-08-14 10:35:54",1
3979,670702,Kayani,Thalassery,Kannur,4,"2023-08-14 09:46:33","2023-08-14 10:35:54",1
3982,670702,"Mattanur College",Thalassery,Kannur,4,"2023-08-14 09:46:33","2023-08-14 10:35:54",1
3985,670702,Keecheri,Thalassery,Kannur,4,"2023-08-14 09:46:33","2023-08-14 10:35:54",1
3988,670702,"Kara- Peravoor",Thalassery,Kannur,4,"2023-08-14 09:46:33","2023-08-14 10:35:54",1
3991,670702,Kanhileri,Thalassery,Kannur,4,"2023-08-14 09:46:33","2023-08-14 10:35:54",1
3994,670703,Vilakkode,Thalassery,Kannur,4,"2023-08-14 09:46:33","2023-08-14 10:35:54",1
3997,670703,Padiyur-kannur,Thalassery,Kannur,4,"2023-08-14 09:46:33","2023-08-14 10:35:54",1
4000,670703,Iritty,Thalassery,Kannur,4,"2023-08-14 09:46:33","2023-08-14 10:35:54",1
4003,670703,Keezhur-iritty,Thalassery,Kannur,4,"2023-08-14 09:46:33","2023-08-14 10:35:54",1
4006,670703,Madathil,Thalassery,Kannur,4,"2023-08-14 09:46:33","2023-08-14 10:35:54",1
4009,670703,Kalluvayal,Taliparamba,Kannur,4,"2023-08-14 09:46:33","2023-08-14 10:35:54",1
4012,670703,Punnad,Thalassery,Kannur,4,"2023-08-14 09:46:33","2023-08-14 10:35:54",1
4015,670704,Aralam,Thalassery,Kannur,4,"2023-08-14 09:46:33","2023-08-14 10:35:54",1
4018,670704,Velimanam,Thalassery,Kannur,4,"2023-08-14 09:46:33","2023-08-14 10:35:54",1
4021,670704,Veerpad,Thalassery,Kannur,4,"2023-08-14 09:46:33","2023-08-14 10:35:54",1
4024,670704,"Payam East",Thalassery,Kannur,4,"2023-08-14 09:46:33","2023-08-14 10:35:54",1
4027,670704,Koomanthode,Thalassery,Kannur,4,"2023-08-14 09:46:33","2023-08-14 10:35:54",1
4030,670704,Edapuzha,Thalassery,Kannur,4,"2023-08-14 09:46:33","2023-08-14 10:35:54",1
4033,670704,Payam,Thalassery,Kannur,4,"2023-08-14 09:46:33","2023-08-14 10:35:54",1
4036,670704,Mundayamparamba,Thalassery,Kannur,4,"2023-08-14 09:46:33","2023-08-14 10:35:54",1
4039,670704,Keezhpalli,Thalassery,Kannur,4,"2023-08-14 09:46:33","2023-08-14 10:35:54",1
4042,670705,Arabi,Taliparamba,Kannur,4,"2023-08-14 09:46:33","2023-08-14 10:35:54",1
4045,670705,Parikkalam,Taliparamba,Kannur,4,"2023-08-14 09:46:33","2023-08-14 10:35:54",1
4048,670705,Ulikkal,Taliparamba,Kannur,4,"2023-08-14 09:46:33","2023-08-14 10:35:54",1
4051,670705,Nuchiyad,Taliparamba,Kannur,4,"2023-08-14 09:46:33","2023-08-14 10:35:54",1
4054,670705,Kalanki,Taliparamba,Kannur,4,"2023-08-14 09:46:33","2023-08-14 10:35:54",1
4057,670705,Manippara,Taliparamba,Kannur,4,"2023-08-14 09:46:33","2023-08-14 10:35:54",1
4060,670705,Manikkadavu,Taliparamba,Kannur,4,"2023-08-14 09:46:33","2023-08-14 10:35:54",1
4063,670705,Vattiamthode,Taliparamba,Kannur,4,"2023-08-14 09:46:33","2023-08-14 10:35:54",1
4066,670706,Randamkadavu,Thalassery,Kannur,4,"2023-08-14 09:46:33","2023-08-14 10:35:54",1
4069,670706,Perinkeri,Thalassery,Kannur,4,"2023-08-14 09:46:33","2023-08-14 10:35:54",1
4072,670706,Kiliyanthara,Thalassery,Kannur,4,"2023-08-14 09:46:33","2023-08-14 10:35:54",1
4075,670706,Koottupuzha,Taliparamba,Kannur,4,"2023-08-14 09:46:33","2023-08-14 10:35:54",1
4078,670706,Kacherikadavu,Thalassery,Kannur,4,"2023-08-14 09:46:33","2023-08-14 10:35:54",1
4081,670706,Charal,Thalassery,Kannur,4,"2023-08-14 09:46:33","2023-08-14 10:35:54",1
4084,670706,Kolithattu,Taliparamba,Kannur,4,"2023-08-14 09:46:33","2023-08-14 10:35:54",1
4087,670706,Angadikadavu,Thalassery,Kannur,4,"2023-08-14 09:46:33","2023-08-14 10:35:54",1
4090,670741,Pathiriyad,Thalassery,Kannur,4,"2023-08-14 09:46:33","2023-08-14 10:35:54",1
4093,670741,Mambram,Thalasery,Kannur,4,"2023-08-14 09:46:33","2023-08-14 10:35:54",1
4096,670741,Pinarayi,Thalassery,Kannur,4,"2023-08-14 09:46:33","2023-08-14 10:35:54",1
4099,670741,Parapram,Thalassery,Kannur,4,"2023-08-14 09:46:33","2023-08-14 10:35:54",1
4102,673311,"New Mahe",Thalassery,Kannur,4,"2023-08-14 09:46:33","2023-08-14 10:35:54",1
4105,673312,Peringadi,,Kannur,4,"2023-08-14 09:46:33","2023-08-14 10:35:54",1
4108,673313,Olavilam,,Kannur,4,"2023-08-14 09:46:33","2023-08-14 10:35:54",1
4111,673316,"Kariyad South",Thalassery,Kannur,4,"2023-08-14 09:46:33","2023-08-14 10:35:54",1
4114,670511,Kannivayal,Hosdurg,Kasaragod,3,"2023-08-14 09:46:33","2023-08-14 10:37:33",1
4117,670511,Palavayal,Hosdurg,Kasaragod,3,"2023-08-14 09:46:33","2023-08-14 10:37:33",1
4120,670511,Thayyeni,Hosdurg,Kasaragod,3,"2023-08-14 09:46:33","2023-08-14 10:37:33",1
4123,670511,Kamballur,Hosdurg,Kasaragod,3,"2023-08-14 09:46:33","2023-08-14 10:37:33",1
4126,670511,Kadumeni,Hosdurg,Kasaragod,3,"2023-08-14 09:46:33","2023-08-14 10:37:33",1
4129,671121,Kasaragod,Kasaragod,Kasaragod,3,"2023-08-14 09:46:33","2023-08-14 10:37:33",1
4132,671121,"Kasaragod R S",Kasaragod,Kasaragod,3,"2023-08-14 09:46:33","2023-08-14 10:37:33",1
4135,671121,Adkathbail,Kasaragod,Kasaragod,3,"2023-08-14 09:46:33","2023-08-14 10:37:33",1
4138,671122,Talangara,Kasaragod,Kasaragod,3,"2023-08-14 09:46:33","2023-08-14 10:37:33",1
4141,671123,Cheroor,Kasaragod,Kasaragod,3,"2023-08-14 09:46:33","2023-08-14 10:37:33",1
4144,671123,Kallakatta,Kasaragod,Kasaragod,3,"2023-08-14 09:46:33","2023-08-14 10:37:33",1
4147,671123,Muttathody,Kasaragod,Kasaragod,3,"2023-08-14 09:46:33","2023-08-14 10:37:33",1
4150,671123,Hidayathnagar,Kasaragod,Kasaragod,3,"2023-08-14 09:46:33","2023-08-14 10:37:33",1
4153,671123,"Vidyanagar (Kasargod)",Kasaragod,Kasaragod,3,"2023-08-14 09:46:33","2023-08-14 10:37:33",1
4156,671123,Alampady,Kasaragod,Kasaragod,3,"2023-08-14 09:46:33","2023-08-14 10:37:33",1
4159,671124,"Mogral Puthur",Kasaragod,Kasaragod,3,"2023-08-14 09:46:33","2023-08-14 10:37:33",1
4162,671124,Bedradka,Kasaragod,Kasaragod,3,"2023-08-14 09:46:33","2023-08-14 10:37:33",1
4165,671124,Ramdasnagar,Kasaragod,Kasaragod,3,"2023-08-14 09:46:33","2023-08-14 10:37:33",1
4168,671124,Kudlu,Kasaragod,Kasaragod,3,"2023-08-14 09:46:33","2023-08-14 10:37:33",1
4171,671124,Mayipady,Kasaragod,Kasaragod,3,"2023-08-14 09:46:33","2023-08-14 10:37:33",1
4174,671124,Patla,Kasaragod,Kasaragod,3,"2023-08-14 09:46:33","2023-08-14 10:37:33",1
4177,671124,Madhur,Kasaragod,Kasaragod,3,"2023-08-14 09:46:33","2023-08-14 10:37:33",1
4180,671124,Shiribagilu,Kasaragod,Kasaragod,3,"2023-08-14 09:46:33","2023-08-14 10:37:33",1
4183,671310,"Trikarpur Kadapuram",Hosdurg,Kasaragod,3,"2023-08-14 09:46:33","2023-08-14 10:37:33",1
4186,671310,Pilicode,Hosdurg,Kasaragod,3,"2023-08-14 09:46:33","2023-08-14 10:37:33",1
4189,671310,Vellap,Hosdurg,Kasaragod,3,"2023-08-14 09:46:33","2023-08-14 10:37:33",1
4192,671310,Olat,Hosdurg,Kasaragod,3,"2023-08-14 09:46:33","2023-08-14 10:37:33",1
4195,671310,Edachakai,Hosdurg,Kasaragod,3,"2023-08-14 09:46:33","2023-08-14 10:37:33",1
4198,671310,Trikarpur,Hosdurg,Kasaragod,3,"2023-08-14 09:46:33","2023-08-14 10:37:33",1
4201,671310,Udinur,Hosdurg,Kasaragod,3,"2023-08-14 09:46:33","2023-08-14 10:37:33",1
4204,671310,Kotakkat,Hosdurg,Kasaragod,3,"2023-08-14 09:46:33","2023-08-14 10:37:33",1
4207,671310,Maniyat,Hosdurg,Kasaragod,3,"2023-08-14 09:46:33","2023-08-14 10:37:33",1
4210,671311,"Trikarpur South",Hosdurg,Kasaragod,3,"2023-08-14 09:46:33","2023-08-14 10:37:33",1
4213,671311,Elambachi,Hosdurg,Kasaragod,3,"2023-08-14 09:46:33","2023-08-14 10:37:33",1
4216,671311,Udumbanthala,Hosdurg,Kasaragod,3,"2023-08-14 09:46:33","2023-08-14 10:37:33",1
4219,671312,Valiaparaba,Hosdurg,Kasaragod,3,"2023-08-14 09:46:33","2023-08-14 10:37:33",1
4222,671312,Padnekadapuram,Hosdurg,Kasaragod,3,"2023-08-14 09:46:33","2023-08-14 10:37:33",1
4225,671312,Padne,Hosdurg,Kasaragod,3,"2023-08-14 09:46:33","2023-08-14 10:37:33",1
4228,671312,Mavilakadapuram,Hosdurg,Kasaragod,3,"2023-08-14 09:46:33","2023-08-14 10:37:33",1
4231,671313,Valiapoil,Hosdurg,Kasaragod,3,"2023-08-14 09:46:33","2023-08-14 10:37:33",1
4234,671313,Kayyur,Hosdurg,Kasaragod,3,"2023-08-14 09:46:33","2023-08-14 10:37:33",1
4237,671313,Perumbatta,Hosdurg,Kasaragod,3,"2023-08-14 09:46:33","2023-08-14 10:37:33",1
4240,671313,"Timiri - Chervathur",Hosdurg,Kasaragod,3,"2023-08-14 09:46:33","2023-08-14 10:37:33",1
4243,671313,Kaithakkad,Hosdurg,Kasaragod,3,"2023-08-14 09:46:33","2023-08-14 10:37:33",1
4246,671313,Chimeni,Hosdurg,Kasaragod,3,"2023-08-14 09:46:33","2023-08-14 10:37:33",1
4249,671313,Chervathur,Hosdurg,Kasaragod,3,"2023-08-14 09:46:33","2023-08-14 10:37:33",1
4252,671313,Pettikundu,Hosdurg,Kasaragod,3,"2023-08-14 09:46:33","2023-08-14 10:37:33",1
4255,671313,Kilaikote,Hosdurg,Kasaragod,3,"2023-08-14 09:46:33","2023-08-14 10:37:33",1
4258,671313,Podavur,Hosdurg,Kasaragod,3,"2023-08-14 09:46:33","2023-08-14 10:37:33",1
4261,671314,Nileshwar,Hosdurg,Kasaragod,3,"2023-08-14 09:46:33","2023-08-14 10:37:33",1
4264,671314,Periyanganam,Hosdurg,Kasaragod,3,"2023-08-14 09:46:33","2023-08-14 10:37:33",1
4267,671314,Kottapuram,Hosdurg,Kasaragod,3,"2023-08-14 09:46:33","2023-08-14 10:37:33",1
4270,671314,Pudukai,Hosdurg,Kasaragod,3,"2023-08-14 09:46:33","2023-08-14 10:37:33",1
4273,671314,Bengalam,Hosdurg,Kasaragod,3,"2023-08-14 09:46:33","2023-08-14 10:37:33",1
4276,671314,"West Eleri",Hosdurg,Kasaragod,3,"2023-08-14 09:46:33","2023-08-14 10:37:33",1
4279,671314,Bheemanady,Hosdurg,Kasaragod,3,"2023-08-14 09:46:33","2023-08-14 10:37:33",1
4282,671314,Thaikadapuram,Hosdurg,Kasaragod,3,"2023-08-14 09:46:33","2023-08-14 10:37:33",1
4285,671314,Elerithattu,Hosdurg,Kasaragod,3,"2023-08-14 09:46:33","2023-08-14 10:37:33",1
4288,671314,Uppilakai,Hosdurg,Kasaragod,3,"2023-08-14 09:46:33","2023-08-14 10:37:33",1
4291,671314,Chathamath,Hosdurg,Kasaragod,3,"2023-08-14 09:46:33","2023-08-14 10:37:33",1
4294,671314,Padnekkad,Hosdurg,Kasaragod,3,"2023-08-14 09:46:33","2023-08-14 10:37:33",1
4297,671314,Chayoth,Hosdurg,Kasaragod,3,"2023-08-14 09:46:33","2023-08-14 10:37:33",1
4300,671314,Puthariadukkam,Hosdurg,Kasaragod,3,"2023-08-14 09:46:33","2023-08-14 10:37:33",1
4303,671314,Madikai,Hosdurg,Kasaragod,3,"2023-08-14 09:46:33","2023-08-14 10:37:33",1
4306,671314,Karindala,Hosdurg,Kasaragod,3,"2023-08-14 09:46:33","2023-08-14 10:37:33",1
4309,671314,Kollampara,Hosdurg,Kasaragod,3,"2023-08-14 09:46:33","2023-08-14 10:37:33",1
4312,671314,Kattipoil,Hosdurg,Kasaragod,3,"2023-08-14 09:46:33","2023-08-14 10:37:33",1
4315,671314,"Kottamala Estate",Hosdurg,Kasaragod,3,"2023-08-14 09:46:33","2023-08-14 10:37:33",1
4318,671314,Ozhinhavalappu,Hosdurg,Kasaragod,3,"2023-08-14 09:46:33","2023-08-14 10:37:33",1
4321,671314,Erikulam,Hosdurg,Kasaragod,3,"2023-08-14 09:46:33","2023-08-14 10:37:33",1
4324,671314,Kalichanadukam,Hosdurg,Kasaragod,3,"2023-08-14 09:46:33","2023-08-14 10:37:33",1
4327,671315,Kottacherry,Hosdurg,Kasaragod,3,"2023-08-14 09:46:33","2023-08-14 10:37:33",1
4330,671315,Kanhangad,Hosdurg,Kasaragod,3,"2023-08-14 09:46:33","2023-08-14 10:37:33",1
4333,671316,Pakkom,Hosdurg,Kasaragod,3,"2023-08-14 09:46:33","2023-08-14 10:37:33",1
4336,671316,"Bekal Fort",Hosdurg,Kasaragod,3,"2023-08-14 09:46:33","2023-08-14 10:37:33",1
4339,671316,Keekan,Hosdurg,Kasaragod,3,"2023-08-14 09:46:33","2023-08-14 10:37:33",1
4342,671316,Periye,Hosdurg,Kasaragod,3,"2023-08-14 09:46:33","2023-08-14 10:37:33",1
4345,671316,Ravaneshwaram,Hosdurg,Kasaragod,3,"2023-08-14 09:46:33","2023-08-14 10:37:33",1
4348,671316,Movval,Hosdurg,Kasaragod,3,"2023-08-14 09:46:33","2023-08-14 10:37:33",1
4351,671316,Manikoth,Hosdurg,Kasaragod,3,"2023-08-14 09:46:33","2023-08-14 10:37:33",1
4354,671316,Chittari,Hosdurg,Kasaragod,3,"2023-08-14 09:46:33","2023-08-14 10:37:33",1
4357,671317,Paravanadkam,Kasaragod,Kasaragod,3,"2023-08-14 09:46:33","2023-08-14 10:37:33",1
4360,671317,Chandragiri,Kasaragod,Kasaragod,3,"2023-08-14 09:46:33","2023-08-14 10:37:33",1
4363,671317,Kalnad,Kasaragod,Kasaragod,3,"2023-08-14 09:46:33","2023-08-14 10:37:33",1
4366,671317,Chamnad,Kasaragod,Kasaragod,3,"2023-08-14 09:46:33","2023-08-14 10:37:33",1
4369,671317,Perumbala,Kasaragod,Kasaragod,3,"2023-08-14 09:46:33","2023-08-14 10:37:33",1
4372,671318,Paniyal,Hosdurg,Kasaragod,3,"2023-08-14 09:46:33","2023-08-14 10:37:33",1
4375,671318,Bekal,Hosdurg,Kasaragod,3,"2023-08-14 09:46:33","2023-08-14 10:37:33",1
4378,671319,Bare,Hosdurg,Kasaragod,3,"2023-08-14 09:46:33","2023-08-14 10:37:33",1
4381,671319,"Umda - Padinhare",Hosdurg,Kasaragod,3,"2023-08-14 09:46:33","2023-08-14 10:37:33",1
4384,671319,Mylatti,Hosdurg,Kasaragod,3,"2023-08-14 09:46:33","2023-08-14 10:37:33",1
4387,671319,Udma,Hosdurg,Kasaragod,3,"2023-08-14 09:46:33","2023-08-14 10:37:33",1
4390,671321,Kannur,Kasaragod,Kasaragod,3,"2023-08-14 09:46:33","2023-08-14 10:37:33",1
4393,671321,Ichlampady,Kasaragod,Kasaragod,3,"2023-08-14 09:46:33","2023-08-14 10:37:33",1
4396,671321,Bela,Kasaragod,Kasaragod,3,"2023-08-14 09:46:33","2023-08-14 10:37:33",1
4399,671321,Kodiamme,Kasaragod,Kasaragod,3,"2023-08-14 09:46:33","2023-08-14 10:37:33",1
4402,671321,Kumbla,Kasaragod,Kasaragod,3,"2023-08-14 09:46:33","2023-08-14 10:37:33",1
4405,671321,Ullody,Kasaragod,Kasaragod,3,"2023-08-14 09:46:33","2023-08-14 10:37:33",1
4408,671321,Mogral,Kasaragod,Kasaragod,3,"2023-08-14 09:46:33","2023-08-14 10:37:33",1
4411,671321,Mugu,Kasaragod,Kasaragod,3,"2023-08-14 09:46:33","2023-08-14 10:37:33",1
4414,671321,Angadimogaru,Kasaragod,Kasaragod,3,"2023-08-14 09:46:33","2023-08-14 10:37:33",1
4417,671321,Kidoor,Kasaragod,Kasaragod,3,"2023-08-14 09:46:33","2023-08-14 10:37:33",1
4420,671321,Bombrana,Kasaragod,Kasaragod,3,"2023-08-14 09:46:33","2023-08-14 10:37:33",1
4423,671321,Arikady,Kasaragod,Kasaragod,3,"2023-08-14 09:46:33","2023-08-14 10:37:33",1
4426,671321,Ednad,Kasaragod,Kasaragod,3,"2023-08-14 09:46:33","2023-08-14 10:37:33",1
4429,671321,Nirchal,Kasaragod,Kasaragod,3,"2023-08-14 09:46:33","2023-08-14 10:37:33",1
4432,671321,Puthige,Kasaragod,Kasaragod,3,"2023-08-14 09:46:33","2023-08-14 10:37:33",1
4435,671321,Badur,Kasaragod,Kasaragod,3,"2023-08-14 09:46:33","2023-08-14 10:37:33",1
4438,671321,Shiriya,Kasaragod,Kasaragod,3,"2023-08-14 09:46:33","2023-08-14 10:37:33",1
4441,671322,Uppala,Kasaragod,Kasaragod,3,"2023-08-14 09:46:33","2023-08-14 10:37:33",1
4444,671322,Chippar,Kasaragod,Kasaragod,3,"2023-08-14 09:46:33","2023-08-14 10:37:33",1
4447,671322,Ammeri,Kasaragod,Kasaragod,3,"2023-08-14 09:46:33","2023-08-14 10:37:33",1
4450,671322,Kayyaru,Kasaragod,Kasaragod,3,"2023-08-14 09:46:33","2023-08-14 10:37:33",1
4453,671322,Bekur,Kasaragod,Kasaragod,3,"2023-08-14 09:46:33","2023-08-14 10:37:33",1
4456,671322,"Uppala Gate",Kasaragod,Kasaragod,3,"2023-08-14 09:46:33","2023-08-14 10:37:33",1
4459,671322,Beripadavu,Kasaragod,Kasaragod,3,"2023-08-14 09:46:33","2023-08-14 10:37:33",1
4462,671322,Kurudapadavu,Kasaragod,Kasaragod,3,"2023-08-14 09:46:33","2023-08-14 10:37:33",1
4465,671323,Pathoor,Kasaragod,Kasaragod,3,"2023-08-14 09:46:33","2023-08-14 10:37:33",1
4468,671323,Manjeshwar,Kasaragod,Kasaragod,3,"2023-08-14 09:46:33","2023-08-14 10:37:33",1
4471,671323,Kunjathur,Kasaragod,Kasaragod,3,"2023-08-14 09:46:33","2023-08-14 10:37:33",1
4474,671323,Pavoor,Kasaragod,Kasaragod,3,"2023-08-14 09:46:33","2023-08-14 10:37:33",1
4477,671323,Moodambail,Kasaragod,Kasaragod,3,"2023-08-14 09:46:33","2023-08-14 10:37:33",1
4480,671323,Majibail,Kasaragod,Kasaragod,3,"2023-08-14 09:46:33","2023-08-14 10:37:33",1
4483,671323,Miyapadavu,Kasaragod,Kasaragod,3,"2023-08-14 09:46:33","2023-08-14 10:37:33",1
4486,671323,Hosabettu,Kasaragod,Kasaragod,3,"2023-08-14 09:46:35","2023-08-14 10:37:33",1
4489,671323,Koliyur,Kasaragod,Kasaragod,3,"2023-08-14 09:46:36","2023-08-14 10:37:33",1
4492,671323,Kadambar,Kasaragod,Kasaragod,3,"2023-08-14 09:46:36","2023-08-14 10:37:33",1
4495,671323,Udyavara,Kasaragod,Kasaragod,3,"2023-08-14 09:46:36","2023-08-14 10:37:33",1
4498,671323,Kodlamogaru,Kasaragod,Kasaragod,3,"2023-08-14 09:46:36","2023-08-14 10:37:33",1
4501,671323,Anekallu,Kasaragod,Kasaragod,3,"2023-08-14 09:46:36","2023-08-14 10:37:33",1
4504,671323,Vorkadi,Kasaragod,Kasaragod,3,"2023-08-14 09:46:36","2023-08-14 10:37:33",1
4507,671323,Charla,Kasaragod,Kasaragod,3,"2023-08-14 09:46:36","2023-08-14 10:37:33",1
4510,671323,Bangramanjeshwar,Kasaragod,Kasaragod,3,"2023-08-14 09:46:36","2023-08-14 10:37:33",1
4513,671323,Badaje,Kasaragod,Kasaragod,3,"2023-08-14 09:46:36","2023-08-14 10:37:33",1
4516,671324,Dharmathadka,Kasaragod,Kasaragod,3,"2023-08-14 09:46:36","2023-08-14 10:37:33",1
4519,671324,Heroor,Kasaragod,Kasaragod,3,"2023-08-14 09:46:36","2023-08-14 10:37:33",1
4522,671324,Kudalmerkala,Kasaragod,Kasaragod,3,"2023-08-14 09:46:36","2023-08-14 10:37:33",1
4525,671324,Ichlangodu,Kasaragod,Kasaragod,3,"2023-08-14 09:46:36","2023-08-14 10:37:33",1
4528,671324,Mangalpady,Kasaragod,Kasaragod,3,"2023-08-14 09:46:36","2023-08-14 10:37:33",1
4531,671324,Permude,Kasaragod,Kasaragod,3,"2023-08-14 09:46:37","2023-08-14 10:37:33",1
4534,671326,Chittarikkal,Hosdurg,Kasaragod,3,"2023-08-14 09:46:37","2023-08-14 10:37:33",1
4537,671326,Mandapam,Hosdurg,Kasaragod,3,"2023-08-14 09:46:37","2023-08-14 10:37:33",1
4540,671348,Bayar,Kasaragod,Kasaragod,3,"2023-08-14 09:46:37","2023-08-14 10:37:33",1
4543,671348,Paivalike,Kasaragod,Kasaragod,3,"2023-08-14 09:46:37","2023-08-14 10:37:33",1
4546,671351,Achanthuruthi,Hosdurg,Kasaragod,3,"2023-08-14 09:46:37","2023-08-14 10:37:33",1
4549,671351,Thuruthi,Hosdurg,Kasaragod,3,"2023-08-14 09:46:37","2023-08-14 10:37:33",1
4552,671531,Kanhiradkam,Hosdurg,Kasaragod,3,"2023-08-14 09:46:37","2023-08-14 10:37:33",1
4555,671531,Haripuram,Hosdurg,Kasaragod,3,"2023-08-14 09:46:37","2023-08-14 10:37:33",1
4558,671531,Thayanoor,Hosdurg,Kasaragod,3,"2023-08-14 09:46:37","2023-08-14 10:37:33",1
4561,671531,Attenganam,Hosdurg,Kasaragod,3,"2023-08-14 09:46:37","2023-08-14 10:37:33",1
4564,671531,Kanhirapoil,Hosdurg,Kasaragod,3,"2023-08-14 09:46:37","2023-08-14 10:37:33",1
4567,671531,Kodoth,Hosdurg,Kasaragod,3,"2023-08-14 09:46:37","2023-08-14 10:37:33",1
4570,671531,Iriya,Hosdurg,Kasaragod,3,"2023-08-14 09:46:37","2023-08-14 10:37:33",1
4573,671531,"Kanhangad South",Hosdurg,Kasaragod,3,"2023-08-14 09:46:37","2023-08-14 10:37:33",1
4576,671531,Balla,Hosdurg,Kasaragod,3,"2023-08-14 09:46:37","2023-08-14 10:37:33",1
4579,671531,Ajanur,Hosdurg,Kasaragod,3,"2023-08-14 09:46:37","2023-08-14 10:37:33",1
4582,671531,Achikanam,Hosdurg,Kasaragod,3,"2023-08-14 09:46:37","2023-08-14 10:37:33",1
4585,671531,Anandashrama,Hosdurg,Kasaragod,3,"2023-08-14 09:46:37","2023-08-14 10:37:33",1
4588,671531,Kolavayal,Hosdurg,Kasaragod,3,"2023-08-14 09:46:37","2023-08-14 10:37:33",1
4591,671531,Padimaruth,Hosdurg,Kasaragod,3,"2023-08-14 09:46:38","2023-08-14 10:37:33",1
4594,671531,Pullur,Hosdurg,Kasaragod,3,"2023-08-14 09:46:38","2023-08-14 10:37:33",1
4597,671531,Paraklayi,Hosdurg,Kasaragod,3,"2023-08-14 09:46:38","2023-08-14 10:37:33",1
4600,671532,Rajapuram,Hosdurg,Kasaragod,3,"2023-08-14 09:46:38","2023-08-14 10:37:33",1
4603,671532,Panathady,Hosdurg,Kasaragod,3,"2023-08-14 09:46:38","2023-08-14 10:37:33",1
4606,671532,Panathur,Hosdurg,Kasaragod,3,"2023-08-14 09:46:38","2023-08-14 10:37:33",1
4609,671532,Kottody,Hosdurg,Kasaragod,3,"2023-08-14 09:46:38","2023-08-14 10:37:33",1
4612,671532,Malakallu,Hosdurg,Kasaragod,3,"2023-08-14 09:46:38","2023-08-14 10:37:33",1
4615,671532,Kolichal,Hosdurg,Kasaragod,3,"2023-08-14 09:46:38","2023-08-14 10:37:33",1
4618,671532,Kallappally,Hosdurg,Kasaragod,3,"2023-08-14 09:46:38","2023-08-14 10:37:33",1
4621,671532,Chamundikunnu,Hosdurg,Kasaragod,3,"2023-08-14 09:46:38","2023-08-14 10:37:33",1
4624,671532,Ranipuram,Hosdurg,Kasaragod,3,"2023-08-14 09:46:38","2023-08-14 10:37:33",1
4627,671533,Paramba,Hosdurg,Kasaragod,3,"2023-08-14 09:46:38","2023-08-14 10:37:33",1
4630,671533,Parappa,Hosdurg,Kasaragod,3,"2023-08-14 09:46:39","2023-08-14 10:37:33",1
4633,671533,Konnakad,Hosdurg,Kasaragod,3,"2023-08-14 09:46:39","2023-08-14 10:37:33",1
4636,671533,Chully,Hosdurg,Kasaragod,3,"2023-08-14 09:46:39","2023-08-14 10:37:33",1
4639,671533,Punnakkunnu,Hosdurg,Kasaragod,3,"2023-08-14 09:46:39","2023-08-14 10:37:33",1
4642,671533,Vellarikundu,Hosdurg,Kasaragod,3,"2023-08-14 09:46:39","2023-08-14 10:37:33",1
4645,671533,Darkas,Hosdurg,Kasaragod,3,"2023-08-14 09:46:39","2023-08-14 10:37:33",1
4648,671533,Vallikadavu,Hosdurg,Kasaragod,3,"2023-08-14 09:46:39","2023-08-14 10:37:33",1
4651,671533,Plachikara,Hosdurg,Kasaragod,3,"2023-08-14 09:46:39","2023-08-14 10:37:33",1
4654,671533,Muttomkadavil,Hosdurg,Kasaragod,3,"2023-08-14 09:46:40","2023-08-14 10:37:33",1
4657,671533,Kanakappally,Hosdurg,Kasaragod,3,"2023-08-14 09:46:41","2023-08-14 10:37:33",1
4660,671533,Natakkal,Hosdurg,Kasaragod,3,"2023-08-14 09:46:41","2023-08-14 10:37:33",1
4663,671533,Balal,Hosdurg,Kasaragod,3,"2023-08-14 09:46:41","2023-08-14 10:37:33",1
4666,671533,Kinanur,Hosdurg,Kasaragod,3,"2023-08-14 09:46:41","2023-08-14 10:37:33",1
4669,671541,Thekkilferry,Kasaragod,Kasaragod,3,"2023-08-14 09:46:41","2023-08-14 10:37:33",1
4672,671541,Bedadka,Kasaragod,Kasaragod,3,"2023-08-14 09:46:41","2023-08-14 10:37:33",1
4675,671541,Karivedakam,Kasaragod,Kasaragod,3,"2023-08-14 09:46:41","2023-08-14 10:37:33",1
4678,671541,Munnad,Kasaragod,Kasaragod,3,"2023-08-14 09:46:42","2023-08-14 10:37:33",1
4681,671541,Kuttikolu,Kasaragod,Kasaragod,3,"2023-08-14 09:46:42","2023-08-14 10:37:33",1
4684,671541,Manimoole,Kasaragod,Kasaragod,3,"2023-08-14 09:46:43","2023-08-14 10:37:33",1
4687,671541,Kolathuri,Kasaragod,Kasaragod,3,"2023-08-14 09:46:43","2023-08-14 10:37:33",1
4690,671541,Thekkil,Kasaragod,Kasaragod,3,"2023-08-14 09:46:43","2023-08-14 10:37:33",1
4693,671541,Kundankuzhy,Kasaragod,Kasaragod,3,"2023-08-14 09:46:43","2023-08-14 10:37:33",1
4696,671541,Samekochi,Kasaragod,Kasaragod,3,"2023-08-14 09:46:43","2023-08-14 10:37:33",1
4699,671541,Manadka,Kasaragod,Kasaragod,3,"2023-08-14 09:46:43","2023-08-14 10:37:33",1
4702,671541,Sankarampady,Kasaragod,Kasaragod,3,"2023-08-14 09:46:43","2023-08-14 10:37:33",1
4705,671541,Edneer,Kasaragod,Kasaragod,3,"2023-08-14 09:46:43","2023-08-14 10:37:33",1
4708,671541,Bandadka,Kasaragod,Kasaragod,3,"2023-08-14 09:46:43","2023-08-14 10:37:33",1
4711,671541,Chengala,Kasaragod,Kasaragod,3,"2023-08-14 09:46:43","2023-08-14 10:37:33",1
4714,671542,Iriyanni,Kasaragod,Kasaragod,3,"2023-08-14 09:46:43","2023-08-14 10:37:33",1
4717,671542,Malla,Kasaragod,Kasaragod,3,"2023-08-14 09:46:43","2023-08-14 10:37:33",1
4720,671542,Kanathur,Kasaragod,Kasaragod,3,"2023-08-14 09:46:43","2023-08-14 10:37:33",1
4723,671542,Karadka,Kasaragod,Kasaragod,3,"2023-08-14 09:46:43","2023-08-14 10:37:33",1
4726,671542,Vattamthatta,Kasaragod,Kasaragod,3,"2023-08-14 09:46:43","2023-08-14 10:37:33",1
4729,671542,Kotoor,Kasaragod,Kasaragod,3,"2023-08-14 09:46:43","2023-08-14 10:37:33",1
4732,671542,Muliyar,Kasaragod,Kasaragod,3,"2023-08-14 09:46:43","2023-08-14 10:37:33",1
4735,671543,Panjikkal,Kasaragod,Kasaragod,3,"2023-08-14 09:46:43","2023-08-14 10:37:33",1
4738,671543,Belluru,,Kasaragod,3,"2023-08-14 09:46:43","2023-08-14 10:37:33",1
4741,671543,Kuntar,Kasaragod,Kasaragod,3,"2023-08-14 09:46:43","2023-08-14 10:37:33",1
4744,671543,Adur,Kasaragod,Kasaragod,3,"2023-08-14 09:46:43","2023-08-14 10:37:33",1
4747,671543,Movvar,Kasaragod,Kasaragod,3,"2023-08-14 09:46:43","2023-08-14 10:37:33",1
4750,671543,"Parappa - Delampady",Kasaragod,Kasaragod,3,"2023-08-14 09:46:44","2023-08-14 10:37:33",1
4753,671543,Delampady,Kasaragod,Kasaragod,3,"2023-08-14 09:46:44","2023-08-14 10:37:33",1
4756,671543,Kakkebettu,Kasaragod,Kasaragod,3,"2023-08-14 09:46:44","2023-08-14 10:37:33",1
4759,671543,Kinningar,Kasaragod,Kasaragod,3,"2023-08-14 09:46:44","2023-08-14 10:37:33",1
4762,671543,Urdur,Kasaragod,Kasaragod,3,"2023-08-14 09:46:44","2023-08-14 10:37:33",1
4765,671543,Mulleria,Kasaragod,Kasaragod,3,"2023-08-14 09:46:44","2023-08-14 10:37:33",1
4768,671543,Nettanige,Kasaragod,Kasaragod,3,"2023-08-14 09:46:44","2023-08-14 10:37:33",1
4771,671543,Pandi,Kasaragod,Kasaragod,3,"2023-08-14 09:46:44","2023-08-14 10:37:33",1
4774,671543,Nekraje,Kasaragod,Kasaragod,3,"2023-08-14 09:46:44","2023-08-14 10:37:33",1
4777,671551,Perdala,Kasaragod,Kasaragod,3,"2023-08-14 09:46:44","2023-08-14 10:37:33",1
4780,671551,Ariyapady,Kasaragod,Kasaragod,3,"2023-08-14 09:46:44","2023-08-14 10:37:33",1
4783,671551,Kumbdaje,Kasaragod,Kasaragod,3,"2023-08-14 09:46:44","2023-08-14 10:37:33",1
4786,671551,Kuntikana,Kasaragod,Kasaragod,3,"2023-08-14 09:46:44","2023-08-14 10:37:33",1
4789,671551,Pallathadka,Kasaragod,Kasaragod,3,"2023-08-14 09:46:44","2023-08-14 10:37:33",1
4792,671551,Yethadka,Kasaragod,Kasaragod,3,"2023-08-14 09:46:44","2023-08-14 10:37:33",1
4795,671552,Balemoole,Kasaragod,Kasaragod,3,"2023-08-14 09:46:44","2023-08-14 10:37:33",1
4798,671552,Perla,Kasaragod,Kasaragod,3,"2023-08-14 09:46:44","2023-08-14 10:37:33",1
4801,671552,Vaninagar,Kasaragod,Kasaragod,3,"2023-08-14 09:46:45","2023-08-14 10:37:33",1
4804,671552,Kattukukke,Kasaragod,Kasaragod,3,"2023-08-14 09:46:45","2023-08-14 10:37:33",1
4807,671552,Padre,Kasaragod,Kasaragod,3,"2023-08-14 09:46:45","2023-08-14 10:37:33",1
4810,671552,Ukkinadka,Kasaragod,Kasaragod,3,"2023-08-14 09:46:45","2023-08-14 10:37:33",1
4813,671552,Maire,Kasaragod,Kasaragod,3,"2023-08-14 09:46:45","2023-08-14 10:37:33",1
4816,689695,Maloor,Pathanapuram,Kollam,13,"2023-08-14 09:46:45","2023-08-14 10:35:54",1
4819,689695,"Manchallur Pathanapuram",Pathanapuram,Kollam,13,"2023-08-14 09:46:45","2023-08-14 10:35:54",1
4822,689695,"Maloor College",Pathanapuram,Kollam,13,"2023-08-14 09:46:45","2023-08-14 10:35:54",1
4825,689695,Pathirickal,Pathanapuram,Kollam,13,"2023-08-14 09:46:45","2023-08-14 10:35:54",1
4828,689695,Kundayam,Pathanapuram,Kollam,13,"2023-08-14 09:46:45","2023-08-14 10:35:54",1
4831,689695,Pathanapuram,Pathanapuram,Kollam,13,"2023-08-14 09:46:45","2023-08-14 10:35:54",1
4834,689695,Pidavoor,Pathanapuram,Kollam,13,"2023-08-14 09:46:45","2023-08-14 10:35:54",1
4837,689695,Poonkulanji,Pathanapuram,Kollam,13,"2023-08-14 09:46:45","2023-08-14 10:35:54",1
4840,689696,Achencoil,Pathanapuram,Kollam,13,"2023-08-14 09:46:45","2023-08-14 10:35:54",1
4843,689696,Elikattoor,Pathanapuram,Kollam,13,"2023-08-14 09:46:45","2023-08-14 10:35:54",1
4846,689696,Punnala,Pathanapuram,Kollam,13,"2023-08-14 09:46:45","2023-08-14 10:35:54",1
4849,689696,Chembanaruvi,Pathanapuram,Kollam,13,"2023-08-14 09:46:45","2023-08-14 10:35:54",1
4852,689696,Vettithitta,Pathanapuram,Kollam,13,"2023-08-14 09:46:45","2023-08-14 10:35:54",1
4855,689696,Kamukumcherry,Pathanapuram,Kollam,13,"2023-08-14 09:46:45","2023-08-14 10:35:54",1
4858,689696,Karavoor,Pathanapuram,Kollam,13,"2023-08-14 09:46:45","2023-08-14 10:35:54",1
4861,689696,Piravanthur,Pathanapuram,Kollam,13,"2023-08-14 09:46:45","2023-08-14 10:35:54",1
4864,689696,Kumarankudy,Pathanapuram,Kollam,13,"2023-08-14 09:46:45","2023-08-14 10:35:54",1
4867,690518,Karunagappaly,Karunagappaly,Kollam,13,"2023-08-14 09:46:45","2023-08-14 10:35:54",1
4870,690519,Thottumugham,Karunagappally,Kollam,13,"2023-08-14 09:46:45","2023-08-14 10:35:54",1
4873,690519,Kallelibhagom,Karunagapally,Kollam,13,"2023-08-14 09:46:45","2023-08-14 10:35:54",1
4876,690519,Mynagappally,Karunagappally,Kollam,13,"2023-08-14 09:46:45","2023-08-14 10:35:54",1
4879,690519,"Mynagappally North",Kunnathur,Kollam,13,"2023-08-14 09:46:45","2023-08-14 10:35:54",1
4882,690520,Ambalathumbhagom,Kunnathur,Kollam,13,"2023-08-14 09:46:45","2023-08-14 10:35:54",1
4885,690520,Poruvazhy,Kunnathur,Kollam,13,"2023-08-14 09:46:45","2023-08-14 10:35:54",1
4888,690520,Muthupilakkad,Kunnathur,Kollam,13,"2023-08-14 09:46:45","2023-08-14 10:35:54",1
4891,690520,Chathakulam,Kunnathur,Kollam,13,"2023-08-14 09:46:46","2023-08-14 10:35:54",1
4894,690521,"Karali Jn",Kunnathur,Kollam,13,"2023-08-14 09:46:46","2023-08-14 10:35:54",1
4897,690521,Pallisserickal,Kunnathur,Kollam,13,"2023-08-14 09:46:46","2023-08-14 10:35:54",1
4900,690521,Venga,Kunnathur,Kollam,13,"2023-08-14 09:46:47","2023-08-14 10:35:54",1
4903,690521,Sasthamcottah,Kunnathur,Kollam,13,"2023-08-14 09:46:48","2023-08-14 10:35:54",1
4906,690521,"Vilanthara Jn",Kunnathur,Kollam,13,"2023-08-14 09:46:48","2023-08-14 10:35:54",1
4909,690522,Patharam,Kunnathur,Kollam,13,"2023-08-14 09:46:48","2023-08-14 10:35:54",1
4912,690522,Sooranad,Kunnathur,Kollam,13,"2023-08-14 09:46:48","2023-08-14 10:35:54",1
4915,690522,Kakkakunnu,Kunnathur,Kollam,13,"2023-08-14 09:46:48","2023-08-14 10:35:54",1
4918,690523,"Thodiyur North",Karunagappally,Kollam,13,"2023-08-14 09:46:48","2023-08-14 10:35:54",1
4921,690523,Thodiyur,Karunagappally,Kollam,13,"2023-08-14 09:46:48","2023-08-14 10:35:54",1
4924,690523,Edakulangara,Karunagappally,Kollam,13,"2023-08-14 09:46:48","2023-08-14 10:35:54",1
4927,690523,"Kadathur Ward",Karunagappally,Kollam,13,"2023-08-14 09:46:48","2023-08-14 10:35:54",1
4930,690523,Thazhava,Karunagappally,Kollam,13,"2023-08-14 09:46:49","2023-08-14 10:35:54",1
4933,690523,Kuthirapanthy,Karunagappally,Kollam,13,"2023-08-14 09:46:49","2023-08-14 10:35:54",1
4936,690524,Thevalakkara,Karunagappally,Kollam,13,"2023-08-14 09:46:49","2023-08-14 10:35:54",1
4939,690524,Padinjattakkara,Karunagappally,Kollam,13,"2023-08-14 09:46:49","2023-08-14 10:35:54",1
4942,690525,Clappana,Karunagapally,Kollam,13,"2023-08-14 09:46:49","2023-08-14 10:35:54",1
4945,690525,Amrithapuri,Karunagappally,Kollam,13,"2023-08-14 09:46:49","2023-08-14 10:35:54",1
4948,690526,Madathilkaranma,Karunagappally,Kollam,13,"2023-08-14 09:46:49","2023-08-14 10:35:54",1
4951,690526,Ochira,Karunagapally,Kollam,13,"2023-08-14 09:46:49","2023-08-14 10:35:54",1
4954,690528,Vavvakkavu,Karunagappally,Kollam,13,"2023-08-14 09:46:49","2023-08-14 10:35:54",1
4957,690528,Varavila,Karunagappally,Kollam,13,"2023-08-14 09:46:50","2023-08-14 10:35:54",1
4960,690536,"Vadakkumthala East",Karunagappally,Kollam,13,"2023-08-14 09:46:50","2023-08-14 10:35:54",1
4963,690536,Kollaka,Karunagappally,Kollam,13,"2023-08-14 09:46:50","2023-08-14 10:35:54",1
4966,690538,Perungalam,Karunagappally,Kollam,13,"2023-08-14 09:46:50","2023-08-14 10:35:54",1
4969,690538,Arinallur,Karunagappally,Kollam,13,"2023-08-14 09:46:50","2023-08-14 10:35:54",1
4972,690538,"Arinallur South",Karunagappally,Kollam,13,"2023-08-14 09:46:50","2023-08-14 10:35:54",1
4975,690539,"S R P Market",Karunagappally,Kollam,13,"2023-08-14 09:46:50","2023-08-14 10:35:54",1
4978,690540,"Kunnathur East",Kunnathur,Kollam,13,"2023-08-14 09:46:50","2023-08-14 10:35:54",1
4981,690540,Karimthottuva,Kunnathur,Kollam,13,"2023-08-14 09:46:50","2023-08-14 10:35:54",1
4984,690540,Thuruthikara,Kunnathur,Kollam,13,"2023-08-14 09:46:50","2023-08-14 10:35:54",1
4987,690542,Kattilkadavu,Karunagappally,Kollam,13,"2023-08-14 09:46:50","2023-08-14 10:35:54",1
4990,690542,"Athinad North",Karunagappally,Kollam,13,"2023-08-14 09:46:50","2023-08-14 10:35:54",1
4993,690542,Kuzhithura,Karunagappally,Kollam,13,"2023-08-14 09:46:50","2023-08-14 10:35:54",1
4996,690544,Kulasekharapuram,Karunagapally,Kollam,13,"2023-08-14 09:46:50","2023-08-14 10:35:54",1
4999,690544,"Karunagappally North",Karunagappally,Kollam,13,"2023-08-14 09:46:50","2023-08-14 10:35:54",1
5002,690547,Alumpeedika,Karunagappally,Kollam,13,"2023-08-14 09:46:50","2023-08-14 10:35:54",1
5005,690547,Azheekkalthura,Karunagappally,Kollam,13,"2023-08-14 09:46:50","2023-08-14 10:35:54",1
5008,690561,Anayadi,Kunnathur,Kollam,13,"2023-08-14 09:46:50","2023-08-14 10:35:54",1
5011,690561,"Sooranad North",Kunnathur,Kollam,13,"2023-08-14 09:46:50","2023-08-14 10:35:54",1
5014,690561,Parakadavu,Kunnathur,Kollam,13,"2023-08-14 09:46:51","2023-08-14 10:35:54",1
5017,690573,Cheriyazheekal,Karunagappally,Kollam,13,"2023-08-14 09:46:51","2023-08-14 10:35:54",1
5020,690573,Alumkadavu,Karunagappally,Kollam,13,"2023-08-14 09:46:51","2023-08-14 10:35:54",1
5023,690573,"S V Market",Karunagappally,Kollam,13,"2023-08-14 09:46:52","2023-08-14 10:35:54",1
5026,690574,Pavumba,Karunagapally,Kollam,13,"2023-08-14 09:46:52","2023-08-14 10:35:54",1
5029,690574,"Manappally North",Karunagappally,Kollam,13,"2023-08-14 09:46:53","2023-08-14 10:35:54",1
5032,691001,"Kollam Bazar",Kollam,Kollam,13,"2023-08-14 09:46:53","2023-08-14 10:35:54",1
5035,691001,Kollam,Kollam,Kollam,13,"2023-08-14 09:46:53","2023-08-14 10:35:54",1
5038,691001,"Kollam Taluk Cutchery",Kollam,Kollam,13,"2023-08-14 09:46:53","2023-08-14 10:35:54",1
5041,691001,"Kollam Cantonment",Kollam,Kollam,13,"2023-08-14 09:46:54","2023-08-14 10:35:54",1
5044,691002,Asramom,Kollam,Kollam,13,"2023-08-14 09:46:54","2023-08-14 10:35:54",1
5047,691003,Maruthadi,Kollam,Kollam,13,"2023-08-14 09:46:54","2023-08-14 10:35:54",1
5050,691003,Kavanad,Kollam,Kollam,13,"2023-08-14 09:46:54","2023-08-14 10:35:54",1
5053,691004,Kallumthazham,Kollam,Kollam,13,"2023-08-14 09:46:55","2023-08-14 10:35:54",1
5056,691004,Kilikollur,Kollam,Kollam,13,"2023-08-14 09:46:55","2023-08-14 10:35:54",1
5059,691004,"Kilikollur East",Kollam,Kollam,13,"2023-08-14 09:46:55","2023-08-14 10:35:54",1
5062,691005,"T K M College",Kollam,Kollam,13,"2023-08-14 09:46:55","2023-08-14 10:35:54",1
5065,691005,Thattarkonam,Kollam,Kollam,13,"2023-08-14 09:46:55","2023-08-14 10:35:54",1
5068,691006,Pallithottam,Kollam,Kollam,13,"2023-08-14 09:46:55","2023-08-14 10:35:54",1
5071,691007,Thangasserry,Kollam,Kollam,13,"2023-08-14 09:46:55","2023-08-14 10:35:54",1
5074,691008,Kadappakada,Kollam,Kollam,13,"2023-08-14 09:46:55","2023-08-14 10:35:54",1
5077,691009,Thevally,Kollam,Kollam,13,"2023-08-14 09:46:55","2023-08-14 10:35:54",1
5080,691010,Mundakkal,Kollam,Kollam,13,"2023-08-14 09:46:56","2023-08-14 10:35:54",1
5083,691010,Vadakkevila,Kollam,Kollam,13,"2023-08-14 09:46:57","2023-08-14 10:35:54",1
5086,691011,Eravipuram,Kollam,Kollam,13,"2023-08-14 09:46:57","2023-08-14 10:35:54",1
5089,691011,Valathungal,Kollam,Kollam,13,"2023-08-14 09:46:57","2023-08-14 10:35:54",1
5092,691012,Thirumullavaram,Kollam,Kollam,13,"2023-08-14 09:46:57","2023-08-14 10:35:54",1
5095,691013,"Kollam Cutchery",Kollam,Kollam,13,"2023-08-14 09:46:57","2023-08-14 10:35:54",1
5098,691013,"Kollam Civil Station",Kollam,Kollam,13,"2023-08-14 09:46:57","2023-08-14 10:35:54",1
5101,691014,Chandanathope,Kollam,Kollam,13,"2023-08-14 09:46:57","2023-08-14 10:35:54",1
5104,691015,Mangad,Kollam,Kollam,13,"2023-08-14 09:46:57","2023-08-14 10:35:54",1
5107,691016,Thekkevila,Kollam,Kollam,13,"2023-08-14 09:46:57","2023-08-14 10:35:54",1
5110,691019,Uliyakovil,Kollam,Kollam,13,"2023-08-14 09:46:57","2023-08-14 10:35:54",1
5113,691020,Thattamala,Kollam,Kollam,13,"2023-08-14 09:46:57","2023-08-14 10:35:54",1
5116,691020,Koottikada,Kollam,Kollam,13,"2023-08-14 09:46:57","2023-08-14 10:35:54",1
5119,691021,Ayathil,Kollam,Kollam,13,"2023-08-14 09:46:57","2023-08-14 10:35:54",1
5122,691021,Pattathanam,Kollam,Kollam,13,"2023-08-14 09:46:57","2023-08-14 10:35:54",1
5125,691301,"Paravur (Kollam)",Kollam,Kollam,13,"2023-08-14 09:46:57","2023-08-14 10:35:54",1
5128,691302,Kalakode,Kollam,Kollam,13,"2023-08-14 09:46:58","2023-08-14 10:35:54",1
5131,691302,Puthenkulam,Kollam,Kollam,13,"2023-08-14 09:46:59","2023-08-14 10:35:54",1
5134,691302,Bhoothakulam,Kollam,Kollam,13,"2023-08-14 09:47:00","2023-08-14 10:35:54",1
5137,691302,Nellettil,Kollam,Kollam,13,"2023-08-14 09:47:00","2023-08-14 10:35:54",1
5140,691303,Mayyanad,Kollam,Kollam,13,"2023-08-14 09:47:01","2023-08-14 10:35:54",1
5143,691303,Kakkotumoola,Kollam,Kollam,13,"2023-08-14 09:47:01","2023-08-14 10:35:54",1
5146,691304,Pullichira,Kollam,Kollam,13,"2023-08-14 09:47:01","2023-08-14 10:35:54",1
5149,691305,Punalur,Pathanapuram,Kollam,13,"2023-08-14 09:47:02","2023-08-14 10:35:54",1
5152,691306,Anchal,Pathanapuram,Kollam,13,"2023-08-14 09:47:02","2023-08-14 10:35:54",1
5155,691306,Vayala-anchal,Kottarakkara,Kollam,13,"2023-08-14 09:47:03","2023-08-14 10:35:54",1
5158,691306,Karukone,Pathanapuram,Kollam,13,"2023-08-14 09:47:03","2023-08-14 10:35:54",1
5161,691306,Vadamon,Pathanapuram,Kollam,13,"2023-08-14 09:47:03","2023-08-14 10:35:54",1
5164,691306,Alayamon,Pathanapuram,Kollam,13,"2023-08-14 09:47:03","2023-08-14 10:35:54",1
5167,691306,Cherukulam,Kottarakkara,Kollam,13,"2023-08-14 09:47:03","2023-08-14 10:35:54",1
5170,691306,Edamulackal,Pathanapuram,Kollam,13,"2023-08-14 09:47:03","2023-08-14 10:35:54",1
5173,691306,Kottukkal,Kottarakkara,Kollam,13,"2023-08-14 09:47:03","2023-08-14 10:35:54",1
5176,691306,Nediyara,Pathanapuram,Kollam,13,"2023-08-14 09:47:03","2023-08-14 10:35:54",1
5179,691306,Thadicaud,Pathanapuram,Kollam,13,"2023-08-14 09:47:03","2023-08-14 10:35:54",1
5182,691306,"Ezhiyam Vattathra Mala Mukku",Pathanapuram,Kollam,13,"2023-08-14 09:47:03","2023-08-14 10:35:54",1
5185,691307,Urukunnu,Pathanapuram,Kollam,13,"2023-08-14 09:47:03","2023-08-14 10:35:54",1
5188,691307,Mampazhathara,Pathanapuram,Kollam,13,"2023-08-14 09:47:03","2023-08-14 10:35:54",1
5191,691307,Ayiranallur,Pathanapuram,Kollam,13,"2023-08-14 09:47:03","2023-08-14 10:35:54",1
5194,691307,Edamon,Pathanapuram,Kollam,13,"2023-08-14 09:47:03","2023-08-14 10:35:54",1
5197,691307,Anapettakongal,Pathanapuram,Kollam,13,"2023-08-14 09:47:03","2023-08-14 10:35:54",1
5200,691308,Thenmala,Pathanapuram,Kollam,13,"2023-08-14 09:47:03","2023-08-14 10:35:54",1
5203,691308,"Kallada Irrigation Project",Pathanapuram,Kollam,13,"2023-08-14 09:47:03","2023-08-14 10:35:54",1
5206,691308,Ottackal,Pathanapuram,Kollam,13,"2023-08-14 09:47:03","2023-08-14 10:35:54",1
5209,691309,Rosemala,Pathanapuram,Kollam,13,"2023-08-14 09:47:04","2023-08-14 10:35:54",1
5212,691309,Kalthuruthy,Pathanapuram,Kollam,13,"2023-08-14 09:47:04","2023-08-14 10:35:54",1
5215,691309,Venture,Pathanapuram,Kollam,13,"2023-08-14 09:47:04","2023-08-14 10:35:54",1
5218,691309,Aryankavu,Pathanapuram,Kollam,13,"2023-08-14 09:47:04","2023-08-14 10:35:54",1
5221,691309,Ambanad,Pathanapuram,Kollam,13,"2023-08-14 09:47:04","2023-08-14 10:35:54",1
5224,691309,Edapalayam,Pathanapuram,Kollam,13,"2023-08-14 09:47:04","2023-08-14 10:35:54",1
5227,691310,Samnagar,Pathanapuram,Kollam,13,"2023-08-14 09:47:04","2023-08-14 10:35:54",1
5230,691310,Kulathupuzha,Pathanapuram,Kollam,13,"2023-08-14 09:47:04","2023-08-14 10:35:54",1
5233,691310,Thingalkarikom,Pathanapuram,Kollam,13,"2023-08-14 09:47:04","2023-08-14 10:35:54",1
5236,691310,Chozhiakode,Pathanapuram,Kollam,13,"2023-08-14 09:47:04","2023-08-14 10:35:54",1
5239,691310,Villumala,Pathanapuram,Kollam,13,"2023-08-14 09:47:04","2023-08-14 10:35:54",1
5242,691310,Koovakkad,Pathanapuram,Kollam,13,"2023-08-14 09:47:04","2023-08-14 10:35:54",1
5245,691310,Dally,Pathanapuram,Kollam,13,"2023-08-14 09:47:04","2023-08-14 10:35:54",1
5248,691311,Anakulam,Pathanapuram,Kollam,13,"2023-08-14 09:47:04","2023-08-14 10:35:54",1
5251,691311,Channapettah,Pathanapuram,Kollam,13,"2023-08-14 09:47:04","2023-08-14 10:35:54",1
5254,691311,Mannur-anchal,Kottarakkara,Kollam,13,"2023-08-14 09:47:05","2023-08-14 10:35:54",1
5257,691312,Ayilara,Pathanapuram,Kollam,13,"2023-08-14 09:47:05","2023-08-14 10:35:54",1
5260,691312,Manalil,Pathanapuram,Kollam,13,"2023-08-14 09:47:05","2023-08-14 10:35:54",1
5263,691312,Marthandankara,Pathanapuram,Kollam,13,"2023-08-14 09:47:05","2023-08-14 10:35:54",1
5266,691312,"Eroor (Kollam)",Pathanapuram,Kollam,13,"2023-08-14 09:47:05","2023-08-14 10:35:54",1
5269,691312,Bharatheepuram,Pathanapuram,Kollam,13,"2023-08-14 09:47:05","2023-08-14 10:35:54",1
5272,691312,Kadamancode,Pathanapuram,Kollam,13,"2023-08-14 09:47:05","2023-08-14 10:35:54",1
5275,691312,Vilakkupara,Pathanapuram,Kollam,13,"2023-08-14 09:47:05","2023-08-14 10:35:54",1
5278,691319,Thekkumbhagom,Kollam,Kollam,13,"2023-08-14 09:47:05","2023-08-14 10:35:54",1
5281,691322,Narikal,Pathanapuram,Kollam,13,"2023-08-14 09:47:05","2023-08-14 10:35:54",1
5284,691322,Elicode,Pathanapuram,Kollam,13,"2023-08-14 09:47:05","2023-08-14 10:35:54",1
5287,691322,Elampal,Pathanapuram,Kollam,13,"2023-08-14 09:47:05","2023-08-14 10:35:54",1
5290,691322,Kottavattom,Kottarakkara,Kollam,13,"2023-08-14 09:47:05","2023-08-14 10:35:54",1
5293,691331,Vilakkuvattom,Pathanapuram,Kollam,13,"2023-08-14 09:47:06","2023-08-14 10:35:54",1
5296,691331,Nellipally,Pathanapuram,Kollam,13,"2023-08-14 09:47:06","2023-08-14 10:35:54",1
5299,691331,Valacode,Pathanapuram,Kollam,13,"2023-08-14 09:47:07","2023-08-14 10:35:54",1
5302,691331,Kakkode,Pathanapuram,Kollam,13,"2023-08-14 09:47:07","2023-08-14 10:35:54",1
5305,691331,Placherry,Pathanapuram,Kollam,13,"2023-08-14 09:47:08","2023-08-14 10:35:54",1
5308,691331,"Shaliacarry Estate",Pathanapuram,Kollam,13,"2023-08-14 09:47:08","2023-08-14 10:35:54",1
5311,691332,"Punalur Paper Mills",Pathanapuram,Kollam,13,"2023-08-14 09:47:09","2023-08-14 10:35:54",1
5314,691332,Kariyara,Pathanapuram,Kollam,13,"2023-08-14 09:47:10","2023-08-14 10:35:54",1
5317,691333,Venchempu,Pathanapuram,Kollam,13,"2023-08-14 09:47:10","2023-08-14 10:35:54",1
5320,691333,Karavaloor,Pathanapuram,Kollam,13,"2023-08-14 09:47:10","2023-08-14 10:35:54",1
5323,691333,Tholicode,Pathanapuram,Kollam,13,"2023-08-14 09:47:11","2023-08-14 10:35:54",1
5326,691333,Areeplachy,Pathanapuram,Kollam,13,"2023-08-14 09:47:11","2023-08-14 10:35:54",1
5329,691333,Maniyaru-punalur,Pathanapuram,Kollam,13,"2023-08-14 09:47:12","2023-08-14 10:35:54",1
5332,691333,Mathra,Pathanapuram,Kollam,13,"2023-08-14 09:47:12","2023-08-14 10:35:54",1
5335,691334,Nedungolam,Kollam,Kollam,13,"2023-08-14 09:47:12","2023-08-14 10:35:54",1
5338,691334,Polachira,Kollam,Kollam,13,"2023-08-14 09:47:13","2023-08-14 10:35:54",1
5341,691500,Peruvelikara,Kollam,Kollam,13,"2023-08-14 09:47:13","2023-08-14 10:35:54",1
5344,691500,"West Kallada",Kollam,Kollam,13,"2023-08-14 09:47:13","2023-08-14 10:35:54",1
5347,691501,Kundara,Kollam,Kollam,13,"2023-08-14 09:47:13","2023-08-14 10:35:54",1
5350,691501,Nedumpaikulam,Kottarakkara,Kollam,13,"2023-08-14 09:47:13","2023-08-14 10:35:54",1
5353,691501,"Kundara East",Kollam,Kollam,13,"2023-08-14 09:47:14","2023-08-14 10:35:54",1
5356,691501,Kanjiracode,Kollam,Kollam,13,"2023-08-14 09:47:14","2023-08-14 10:35:54",1
5359,691501,Ambipoika,Kollam,Kollam,13,"2023-08-14 09:47:14","2023-08-14 10:35:54",1
5362,691502,"East Kallada",Kollam,Kollam,13,"2023-08-14 09:47:14","2023-08-14 10:35:54",1
5365,691502,Munroethuruthu,Kollam,Kollam,13,"2023-08-14 09:47:14","2023-08-14 10:35:54",1
5368,691502,Koduvila,Kollam,Kollam,13,"2023-08-14 09:47:14","2023-08-14 10:35:54",1
5371,691503,Kumbalam,Kollam,Kollam,13,"2023-08-14 09:47:14","2023-08-14 10:35:54",1
5374,691503,Mulavana,Kollam,Kollam,13,"2023-08-14 09:47:14","2023-08-14 10:35:54",1
5377,691503,Mukkoodu,Kollam,Kollam,13,"2023-08-14 09:47:14","2023-08-14 10:35:54",1
5380,691503,Padappakara,Kollam,Kollam,13,"2023-08-14 09:47:14","2023-08-14 10:35:54",1
5383,691504,Perumpuzha,Kollam,Kollam,13,"2023-08-14 09:47:14","2023-08-14 10:35:54",1
5386,691505,Ambalathumkala,Kottarakkara,Kollam,13,"2023-08-14 09:47:14","2023-08-14 10:35:54",1
5389,691505,Maranad,Kottarakkara,Kollam,13,"2023-08-14 09:47:15","2023-08-14 10:35:54",1
5392,691505,Idakkadom,Kottarakkara,Kollam,13,"2023-08-14 09:47:15","2023-08-14 10:35:54",1
5395,691505,Kadakkode,Kottarakkara,Kollam,13,"2023-08-14 09:47:15","2023-08-14 10:35:54",1
5398,691505,Irumpanangadu,Kottarakkara,Kollam,13,"2023-08-14 09:47:15","2023-08-14 10:35:54",1
5401,691505,Karuvelil,Kottarakkara,Kollam,13,"2023-08-14 09:47:15","2023-08-14 10:35:54",1
5404,691505,Anakottur,Kottarakkara,Kollam,13,"2023-08-14 09:47:15","2023-08-14 10:35:54",1
5407,691505,Ezhukone,Kottarakara,Kollam,13,"2023-08-14 09:47:15","2023-08-14 10:35:54",1
5410,691505,Neeleswaram,Kottarakara,Kollam,13,"2023-08-14 09:47:16","2023-08-14 10:35:54",1
5413,691506,Kottarakara,Kottarakara,Kollam,13,"2023-08-14 09:47:16","2023-08-14 10:35:54",1
5416,691507,Vendar,Kottarakkara,Kollam,13,"2023-08-14 09:47:16","2023-08-14 10:35:54",1
5419,691507,Mavadi,Kottarakkara,Kollam,13,"2023-08-14 09:47:16","2023-08-14 10:35:54",1
5422,691507,Pavithreswaram,Kottarakara,Kollam,13,"2023-08-14 09:47:16","2023-08-14 10:35:54",1
5425,691507,"Iverkala East",Kottarakkara,Kollam,13,"2023-08-14 09:47:16","2023-08-14 10:35:54",1
5428,691507,Puthur-kollam,Kottarakara,Kollam,13,"2023-08-14 09:47:16","2023-08-14 10:35:54",1
5431,691507,Kottathala,Kottarakkara,Kollam,13,"2023-08-14 09:47:16","2023-08-14 10:35:54",1
5434,691507,Karimpinpuzha,Kottarakkara,Kollam,13,"2023-08-14 09:47:16","2023-08-14 10:35:54",1
5437,691507,Thevalappuram,Kottarakkara,Kollam,13,"2023-08-14 09:47:16","2023-08-14 10:35:54",1
5440,691508,Ambalathinnirappu,Pathanapuram,Kollam,13,"2023-08-14 09:47:16","2023-08-14 10:35:54",1
5443,691508,Avaneeswaram,Pathanapuram,Kollam,13,"2023-08-14 09:47:16","2023-08-14 10:35:54",1
5446,691508,"Avaneeswaram RS",Pathanapuram,Kollam,13,"2023-08-14 09:47:16","2023-08-14 10:35:54",1
5449,691508,Chakkuvarakkal,Kottarakkara,Kollam,13,"2023-08-14 09:47:17","2023-08-14 10:35:54",1
5452,691508,Melila,Kottarakkara,Kollam,13,"2023-08-14 09:47:18","2023-08-14 10:35:54",1
5455,691508,Kunnicode,Pathanapuram,Kollam,13,"2023-08-14 09:47:18","2023-08-14 10:35:54",1
5458,691508,Thalavoor,Pathanapuram,Kollam,13,"2023-08-14 09:47:18","2023-08-14 10:35:54",1
5461,691508,Vilakudy,Pathanapuram,Kollam,13,"2023-08-14 09:47:18","2023-08-14 10:35:54",1
5464,691508,Manjakala,Pathanapuram,Kollam,13,"2023-08-14 09:47:18","2023-08-14 10:35:54",1
5467,691509,Nedumoncavu,Kottarakkara,Kollam,13,"2023-08-14 09:47:18","2023-08-14 10:35:54",1
5470,691509,Vakkanad,Kottarakkara,Kollam,13,"2023-08-14 09:47:18","2023-08-14 10:35:54",1
5473,691509,Thrioppilazhikom,Kottarakkara,Kollam,13,"2023-08-14 09:47:18","2023-08-14 10:35:54",1
5476,691509,Kuzhimathicaud,Kottarakara,Kollam,13,"2023-08-14 09:47:18","2023-08-14 10:35:54",1
5479,691509,Nellimukku,Kottarakkara,Kollam,13,"2023-08-14 09:47:18","2023-08-14 10:35:54",1
5482,691510,Oyur,Kottarakkara,Kollam,13,"2023-08-14 09:47:18","2023-08-14 10:35:54",1
5485,691510,Meeyana,Kottarakkara,Kollam,13,"2023-08-14 09:47:18","2023-08-14 10:35:54",1
5488,691510,Chenkulam,Kottarakkara,Kollam,13,"2023-08-14 09:47:18","2023-08-14 10:35:54",1
5491,691511,Vellimon,Kollam,Kollam,13,"2023-08-14 09:47:18","2023-08-14 10:35:54",1
5494,691511,"Vellimon West",Kollam,Kollam,13,"2023-08-14 09:47:18","2023-08-14 10:35:54",1
5497,691512,Muttara,Kottarakkara,Kollam,13,"2023-08-14 09:47:18","2023-08-14 10:35:54",1
5500,691512,Kudavattur,Kottarakkara,Kollam,13,"2023-08-14 09:47:18","2023-08-14 10:35:54",1
5503,691512,Odanavattom,Kottarakara,Kollam,13,"2023-08-14 09:47:18","2023-08-14 10:35:54",1
5506,691515,Nallila,Kollam,Kollam,13,"2023-08-14 09:47:18","2023-08-14 10:35:54",1
5509,691516,Karingannur,Kottarakkara,Kollam,13,"2023-08-14 09:47:18","2023-08-14 10:35:54",1
5512,691516,Cheriyavelinallur,Kottarakkara,Kollam,13,"2023-08-14 09:47:18","2023-08-14 10:35:54",1
5515,691516,Akkal,Kottarakkara,Kollam,13,"2023-08-14 09:47:18","2023-08-14 10:35:54",1
5518,691520,Cheppara,Kottarakkara,Kollam,13,"2023-08-14 09:47:18","2023-08-14 10:35:54",1
5521,691520,Nellikunnam,Kottarakkara,Kollam,13,"2023-08-14 09:47:18","2023-08-14 10:35:54",1
5524,691520,Valiyode,Kottarakkara,Kollam,13,"2023-08-14 09:47:18","2023-08-14 10:35:54",1
5527,691520,Ummannur,Kottarakara,Kollam,13,"2023-08-14 09:47:18","2023-08-14 10:35:54",1
5530,691521,Kulakada,Kottarakara,Kollam,13,"2023-08-14 09:47:18","2023-08-14 10:35:54",1
5533,691521,"Kulakkada East",Kottarakkara,Kollam,13,"2023-08-14 09:47:18","2023-08-14 10:35:54",1
5536,691521,Kulakkadathazham,Kottarakkara,Kollam,13,"2023-08-14 09:47:18","2023-08-14 10:35:54",1
5539,691522,Panthaplavu,Pathanapuram,Kollam,13,"2023-08-14 09:47:18","2023-08-14 10:35:54",1
5542,691522,Pattazhy,Pathanapuram,Kollam,13,"2023-08-14 09:47:18","2023-08-14 10:35:54",1
5545,691522,Thekketheri,Pathanapuram,Kollam,13,"2023-08-14 09:47:18","2023-08-14 10:35:54",1
5548,691526,Thazhathuvadakku,Pathanapuram,Kollam,13,"2023-08-14 09:47:18","2023-08-14 10:35:54",1
5551,691531,Thrikkannamangal,Kottarakkara,Kollam,13,"2023-08-14 09:47:18","2023-08-14 10:35:54",1
5554,691531,Kizhakketheruvu,Kottarakkara,Kollam,13,"2023-08-14 09:47:18","2023-08-14 10:35:54",1
5557,691531,Sadanandapuram,Kottarakkara,Kollam,13,"2023-08-14 09:47:18","2023-08-14 10:35:54",1
5560,691531,Plappally,Kottarakkara,Kollam,13,"2023-08-14 09:47:18","2023-08-14 10:35:54",1
5563,691531,Karikkom,Kottarakkara,Kollam,13,"2023-08-14 09:47:19","2023-08-14 10:35:54",1
5566,691531,Pulamon,Kottarakara,Kollam,13,"2023-08-14 09:47:19","2023-08-14 10:35:54",1
5569,691531,"Extension Trg Centre",Kottarakkara,Kollam,13,"2023-08-14 09:47:19","2023-08-14 10:35:54",1
5572,691532,Perumannur,Pathanapuram,Kollam,13,"2023-08-14 09:47:19","2023-08-14 10:35:54",1
5575,691532,Ambalakkara,Kottarakkara,Kollam,13,"2023-08-14 09:47:19","2023-08-14 10:35:54",1
5578,691532,Valakom,Kottarakara,Kollam,13,"2023-08-14 09:47:19","2023-08-14 10:35:54",1
5581,691532,Vayakkal,Kottarakkara,Kollam,13,"2023-08-14 09:47:19","2023-08-14 10:35:54",1
5584,691532,Panavely,Kottarakkara,Kollam,13,"2023-08-14 09:47:19","2023-08-14 10:35:54",1
5587,691532,Edayam,Kottarakkara,Kollam,13,"2023-08-14 09:47:19","2023-08-14 10:35:54",1
5590,691532,Podiyattuvila,Kottarakkara,Kollam,13,"2023-08-14 09:47:19","2023-08-14 10:35:54",1
5593,691532,Andoor,Kottarakkara,Kollam,13,"2023-08-14 09:47:19","2023-08-14 10:35:54",1
5596,691533,Ozhukkuparackal,Pathanapuram,Kollam,13,"2023-08-14 09:47:19","2023-08-14 10:35:54",1
5599,691533,Vengoor,Kottarakkara,Kollam,13,"2023-08-14 09:47:19","2023-08-14 10:35:54",1
5602,691533,Ayur,Pathanapuram,Kollam,13,"2023-08-14 09:47:19","2023-08-14 10:35:54",1
5605,691533,Thevannur,Kottarakkara,Kollam,13,"2023-08-14 09:47:19","2023-08-14 10:35:54",1
5608,691533,Elamadu,Kottarakkara,Kollam,13,"2023-08-14 09:47:19","2023-08-14 10:35:54",1
5611,691533,Vayyanam,Kottarakkara,Kollam,13,"2023-08-14 09:47:19","2023-08-14 10:35:54",1
5614,691533,Manjappara,Kottarakkara,Kollam,13,"2023-08-14 09:47:19","2023-08-14 10:35:54",1
5617,691533,Cheruvakkal,Kottarakkara,Kollam,13,"2023-08-14 09:47:19","2023-08-14 10:35:54",1
5620,691533,Arkannur,Kottarakkara,Kollam,13,"2023-08-14 09:47:19","2023-08-14 10:35:54",1
5623,691534,Kuriyode,Kottarakkara,Kollam,13,"2023-08-14 09:47:19","2023-08-14 10:35:54",1
5626,691534,Poredom,Kottarakkara,Kollam,13,"2023-08-14 09:47:19","2023-08-14 10:35:54",1
5629,691534,Chadayamangalam,Kottarakkara,Kollam,13,"2023-08-14 09:47:19","2023-08-14 10:35:54",1
5632,691534,Elampazhannur,Kottarakkara,Kollam,13,"2023-08-14 09:47:19","2023-08-14 10:35:54",1
5635,691535,Kaithode,Kottarakkara,Kollam,13,"2023-08-14 09:47:19","2023-08-14 10:35:54",1
5638,691535,Nilamel,Kottarakara,Kollam,13,"2023-08-14 09:47:19","2023-08-14 10:35:54",1
5641,691536,Kadakkal,Kottarakara,Kollam,13,"2023-08-14 09:47:19","2023-08-14 10:35:54",1
5644,691536,Kuttikadu,Kottarakkara,Kollam,13,"2023-08-14 09:47:19","2023-08-14 10:35:54",1
5647,691536,Channappara,Kottarakkara,Kollam,13,"2023-08-14 09:47:19","2023-08-14 10:35:54",1
5650,691536,Vattathamara,Kottarakkara,Kollam,13,"2023-08-14 09:47:19","2023-08-14 10:35:54",1
5653,691536,Edathara,Kottarakkara,Kollam,13,"2023-08-14 09:47:19","2023-08-14 10:35:54",1
5656,691536,Chariparabu,Kottarakkara,Kollam,13,"2023-08-14 09:47:19","2023-08-14 10:35:54",1
5659,691536,Kummil,Kottarakkara,Kollam,13,"2023-08-14 09:47:19","2023-08-14 10:35:54",1
5662,691536,Pullupana,Kottarakkara,Kollam,13,"2023-08-14 09:47:19","2023-08-14 10:35:54",1
5665,691536,Thudayannur,Kottarakkara,Kollam,13,"2023-08-14 09:47:19","2023-08-14 10:35:54",1
5668,691536,Mathira,Kottarakkara,Kollam,13,"2023-08-14 09:47:19","2023-08-14 10:35:54",1
5671,691536,"Pulippara Jn",Kottarakkara,Kollam,13,"2023-08-14 09:47:19","2023-08-14 10:35:54",1
5674,691537,Nettayam,Kottarakkara,Kollam,13,"2023-08-14 09:47:19","2023-08-14 10:35:54",1
5677,691537,Meeyannur,Kollam,Kollam,13,"2023-08-14 09:47:19","2023-08-14 10:35:54",1
5680,691537,"Kattadi Jn",Kottarakkara,Kollam,13,"2023-08-14 09:47:19","2023-08-14 10:35:54",1
5683,691537,Pooyapally,Kottarakara,Kollam,13,"2023-08-14 09:47:19","2023-08-14 10:35:54",1
5686,691537,Mailode,Kottarakkara,Kollam,13,"2023-08-14 09:47:19","2023-08-14 10:35:54",1
5689,691538,Kokkad,Kottarakkara,Kollam,13,"2023-08-14 09:47:19","2023-08-14 10:35:54",1
5692,691538,Thalachira,Kottarakkara,Kollam,13,"2023-08-14 09:47:19","2023-08-14 10:35:54",1
5695,691538,Vettikavala,Kottarakara,Kollam,13,"2023-08-14 09:47:19","2023-08-14 10:35:54",1
5698,691540,"Veliyam West",Kottarakkara,Kollam,13,"2023-08-14 09:47:19","2023-08-14 10:35:54",1
5701,691540,Veliyam,Kottarakara,Kollam,13,"2023-08-14 09:47:19","2023-08-14 10:35:54",1
5704,691541,Venkolla,Kottarakkara,Kollam,13,"2023-08-14 09:47:20","2023-08-14 10:35:54",1
5707,691541,Madathara,Kottarakkara,Kollam,13,"2023-08-14 09:47:20","2023-08-14 10:35:54",1
5710,691541,Kollayil,Kottarakkara,Kollam,13,"2023-08-14 09:47:20","2023-08-14 10:35:54",1
5713,691543,Kaithacode,Kottarakkara,Kollam,13,"2023-08-14 09:47:20","2023-08-14 10:35:54",1
5716,691543,Cherupoika,Kottarakkara,Kollam,13,"2023-08-14 09:47:20","2023-08-14 10:35:54",1
5719,691552,Edakkad,Kunnathur,Kollam,13,"2023-08-14 09:47:20","2023-08-14 10:35:54",1
5722,691553,Manampuzha,Kunnathur,Kollam,13,"2023-08-14 09:47:20","2023-08-14 10:35:54",1
5725,691553,Puthenambalam,Kunnathur,Kollam,13,"2023-08-14 09:47:20","2023-08-14 10:35:54",1
5728,691557,"Chengamanad Jn",Kottarakara,Kollam,13,"2023-08-14 09:47:20","2023-08-14 10:35:54",1
5731,691557,Kura,Kottarakkara,Kollam,13,"2023-08-14 09:47:20","2023-08-14 10:35:54",1
5734,691559,Chithara,Kottarakara,Kollam,13,"2023-08-14 09:47:20","2023-08-14 10:35:54",1
5737,691559,Valavupacha,Kottarakkara,Kollam,13,"2023-08-14 09:47:20","2023-08-14 10:35:54",1
5740,691559,Ayirakuzhy,Kottarakkara,Kollam,13,"2023-08-14 09:47:20","2023-08-14 10:35:54",1
5743,691559,Mancode-kadakkal,Kottarakkara,Kollam,13,"2023-08-14 09:47:20","2023-08-14 10:35:54",1
5746,691560,Kalayapuram,Kottarakara,Kollam,13,"2023-08-14 09:47:20","2023-08-14 10:35:54",1
5749,691560,Mailom,Kottarakkara,Kollam,13,"2023-08-14 09:47:20","2023-08-14 10:35:54",1
5752,691560,Thamarakudy,Kottarakkara,Kollam,13,"2023-08-14 09:47:20","2023-08-14 10:35:54",1
5755,691566,Perumkulam,Kottarakkara,Kollam,13,"2023-08-14 09:47:20","2023-08-14 10:35:54",1
5758,691566,Pallickal-kottarakara,Kottarakkara,Kollam,13,"2023-08-14 09:47:21","2023-08-14 10:35:54",1
5761,691571,Kottiyam,Kollam,Kollam,13,"2023-08-14 09:47:21","2023-08-14 10:35:54",1
5764,691571,Mylakkadu,Kollam,Kollam,13,"2023-08-14 09:47:21","2023-08-14 10:35:54",1
5767,691572,Chathannur,Kolllam,Kollam,13,"2023-08-14 09:47:21","2023-08-14 10:35:54",1
5770,691573,Kummallur,Kollam,Kollam,13,"2023-08-14 09:47:21","2023-08-14 10:35:54",1
5773,691573,Adichanallur,Adichanallur,Kollam,13,"2023-08-14 09:47:21","2023-08-14 10:35:54",1
5776,691573,Velichikala,Kollam,Kollam,13,"2023-08-14 09:47:21","2023-08-14 10:35:54",1
5779,691574,Parippally,Kollam,Kollam,13,"2023-08-14 09:47:21","2023-08-14 10:35:54",1
5782,691574,Velamannoor,Kollam,Kollam,13,"2023-08-14 09:47:21","2023-08-14 10:35:54",1
5785,691574,Kizhakkenela,Kollam,Kollam,13,"2023-08-14 09:47:21","2023-08-14 10:35:54",1
5788,691576,Pallimon,Kollam,Kollam,13,"2023-08-14 09:47:21","2023-08-14 10:35:54",1
5791,691576,Kannanallur,Kollam,Kollam,13,"2023-08-14 09:47:21","2023-08-14 10:35:54",1
5794,691576,Nedumpana,Kollam,Kollam,13,"2023-08-14 09:47:21","2023-08-14 10:35:54",1
5797,691577,Mukathala,Kollam,Kollam,13,"2023-08-14 09:47:21","2023-08-14 10:35:54",1
5800,691577,"Decent Jn",Kollam,Kollam,13,"2023-08-14 09:47:21","2023-08-14 10:35:54",1
5803,691577,Alumoodu,Kollam,Kollam,13,"2023-08-14 09:47:21","2023-08-14 10:35:54",1
5806,691578,Chirakkara,Kollam,Kollam,13,"2023-08-14 09:47:21","2023-08-14 10:35:54",1
5809,691578,Chirakkarathazham,Kollam,Kollam,13,"2023-08-14 09:47:21","2023-08-14 10:35:54",1
5812,691578,Vilavoorkonam,Kollam,Kollam,13,"2023-08-14 09:47:21","2023-08-14 10:35:54",1
5815,691578,Kalluvathukkal,Kollam,Kollam,13,"2023-08-14 09:47:21","2023-08-14 10:35:54",1
5818,691579,Uliyanadu,Kollam,Kollam,13,"2023-08-14 09:47:21","2023-08-14 10:35:54",1
5821,691579,Aduthala,Kollam,Kollam,13,"2023-08-14 09:47:21","2023-08-14 10:35:54",1
5824,691579,Karamcode,Kollam,Kollam,13,"2023-08-14 09:47:21","2023-08-14 10:35:54",1
5827,691579,Edanad,Kollam,Kollam,13,"2023-08-14 09:47:21","2023-08-14 10:35:54",1
5830,691581,Sakthikulangara,Kollam,Kollam,13,"2023-08-14 09:47:21","2023-08-14 10:35:54",1
5833,691582,Puthenthura,Karunagappally,Kollam,13,"2023-08-14 09:47:21","2023-08-14 10:35:54",1
5836,691582,Neendakara,Karunagapally,Kollam,13,"2023-08-14 09:47:21","2023-08-14 10:35:54",1
5839,691583,Panmana,Karunagapally,Kollam,13,"2023-08-14 09:47:21","2023-08-14 10:35:54",1
5842,691583,"Chavara Bridge",Karunagapally,Kollam,13,"2023-08-14 09:47:21","2023-08-14 10:35:54",1
5845,691583,Chavara,Karunagappally,Kollam,13,"2023-08-14 09:47:21","2023-08-14 10:35:54",1
5848,691583,Ponmana,Karunagappally,Kollam,13,"2023-08-14 09:47:21","2023-08-14 10:35:54",1
5851,691583,Edappallycotta,Karunagappally,Kollam,13,"2023-08-14 09:47:22","2023-08-14 10:35:54",1
5854,691583,"Panmana Puthen Chantha",Karunagappally,Kollam,13,"2023-08-14 09:47:22","2023-08-14 10:35:54",1
5857,691584,Vadakkumbhagom,Karunagappally,Kollam,13,"2023-08-14 09:47:22","2023-08-14 10:35:54",1
5860,691584,"Chavara South",Karunagapally,Kollam,13,"2023-08-14 09:47:22","2023-08-14 10:35:54",1
5863,691585,Mukundapuram,Karunagappally,Kollam,13,"2023-08-14 09:47:22","2023-08-14 10:35:54",1
5866,691585,Puthukkadukara,Karunagappally,Kollam,13,"2023-08-14 09:47:22","2023-08-14 10:35:54",1
5869,691589,"Umayanallur I E",Kollam,Kollam,13,"2023-08-14 09:47:22","2023-08-14 10:35:54",1
5872,691590,Koivila,Karunagappally,Kollam,13,"2023-08-14 09:47:22","2023-08-14 10:35:54",1
5875,691601,Perinad,Kollam,Kollam,13,"2023-08-14 09:47:22","2023-08-14 10:35:54",1
5878,691601,Panayam,Kollam,Kollam,13,"2023-08-14 09:47:22","2023-08-14 10:35:54",1
5881,691601,Inchavila,Kollam,Kollam,13,"2023-08-14 09:47:22","2023-08-14 10:35:54",1
5884,691601,Pattamthuruth,Kollam,Kollam,13,"2023-08-14 09:47:22","2023-08-14 10:35:54",1
5887,691601,Chemmakkad,Kollam,Kollam,13,"2023-08-14 09:47:22","2023-08-14 10:35:54",1
5890,691601,Perumon,Kollam,Kollam,13,"2023-08-14 09:47:22","2023-08-14 10:35:54",1
5893,691601,Kureepuzha,Kollam,Kollam,13,"2023-08-14 09:47:22","2023-08-14 10:35:54",1
5896,691601,Mathilil,Kollam,Kollam,13,"2023-08-14 09:47:22","2023-08-14 10:35:54",1
5899,691602,Prakkulam,Kollam,Kollam,13,"2023-08-14 09:47:22","2023-08-14 10:35:54",1
5902,691602,Ashtamudi,Kollam,Kollam,13,"2023-08-14 09:47:22","2023-08-14 10:35:54",1
5905,691602,Kanjavely,Kollam,Kollam,13,"2023-08-14 09:47:22","2023-08-14 10:35:54",1
5908,686001,Thirunakkara,Kottayam,Kottayam,10,"2023-08-14 09:47:22","2023-08-14 10:35:54",1
5911,686001,Kottayam,Kottayam,Kottayam,10,"2023-08-14 09:47:22","2023-08-14 10:35:54",1
5914,686001,"Kottayam North",Kottayam,Kottayam,10,"2023-08-14 09:47:22","2023-08-14 10:35:54",1
5917,686002,"Kottayam Collectorate",Kottayam,Kottayam,10,"2023-08-14 09:47:22","2023-08-14 10:35:54",1
5920,686003,"Kottayam West",Kottayam,Kottayam,10,"2023-08-14 09:47:22","2023-08-14 10:35:54",1
5923,686003,Veloor,Kottayam,Kottayam,10,"2023-08-14 09:47:22","2023-08-14 10:35:54",1
5926,686004,Devalokam,Kottayam,Kottayam,10,"2023-08-14 09:47:22","2023-08-14 10:35:54",1
5929,686004,Kollad,Kottayam,Kottayam,10,"2023-08-14 09:47:22","2023-08-14 10:35:54",1
5932,686004,Muttambalam,Kottayam,Kottayam,10,"2023-08-14 09:47:22","2023-08-14 10:35:54",1
5935,686004,Parampuzha,Kottayam,Kottayam,10,"2023-08-14 09:47:22","2023-08-14 10:35:54",1
5938,686005,Kummanam,Kottayam,Kottayam,10,"2023-08-14 09:47:22","2023-08-14 10:35:54",1
5941,686005,Thazhathangady,Kottayam,Kottayam,10,"2023-08-14 09:47:22","2023-08-14 10:35:54",1
5944,686006,"Nattassery S H Mount",Kottayam,Kottayam,10,"2023-08-14 09:47:22","2023-08-14 10:35:54",1
5947,686007,Pallom,Kottayam,Kottayam,10,"2023-08-14 09:47:22","2023-08-14 10:35:54",1
5950,686008,Villoonni,Kottayam,Kottayam,10,"2023-08-14 09:47:22","2023-08-14 10:35:54",1
5953,686008,"Gandhi Nagar (Kottayam)",Kottayam,Kottayam,10,"2023-08-14 09:47:22","2023-08-14 10:35:54",1
5956,686008,Apporkara,Kottayam,Kottayam,10,"2023-08-14 09:47:23","2023-08-14 10:35:54",1
5959,686008,"Arpookara East",Kottayam,Kottayam,10,"2023-08-14 09:47:23","2023-08-14 10:35:54",1
5962,686009,"Rubber Board",Kottayam,Kottayam,10,"2023-08-14 09:47:24","2023-08-14 10:35:54",1
5965,686010,Vadavathoor,Kottayam,Kottayam,10,"2023-08-14 09:47:24","2023-08-14 10:35:54",1
5968,686011,Puthupalli,Kottayam,Kottayam,10,"2023-08-14 09:47:24","2023-08-14 10:35:54",1
5971,686011,Eravinalloor,Kottayam,Kottayam,10,"2023-08-14 09:47:24","2023-08-14 10:35:54",1
5974,686011,Payyappady,Kottayam,Kottayam,10,"2023-08-14 09:47:24","2023-08-14 10:35:54",1
5977,686011,Thrikothamangalam,Kottayam,Kottayam,10,"2023-08-14 09:47:24","2023-08-14 10:35:54",1
5980,686012,"Poovanthuruthu GDSB.O",Kottayam,Kottayam,10,"2023-08-14 09:47:24","2023-08-14 10:35:54",1
5983,686012,Moolavattom,Kottayam,Kottayam,10,"2023-08-14 09:47:24","2023-08-14 10:35:54",1
5986,686012,Pakkil,Kottayam,Kottayam,10,"2023-08-14 09:47:24","2023-08-14 10:35:54",1
5989,686013,Nattakom,Kottayam,Kottayam,10,"2023-08-14 09:47:24","2023-08-14 10:35:54",1
5992,686013,"Kottayam South",Kottayam,Kottayam,10,"2023-08-14 09:47:24","2023-08-14 10:35:54",1
5995,686013,Mariappally,Kottayam,Kottayam,10,"2023-08-14 09:47:24","2023-08-14 10:35:54",1
5998,686014,Parippu,Kottayam,Kottayam,10,"2023-08-14 09:47:24","2023-08-14 10:35:54",1
6001,686014,Olessa,Kottayam,Kottayam,10,"2023-08-14 09:47:24","2023-08-14 10:35:54",1
6004,686015,Pulikkuttissery,Kottayam,Kottayam,10,"2023-08-14 09:47:24","2023-08-14 10:35:54",1
6007,686015,Aymanam,Kottayam,Kottayam,10,"2023-08-14 09:47:24","2023-08-14 10:35:54",1
6010,686016,Kumaranalloor,Kottayam,Kottayam,10,"2023-08-14 09:47:24","2023-08-14 10:35:54",1
6013,686016,Perumbaikkad,Kottayam,Kottayam,10,"2023-08-14 09:47:24","2023-08-14 10:35:54",1
6016,686017,Kudamaloor,Kottayam,Kottayam,10,"2023-08-14 09:47:24","2023-08-14 10:35:54",1
6019,686017,Mariathuruthu,Kottayam,Kottayam,10,"2023-08-14 09:47:25","2023-08-14 10:35:54",1
6022,686018,Manganam,Kottayam,Kottayam,10,"2023-08-14 09:47:25","2023-08-14 10:35:54",1
6025,686019,Thiruvanchoor,Kottayam,Kottayam,10,"2023-08-14 09:47:25","2023-08-14 10:35:54",1
6028,686019,Amayannur,Kottayam,Kottayam,10,"2023-08-14 09:47:26","2023-08-14 10:35:54",1
6031,686019,Malam,Kottayam,Kottayam,10,"2023-08-14 09:47:26","2023-08-14 10:35:54",1
6034,686019,Manarcaudu,Kottayam,Kottayam,10,"2023-08-14 09:47:26","2023-08-14 10:35:54",1
6037,686020,Kanjiram,Kottayam,Kottayam,10,"2023-08-14 09:47:26","2023-08-14 10:35:54",1
6040,686020,Thiruvarppu,Kottayam,Kottayam,10,"2023-08-14 09:47:26","2023-08-14 10:35:54",1
6043,686020,"Kiliroor North",Kottayam,Kottayam,10,"2023-08-14 09:47:26","2023-08-14 10:35:54",1
6046,686021,"Pariyaram (Kottayam)",Kottayam,Kottayam,10,"2023-08-14 09:47:26","2023-08-14 10:35:54",1
6049,686022,"Chengalam South",Kottayam,Kottayam,10,"2023-08-14 09:47:26","2023-08-14 10:35:54",1
6052,686041,Malloossery,Kottayam,Kottayam,10,"2023-08-14 09:47:26","2023-08-14 10:35:54",1
6055,686101,"Changanacherry College",Changanassery,Kottayam,10,"2023-08-14 09:47:26","2023-08-14 10:35:54",1
6058,686101,Changanacherry,Changanacherry,Kottayam,10,"2023-08-14 09:47:26","2023-08-14 10:35:54",1
6061,686101,"Changanacherry Market",Changanacherry,Kottayam,10,"2023-08-14 09:47:26","2023-08-14 10:35:54",1
6064,686102,Perunna,Changanassery,Kottayam,10,"2023-08-14 09:47:26","2023-08-14 10:35:54",1
6067,686102,Fathimapuram,Changanassery,Kottayam,10,"2023-08-14 09:47:26","2023-08-14 10:35:54",1
6070,686102,Panachikavu,Changanassery,Kottayam,10,"2023-08-14 09:47:26","2023-08-14 10:35:54",1
6073,686103,"Vazhappally West",Changanassery,Kottayam,10,"2023-08-14 09:47:26","2023-08-14 10:35:54",1
6076,686103,"Ruby Nagar",Changanacherry,Kottayam,10,"2023-08-14 09:47:26","2023-08-14 10:35:54",1
6079,686104,Kurisummoodu,Changanacherry,Kottayam,10,"2023-08-14 09:47:26","2023-08-14 10:35:54",1
6082,686104,Veroor,Changanassery,Kottayam,10,"2023-08-14 09:47:26","2023-08-14 10:35:54",1
6085,686105,Kottamurickal,Changanassery,Kottayam,10,"2023-08-14 09:47:26","2023-08-14 10:35:54",1
6088,686105,Thrickodithanam,Changanacherry,Kottayam,10,"2023-08-14 09:47:26","2023-08-14 10:35:54",1
6091,686106,"Changanacherry Industrialnagar",Changanassery,Kottayam,10,"2023-08-14 09:47:27","2023-08-14 10:35:54",1
6094,686106,Cheeranchira,Changanassery,Kottayam,10,"2023-08-14 09:47:27","2023-08-14 10:35:54",1
6097,686121,Erattupetta,Meenachil,Kottayam,10,"2023-08-14 09:47:27","2023-08-14 10:35:54",1
6100,686121,Nadackal,Meenachil,Kottayam,10,"2023-08-14 09:47:27","2023-08-14 10:35:54",1
6103,686122,Aruvithura,Meenachil,Kottayam,10,"2023-08-14 09:47:27","2023-08-14 10:35:54",1
6106,686123,Thidanad,Meenachil,Kottayam,10,"2023-08-14 09:47:27","2023-08-14 10:35:54",1
6109,686141,Vaikom,Vaikom,Kottayam,10,"2023-08-14 09:47:27","2023-08-14 10:35:54",1
6112,686143,Udayanapuram,Vaikom,Kottayam,10,"2023-08-14 09:47:27","2023-08-14 10:35:54",1
6115,686143,Akkarapadom,Vaikom,Kottayam,10,"2023-08-14 09:47:27","2023-08-14 10:35:54",1
6118,686144,Vechoor,Vaikom,Kottayam,10,"2023-08-14 09:47:27","2023-08-14 10:35:54",1
6121,686144,Kudavechoor,Vaikom,Kottayam,10,"2023-08-14 09:47:27","2023-08-14 10:35:54",1
6124,686144,"Ambika Market",Vaikom,Kottayam,10,"2023-08-14 09:47:27","2023-08-14 10:35:54",1
6127,686146,Vaikaprayar,Vaikom,Kottayam,10,"2023-08-14 09:47:27","2023-08-14 10:35:54",1
6130,686146,Ayyarkulangara,Vaikom,Kottayam,10,"2023-08-14 09:47:27","2023-08-14 10:35:54",1
6133,686146,"Vaikom Thekkenada",Vaikom,Kottayam,10,"2023-08-14 09:47:27","2023-08-14 10:35:54",1
6136,686146,Padinjarekkara,Voikom,Kottayam,10,"2023-08-14 09:47:27","2023-08-14 10:35:54",1
6139,686501,Areeparampu,Kottayam,Kottayam,10,"2023-08-14 09:47:27","2023-08-14 10:35:54",1
6142,686501,Velloor,Kottayam,Kottayam,10,"2023-08-14 09:47:27","2023-08-14 10:35:54",1
6145,686502,Pampady,Kottayam,Kottayam,10,"2023-08-14 09:47:27","2023-08-14 10:35:54",1
6148,686502,Kothala,Kottayam,Kottayam,10,"2023-08-14 09:47:27","2023-08-14 10:35:54",1
6151,686502,"Suryanarayana Puram",Kottayam,Kottayam,10,"2023-08-14 09:47:27","2023-08-14 10:35:54",1
6154,686502,Pangada,Kottayam,Kottayam,10,"2023-08-14 09:47:27","2023-08-14 10:35:54",1
6157,686502,Pothenpuram,Kottayam,Kottayam,10,"2023-08-14 09:47:27","2023-08-14 10:35:54",1
6160,686502,Lakkattoor,Kottayam,Kottayam,10,"2023-08-14 09:47:27","2023-08-14 10:35:54",1
6163,686502,Kooropada,Kottayam,Kottayam,10,"2023-08-14 09:47:27","2023-08-14 10:35:54",1
6166,686503,Aruvikuzhy,Kottayam,Kottayam,10,"2023-08-14 09:47:27","2023-08-14 10:35:54",1
6169,686503,Elampally,Kottayam,Kottayam,10,"2023-08-14 09:47:27","2023-08-14 10:35:54",1
6172,686503,Kalloorkulam,Kottayam,Kottayam,10,"2023-08-14 09:47:27","2023-08-14 10:35:54",1
6175,686503,Moozhoor,Kottayam,Kottayam,10,"2023-08-14 09:47:27","2023-08-14 10:35:54",1
6178,686503,"Anikad West",Kottayam,Kottayam,10,"2023-08-14 09:47:27","2023-08-14 10:35:54",1
6181,686503,"Anikad East",Kottayam,Kottayam,10,"2023-08-14 09:47:27","2023-08-14 10:35:54",1
6184,686503,Anikad,Kottayam,Kottayam,10,"2023-08-14 09:47:27","2023-08-14 10:35:54",1
6187,686503,Manalunkal,Kottayam,Kottayam,10,"2023-08-14 09:47:27","2023-08-14 10:35:54",1
6190,686504,Vazhoor,Changanacherry,Kottayam,10,"2023-08-14 09:47:27","2023-08-14 10:35:54",1
6193,686504,"Vazhoor East",Changanassery,Kottayam,10,"2023-08-14 09:47:27","2023-08-14 10:35:54",1
6196,686505,Theerthapadapuram,Changanassery,Kottayam,10,"2023-08-14 09:47:27","2023-08-14 10:35:54",1
6199,686506,Thampalakkad,Kanjirappally,Kottayam,10,"2023-08-14 09:47:27","2023-08-14 10:35:54",1
6202,686506,Ponkunnam,Kanjirappally,Kottayam,10,"2023-08-14 09:47:27","2023-08-14 10:35:54",1
6205,686506,"Ponkunnam Court",Kanjirappally,Kottayam,10,"2023-08-14 09:47:27","2023-08-14 10:35:54",1
6208,686506,Mannarakayam,Kanjirappally,Kottayam,10,"2023-08-14 09:47:27","2023-08-14 10:35:54",1
6211,686506,"Kanjirapally West",Kanjirappally,Kottayam,10,"2023-08-14 09:47:27","2023-08-14 10:35:54",1
6214,686506,Chennakunnu,Kanjirapally,Kottayam,10,"2023-08-14 09:47:27","2023-08-14 10:35:54",1
6217,686506,Nariyanani,Kanjirappally,Kottayam,10,"2023-08-14 09:47:27","2023-08-14 10:35:54",1
6220,686507,Kanjirapally,Kanjirappally,Kottayam,10,"2023-08-14 09:47:28","2023-08-14 10:35:54",1
6223,686508,Chemmalamattom,Meenachil,Kottayam,10,"2023-08-14 09:47:28","2023-08-14 10:35:54",1
6226,686508,Anakkal,Kanjirapally,Kottayam,10,"2023-08-14 09:47:29","2023-08-14 10:35:54",1
6229,686508,Chettuthode,Meenachil,Kottayam,10,"2023-08-14 09:47:29","2023-08-14 10:35:54",1
6232,686508,Kappadu,Kanjirappally,Kottayam,10,"2023-08-14 09:47:29","2023-08-14 10:35:54",1
6235,686508,Kalaketty,Kanjirappally,Kottayam,10,"2023-08-14 09:47:29","2023-08-14 10:35:54",1
6238,686508,Vanchimala,Kanjirappally,Kottayam,10,"2023-08-14 09:47:29","2023-08-14 10:35:54",1
6241,686509,Erumely,Kanjirapally,Kottayam,10,"2023-08-14 09:47:29","2023-08-14 10:35:54",1
6244,686509,Kanakapalam,Kanjirappally,Kottayam,10,"2023-08-14 09:47:29","2023-08-14 10:35:54",1
6247,686509,Kannimala,Kanjirappally,Kottayam,10,"2023-08-14 09:47:30","2023-08-14 10:35:54",1
6250,686509,Kuruvammoozhy,Kanjirappally,Kottayam,10,"2023-08-14 09:47:30","2023-08-14 10:35:54",1
6253,686509,Prpose,Kanjirappally,Kottayam,10,"2023-08-14 09:47:30","2023-08-14 10:35:54",1
6256,686510,Kanamala,Kanjirappally,Kottayam,10,"2023-08-14 09:47:31","2023-08-14 10:35:54",1
6259,686510,Venkurinji,Kanjirapally,Kottayam,10,"2023-08-14 09:47:31","2023-08-14 10:35:54",1
6262,686510,Muttappally,Kanjirappally,Kottayam,10,"2023-08-14 09:47:31","2023-08-14 10:35:54",1
6265,686510,Mukkoottuthara,Kanjirappally,Kottayam,10,"2023-08-14 09:47:31","2023-08-14 10:35:54",1
6268,686510,"Pampavally North",Kottayam,Kottayam,10,"2023-08-14 09:47:31","2023-08-14 10:35:54",1
6271,686510,Edakadathy,Kanjirappally,Kottayam,10,"2023-08-14 09:47:31","2023-08-14 10:35:54",1
6274,686512,Edakkunnam,Kanjirappally,Kottayam,10,"2023-08-14 09:47:31","2023-08-14 10:35:54",1
6277,686512,"Parathode (Kottayam)",Kanjirappally,Kottayam,10,"2023-08-14 09:47:31","2023-08-14 10:35:54",1
6280,686512,Inchiyani,Kanjirappally,Kottayam,10,"2023-08-14 09:47:31","2023-08-14 10:35:54",1
6283,686512,Chittadi,Kanjirapally,Kottayam,10,"2023-08-14 09:47:31","2023-08-14 10:35:54",1
6286,686512,Vengathanam,Kanjirappally,Kottayam,10,"2023-08-14 09:47:32","2023-08-14 10:35:54",1
6289,686512,Urakkanadu,Kanjirappally,Kottayam,10,"2023-08-14 09:47:32","2023-08-14 10:35:54",1
6292,686513,Mundakayam,Kanjirapally,Kottayam,10,"2023-08-14 09:47:32","2023-08-14 10:35:54",1
6295,686513,Karinilam,Kanjirappally,Kottayam,10,"2023-08-14 09:47:32","2023-08-14 10:35:54",1
6298,686513,Koruthode,Kanjirappally,Kottayam,10,"2023-08-14 09:47:32","2023-08-14 10:35:54",1
6301,686513,Madukka,Kanjirappally,Kottayam,10,"2023-08-14 09:47:32","2023-08-14 10:35:54",1
6304,686513,Punchavayal,Kanjirappally,Kottayam,10,"2023-08-14 09:47:32","2023-08-14 10:35:54",1
6307,686513,"Rajendraprasad Colony",Kanjirappally,Kottayam,10,"2023-08-14 09:47:32","2023-08-14 10:35:54",1
6310,686514,Yendayar,Kanjirappally,Kottayam,10,"2023-08-14 09:47:33","2023-08-14 10:35:54",1
6313,686514,Velanilam,Kanjirappally,Kottayam,10,"2023-08-14 09:47:33","2023-08-14 10:35:54",1
6316,686514,Elamkadu,Kanjirappally,Kottayam,10,"2023-08-14 09:47:33","2023-08-14 10:35:54",1
6319,686514,Parathanam,Kanjirappally,Kottayam,10,"2023-08-14 09:47:33","2023-08-14 10:35:54",1
6322,686514,Koottickal,Kanjirapally,Kottayam,10,"2023-08-14 09:47:33","2023-08-14 10:35:54",1
6325,686514,Thalumkal,Kanjirappally,Kottayam,10,"2023-08-14 09:47:33","2023-08-14 10:35:54",1
6328,686515,Pulickakavala,Changanassery,Kottayam,10,"2023-08-14 09:47:33","2023-08-14 10:35:54",1
6331,686515,Kanam,Changanassery,Kottayam,10,"2023-08-14 09:47:33","2023-08-14 10:35:54",1
6334,686516,Meenadom,Kottayam,Kottayam,10,"2023-08-14 09:47:33","2023-08-14 10:35:54",1
6337,686516,Vattakunnu,Kottayam,Kottayam,10,"2023-08-14 09:47:33","2023-08-14 10:35:54",1
6340,686517,Chakompathal,Changanassery,Kottayam,10,"2023-08-14 09:47:34","2023-08-14 10:35:54",1
6343,686518,Palampra,Kanjirappally,Kottayam,10,"2023-08-14 09:47:34","2023-08-14 10:35:54",1
6346,686518,Vizhikithode,Kanjirappally,Kottayam,10,"2023-08-14 09:47:34","2023-08-14 10:35:54",1
6349,686518,Panachepally,Kanjirappally,Kottayam,10,"2023-08-14 09:47:34","2023-08-14 10:35:54",1
6352,686518,Koovapally,Kanjirapally,Kottayam,10,"2023-08-14 09:47:34","2023-08-14 10:35:54",1
6355,686519,Thekkethukavala,Kanjirappally,Kottayam,10,"2023-08-14 09:47:34","2023-08-14 10:35:54",1
6358,686519,"Chirakadavu Centre",Kanjirappally,Kottayam,10,"2023-08-14 09:47:34","2023-08-14 10:35:54",1
6361,686519,Kavumbhagom,Kanjirappally,Kottayam,10,"2023-08-14 09:47:34","2023-08-14 10:35:54",1
6364,686520,"Chirakadavu East",Kanjirappally,Kottayam,10,"2023-08-14 09:47:34","2023-08-14 10:35:54",1
6367,686520,Pazhayidom,Kanjirappally,Kottayam,10,"2023-08-14 09:47:34","2023-08-14 10:35:54",1
6370,686520,Chenappady,Kanjirappally,Kottayam,10,"2023-08-14 09:47:34","2023-08-14 10:35:54",1
6373,686520,Chirakadavu,Kanjirappally,Kottayam,10,"2023-08-14 09:47:34","2023-08-14 10:35:54",1
6376,686521,Poothakuzhy,Kottayam,Kottayam,10,"2023-08-14 09:47:34","2023-08-14 10:35:54",1
6379,686521,"Pampady South",Kottayam,Kottayam,10,"2023-08-14 09:47:34","2023-08-14 10:35:54",1
6382,686522,Panamattom,Kanjirappally,Kottayam,10,"2023-08-14 09:47:34","2023-08-14 10:35:54",1
6385,686522,Koorali,Kanjirapally,Kottayam,10,"2023-08-14 09:47:34","2023-08-14 10:35:54",1
6388,686531,Chingavanam,Changanacherry,Kottayam,10,"2023-08-14 09:47:34","2023-08-14 10:35:54",1
6391,686532,Sachivothamapuram,Changanacherry,Kottayam,10,"2023-08-14 09:47:34","2023-08-14 10:35:54",1
6394,686532,Kurichy,Changanassery,Kottayam,10,"2023-08-14 09:47:34","2023-08-14 10:35:54",1
6397,686532,Pathamuttom,Changanassery,Kottayam,10,"2023-08-14 09:47:34","2023-08-14 10:35:54",1
6400,686533,Channanikadu,Kottayam,Kottayam,10,"2023-08-14 09:47:34","2023-08-14 10:35:54",1
6403,686533,Kuzhimattom,Kottayam,Kottayam,10,"2023-08-14 09:47:34","2023-08-14 10:35:54",1
6406,686535,Ithithanam,Changanassery,Kottayam,10,"2023-08-14 09:47:34","2023-08-14 10:35:54",1
6409,686535,Malakunnam,Changanassery,Kottayam,10,"2023-08-14 09:47:34","2023-08-14 10:35:54",1
6412,686535,Thuruthy,Changanassery,Kottayam,10,"2023-08-14 09:47:34","2023-08-14 10:35:54",1
6415,686536,Perumpanachy,Changanassery,Kottayam,10,"2023-08-14 09:47:34","2023-08-14 10:35:54",1
6418,686536,Kurumpanadom,Changanassery,Kottayam,10,"2023-08-14 09:47:34","2023-08-14 10:35:54",1
6421,686536,Mammoodu,Changanassery,Kottayam,10,"2023-08-14 09:47:34","2023-08-14 10:35:54",1
6424,686537,Pallickachirakavala,Changanacherry,Kottayam,10,"2023-08-14 09:47:34","2023-08-14 10:35:54",1
6427,686538,Vakathanam,Changanacherry,Kottayam,10,"2023-08-14 09:47:34","2023-08-14 10:35:54",1
6430,686538,"Vakathanam South",Changanassery,Kottayam,10,"2023-08-14 09:47:34","2023-08-14 10:35:54",1
6433,686538,Puthenchantha,Changanassery,Kottayam,10,"2023-08-14 09:47:34","2023-08-14 10:35:54",1
6436,686538,Nalunnackal,Changanassery,Kottayam,10,"2023-08-14 09:47:34","2023-08-14 10:35:54",1
6439,686538,Ponganthanam,Changanassery,Kottayam,10,"2023-08-14 09:47:34","2023-08-14 10:35:54",1
6442,686539,Eravuchira,Changanassery,Kottayam,10,"2023-08-14 09:47:35","2023-08-14 10:35:54",1
6445,686539,Umbidi,Changanassery,Kottayam,10,"2023-08-14 09:47:35","2023-08-14 10:35:54",1
6448,686539,"Thottackad West",Changanassery,Kottayam,10,"2023-08-14 09:47:35","2023-08-14 10:35:54",1
6451,686539,Thottakadu,Changanacherry,Kottayam,10,"2023-08-14 09:47:35","2023-08-14 10:35:54",1
6454,686540,Champakara,Changanassery,Kottayam,10,"2023-08-14 09:47:35","2023-08-14 10:35:54",1
6457,686540,Koothrappally,Changanassery,Kottayam,10,"2023-08-14 09:47:35","2023-08-14 10:35:54",1
6460,686540,Chelacompu,Changanassery,Kottayam,10,"2023-08-14 09:47:35","2023-08-14 10:35:54",1
6463,686540,Karukachal,Changanacherry,Kottayam,10,"2023-08-14 09:47:35","2023-08-14 10:35:54",1
6466,686541,Mundathanam,Changanassery,Kottayam,10,"2023-08-14 09:47:35","2023-08-14 10:35:54",1
6469,686541,Kangazha,Changanacherry,Kottayam,10,"2023-08-14 09:47:35","2023-08-14 10:35:54",1
6472,686541,Edayarickapuzha,Changanassery,Kottayam,10,"2023-08-14 09:47:35","2023-08-14 10:35:54",1
6475,686541,Kulathoorprayar,Changanassery,Kottayam,10,"2023-08-14 09:47:35","2023-08-14 10:35:54",1
6478,686541,Kadayanickad,Changanassery,Kottayam,10,"2023-08-14 09:47:35","2023-08-14 10:35:54",1
6481,686541,Thazhathuvadakara,Changanassery,Kottayam,10,"2023-08-14 09:47:35","2023-08-14 10:35:54",1
6484,686541,Vellavoor,Changanassery,Kottayam,10,"2023-08-14 09:47:35","2023-08-14 10:35:54",1
6487,686542,Nedumkunnam,Changanacherry,Kottayam,10,"2023-08-14 09:47:35","2023-08-14 10:35:54",1
6490,686542,Manthuruthy,Changanassery,Kottayam,10,"2023-08-14 09:47:35","2023-08-14 10:35:54",1
6493,686542,Nedumanny,Changanassery,Kottayam,10,"2023-08-14 09:47:35","2023-08-14 10:35:54",1
6496,686543,Cheruvally,Changanacherry,Kottayam,10,"2023-08-14 09:47:35","2023-08-14 10:35:54",1
6499,686543,Erathuvadakara,Changanassery,Kottayam,10,"2023-08-14 09:47:35","2023-08-14 10:35:54",1
6502,686543,Manimala,Changanacherry,Kottayam,10,"2023-08-14 09:47:35","2023-08-14 10:35:54",1
6505,686544,Karikkattoor,Kanjirapally,Kottayam,10,"2023-08-14 09:47:35","2023-08-14 10:35:54",1
6508,686544,Alapra,Kanjirappally,Kottayam,10,"2023-08-14 09:47:35","2023-08-14 10:35:54",1
6511,686544,Poovatholi,Kanjirappally,Kottayam,10,"2023-08-14 09:47:35","2023-08-14 10:35:54",1
6514,686544,Mukkada,Kanjirappally,Kottayam,10,"2023-08-14 09:47:35","2023-08-14 10:35:54",1
6517,686544,Pulikkallu,Kanjirappally,Kottayam,10,"2023-08-14 09:47:35","2023-08-14 10:35:54",1
6520,686544,"Karikkattoor Centre",Kanjirappally,Kottayam,10,"2023-08-14 09:47:35","2023-08-14 10:35:54",1
6523,686544,Ponthenpuzha,Kanjirappally,Kottayam,10,"2023-08-14 09:47:35","2023-08-14 10:35:54",1
6526,686545,Santhipuram,Changanassery,Kottayam,10,"2023-08-14 09:47:35","2023-08-14 10:35:54",1
6529,686545,Nedungadappally,Changanassery,Kottayam,10,"2023-08-14 09:47:35","2023-08-14 10:35:54",1
6532,686546,Madappally,Changanacherry,Kottayam,10,"2023-08-14 09:47:35","2023-08-14 10:35:54",1
6535,686546,Amara,Changanassery,Kottayam,10,"2023-08-14 09:47:35","2023-08-14 10:35:54",1
6538,686548,Nalukody,Changanassery,Kottayam,10,"2023-08-14 09:47:35","2023-08-14 10:35:54",1
6541,686555,Kanjirappara,Changanassery,Kottayam,10,"2023-08-14 09:47:35","2023-08-14 10:35:54",1
6544,686555,Devagiri,Changanassery,Kottayam,10,"2023-08-14 09:47:35","2023-08-14 10:35:54",1
6547,686560,"Priyadarsini Hills",Kottayam,Kottayam,10,"2023-08-14 09:47:35","2023-08-14 10:35:54",1
6550,686561,Amalagiri,Kottayam,Kottayam,10,"2023-08-14 09:47:35","2023-08-14 10:35:54",1
6553,686561,Mannanam,Kottayam,Kottayam,10,"2023-08-14 09:47:35","2023-08-14 10:35:54",1
6556,686562,Sreekantamangalam,Kottayam,Kottayam,10,"2023-08-14 09:47:35","2023-08-14 10:35:54",1
6559,686562,Athirampuzha,Kottayam,Kottayam,10,"2023-08-14 09:47:35","2023-08-14 10:35:54",1
6562,686563,"Kumarakom East",Kottayam,Kottayam,10,"2023-08-14 09:47:35","2023-08-14 10:35:54",1
6565,686563,Kumarakom,Kottayam,Kottayam,10,"2023-08-14 09:47:35","2023-08-14 10:35:54",1
6568,686563,"Kumarakom North",Kottayam,Kottayam,10,"2023-08-14 09:47:35","2023-08-14 10:35:54",1
6571,686563,"Kumarakom South",Kottayam,Kottayam,10,"2023-08-14 09:47:35","2023-08-14 10:35:54",1
6574,686563,Cheepunkal,Kottayam,Kottayam,10,"2023-08-14 09:47:35","2023-08-14 10:35:54",1
6577,686564,Arumanur,Kottayam,Kottayam,10,"2023-08-14 09:47:35","2023-08-14 10:35:54",1
6580,686564,Kongandoor,Kottayam,Kottayam,10,"2023-08-14 09:47:35","2023-08-14 10:35:54",1
6583,686564,Ayarkunnam,Kottayam,Kottayam,10,"2023-08-14 09:47:35","2023-08-14 10:35:54",1
6586,686564,Mattakkara,Kottayam,Kottayam,10,"2023-08-14 09:47:35","2023-08-14 10:35:54",1
6589,686564,Karimpani,Kottayam,Kottayam,10,"2023-08-14 09:47:35","2023-08-14 10:35:54",1
6592,686564,Neerikkad,Kottayam,Kottayam,10,"2023-08-14 09:47:35","2023-08-14 10:35:54",1
6595,686564,Paduva,Kottayam,Kottayam,10,"2023-08-14 09:47:35","2023-08-14 10:35:54",1
6598,686571,Padinjattinkara,Meenachil,Kottayam,10,"2023-08-14 09:47:35","2023-08-14 10:35:54",1
6601,686571,Kadaplamattom,Meenachil,Kottayam,10,"2023-08-14 09:47:35","2023-08-14 10:35:54",1
6604,686572,Kummannoor,Meenachil,Kottayam,10,"2023-08-14 09:47:35","2023-08-14 10:35:54",1
6607,686572,Kattachira,Meenachil,Kottayam,10,"2023-08-14 09:47:35","2023-08-14 10:35:54",1
6610,686572,Kidangoor,Meenachil,Kottayam,10,"2023-08-14 09:47:35","2023-08-14 10:35:54",1
6613,686573,Puliyannoor,Meenachil,Kottayam,10,"2023-08-14 09:47:35","2023-08-14 10:35:54",1
6616,686573,Kozhuvanal,Meenachil,Kottayam,10,"2023-08-14 09:47:35","2023-08-14 10:35:54",1
6619,686573,Mevada,Meenachil,Kottayam,10,"2023-08-14 09:47:35","2023-08-14 10:35:54",1
6622,686573,Mutholi,Meenachil,Kottayam,10,"2023-08-14 09:47:35","2023-08-14 10:35:54",1
6625,686573,Thodanal,Meenachil,Kottayam,10,"2023-08-14 09:47:35","2023-08-14 10:35:54",1
6628,686574,Edanad,Meenachil,Kottayam,10,"2023-08-14 09:47:35","2023-08-14 10:35:54",1
6631,686574,Chakkampuzha,Meenachil,Kottayam,10,"2023-08-14 09:47:35","2023-08-14 10:35:54",1
6634,686574,Vallichira,Meenachil,Kottayam,10,"2023-08-14 09:47:35","2023-08-14 10:35:54",1
6637,686574,Arunapuram,Meenachil,Kottayam,10,"2023-08-14 09:47:35","2023-08-14 10:35:54",1
6640,686574,Kadappattoor,Meenachil,Kottayam,10,"2023-08-14 09:47:35","2023-08-14 10:35:54",1
6643,686574,Ponand-karur,Meenachil,Kottayam,10,"2023-08-14 09:47:35","2023-08-14 10:35:54",1
6646,686574,Kizhathadiyur,Meenachil,Kottayam,10,"2023-08-14 09:47:35","2023-08-14 10:35:54",1
6649,686574,Velliappally,Meenachil,Kottayam,10,"2023-08-14 09:47:35","2023-08-14 10:35:54",1
6652,686574,Mundankal,Meenachil,Kottayam,10,"2023-08-14 09:47:35","2023-08-14 10:35:54",1
6655,686574,Nechipuzhoor,Meenachil,Kottayam,10,"2023-08-14 09:47:35","2023-08-14 10:35:54",1
6658,686575,Palai,Meenachil,Kottayam,10,"2023-08-14 09:47:35","2023-08-14 10:35:54",1
6661,686575,"Palai Market Junction",Meenachil,Kottayam,10,"2023-08-14 09:47:35","2023-08-14 10:35:54",1
6664,686575,"Pala Town",Meenachil,Kottayam,10,"2023-08-14 09:47:35","2023-08-14 10:35:54",1
6667,686576,Ramapuram,Meenachil,Kottayam,10,"2023-08-14 09:47:35","2023-08-14 10:35:54",1
6670,686576,Kizhathiri,Meenachil,Kottayam,10,"2023-08-14 09:47:35","2023-08-14 10:35:54",1
6673,686576,Kurinji,Meenachil,Kottayam,10,"2023-08-14 09:47:35","2023-08-14 10:35:54",1
6676,686576,Koodapalam,Meenachil,Kottayam,10,"2023-08-14 09:47:35","2023-08-14 10:35:54",1
6679,686576,Idiyanal,Meenachil,Kottayam,10,"2023-08-14 09:47:35","2023-08-14 10:35:54",1
6682,686576,Amanakara,Meenachil,Kottayam,10,"2023-08-14 09:47:35","2023-08-14 10:35:54",1
6685,686576,"Ramapuram Bazar",Meenachil,Kottayam,10,"2023-08-14 09:47:35","2023-08-14 10:35:54",1
6688,686576,Mediri,Meenachil,Kottayam,10,"2023-08-14 09:47:35","2023-08-14 10:35:54",1
6691,686577,Mallikasery,Meenachil,Kottayam,10,"2023-08-14 09:47:35","2023-08-14 10:35:54",1
6694,686577,Njandupara,Kanjirappally,Kottayam,10,"2023-08-14 09:47:35","2023-08-14 10:35:54",1
6697,686577,Madukkakunuu,Kanjirappally,Kottayam,10,"2023-08-14 09:47:35","2023-08-14 10:35:54",1
6700,686577,Meenachil,Meenachil,Kottayam,10,"2023-08-14 09:47:35","2023-08-14 10:35:54",1
6703,686577,Poovarani,Meenachil,Kottayam,10,"2023-08-14 09:47:35","2023-08-14 10:35:54",1
6706,686577,Elikulam,Meenachil,Kottayam,10,"2023-08-14 09:47:35","2023-08-14 10:35:54",1
6709,686578,Kizhaparayar,Meenachil,Kottayam,10,"2023-08-14 09:47:35","2023-08-14 10:35:54",1
6712,686578,Poovathode,Meenachil,Kottayam,10,"2023-08-14 09:47:35","2023-08-14 10:35:54",1
6715,686578,"Ampara Nirappel",Meenachil,Kottayam,10,"2023-08-14 09:47:35","2023-08-14 10:35:54",1
6718,686578,Idamattom,Meenachil,Kottayam,10,"2023-08-14 09:47:35","2023-08-14 10:35:54",1
6721,686578,Bharananganam,Meenachil,Kottayam,10,"2023-08-14 09:47:35","2023-08-14 10:35:54",1
6724,686578,Edappady,Meenachil,Kottayam,10,"2023-08-14 09:47:35","2023-08-14 10:35:54",1
6727,686578,Melampara,Meenachil,Kottayam,10,"2023-08-14 09:47:35","2023-08-14 10:35:54",1
6730,686579,Choondacherry,Meenachil,Kottayam,10,"2023-08-14 09:47:35","2023-08-14 10:35:54",1
6733,686579,Anjoottimangalam,Meenachil,Kottayam,10,"2023-08-14 09:47:35","2023-08-14 10:35:54",1
6736,686579,Plassanal,Meenachil,Kottayam,10,"2023-08-14 09:47:36","2023-08-14 10:35:54",1
6739,686579,Nariayanganam,Meenachil,Kottayam,10,"2023-08-14 09:47:36","2023-08-14 10:35:54",1
6742,686579,Kalathukadavu,Meenachil,Kottayam,10,"2023-08-14 09:47:36","2023-08-14 10:35:54",1
6745,686580,Adukkam,Meenachil,Kottayam,10,"2023-08-14 09:47:36","2023-08-14 10:35:54",1
6748,686580,Thalanad,Meenachil,Kottayam,10,"2023-08-14 09:47:36","2023-08-14 10:35:54",1
6751,686580,Teekoy,Meenachil,Kottayam,10,"2023-08-14 09:47:36","2023-08-14 10:35:54",1
6754,686580,Velathusseri,Meenachil,Kottayam,10,"2023-08-14 09:47:36","2023-08-14 10:35:54",1
6757,686580,Vellikulam,Meenachil,Kottayam,10,"2023-08-14 09:47:36","2023-08-14 10:35:54",1
6760,686581,Poonjar,Meenachil,Kottayam,10,"2023-08-14 09:47:36","2023-08-14 10:35:54",1
6763,686581,Chennad,Meenachil,Kottayam,10,"2023-08-14 09:47:36","2023-08-14 10:35:54",1
6766,686582,Cholathadom,Meenachil,Kottayam,10,"2023-08-14 09:47:36","2023-08-14 10:35:54",1
6769,686582,Adivaram,Meenachil,Kottayam,10,"2023-08-14 09:47:36","2023-08-14 10:35:54",1
6772,686582,Peringalam,Meenachil,Kottayam,10,"2023-08-14 09:47:36","2023-08-14 10:35:54",1
6775,686582,Pathampuzha,Meenachil,Kottayam,10,"2023-08-14 09:47:36","2023-08-14 10:35:54",1
6778,686582,Kunnam,Meenachil,Kottayam,10,"2023-08-14 09:47:36","2023-08-14 10:35:54",1
6781,686582,Kaipally,Meenachil,Kottayam,10,"2023-08-14 09:47:36","2023-08-14 10:35:54",1
6784,686582,"Poonjar Thekkekara",Meenachil,Kottayam,10,"2023-08-14 09:47:36","2023-08-14 10:35:54",1
6787,686583,Punnathura,Kottayam,Kottayam,10,"2023-08-14 09:47:36","2023-08-14 10:35:54",1
6790,686583,"Kidangoor South",Meenachil,Kottayam,10,"2023-08-14 09:47:36","2023-08-14 10:35:54",1
6793,686584,Kezhuvankulam,Meenachil,Kottayam,10,"2023-08-14 09:47:36","2023-08-14 10:35:54",1
6796,686584,Cherpunkal,Meenachil,Kottayam,10,"2023-08-14 09:47:36","2023-08-14 10:35:54",1
6799,686584,Chempilavu,Meenachil,Kottayam,10,"2023-08-14 09:47:36","2023-08-14 10:35:54",1
6802,686585,Chengalam,Kottayam,Kottayam,10,"2023-08-14 09:47:36","2023-08-14 10:35:54",1
6805,686585,Kanjiramattom,Kottayam,Kottayam,10,"2023-08-14 09:47:36","2023-08-14 10:35:54",1
6808,686586,Mechal,Meenachil,Kottayam,10,"2023-08-14 09:47:36","2023-08-14 10:35:54",1
6811,686586,Erumapramattom,Meenachil,Kottayam,10,"2023-08-14 09:47:36","2023-08-14 10:35:54",1
6814,686586,Chovvur,Meenachil,Kottayam,10,"2023-08-14 09:47:36","2023-08-14 10:35:54",1
6817,686586,Moonnilavu,Meenachil,Kottayam,10,"2023-08-14 09:47:36","2023-08-14 10:35:54",1
6820,686587,Elakad,Meenachil,Kottayam,10,"2023-08-14 09:47:36","2023-08-14 10:35:54",1
6823,686587,Vayala,Meenachil,Kottayam,10,"2023-08-14 09:47:36","2023-08-14 10:35:54",1
6826,686587,Vattukulam,Meenachil,Kottayam,10,"2023-08-14 09:47:36","2023-08-14 10:35:54",1
6829,686587,Kudalloor,Meenachil,Kottayam,10,"2023-08-14 09:47:36","2023-08-14 10:35:54",1
6832,686601,Moozhikulangara,Kottayam,Kottayam,10,"2023-08-14 09:47:36","2023-08-14 10:35:54",1
6835,686601,Neendoor,Kottayam,Kottayam,10,"2023-08-14 09:47:36","2023-08-14 10:35:54",1
6838,686602,Onamthuruthu,Kottayam,Kottayam,10,"2023-08-14 09:47:36","2023-08-14 10:35:54",1
6841,686602,Kaipuzha,Kottayam,Kottayam,10,"2023-08-14 09:47:36","2023-08-14 10:35:54",1
6844,686603,Manjoor,Vaikom,Kottayam,10,"2023-08-14 09:47:36","2023-08-14 10:35:54",1
6847,686603,"Manjoor South",Vaikom,Kottayam,10,"2023-08-14 09:47:36","2023-08-14 10:35:54",1
6850,686603,Kuruppamthara,Vaikom,Kottayam,10,"2023-08-14 09:47:36","2023-08-14 10:35:54",1
6853,686603,Chamakala,Vaikom,Kottayam,10,"2023-08-14 09:47:36","2023-08-14 10:35:54",1
6856,686603,Kanjirathanam,Vaikom,Kottayam,10,"2023-08-14 09:47:36","2023-08-14 10:35:54",1
6859,686604,Poozhikole,Vaikom,Kottayam,10,"2023-08-14 09:47:36","2023-08-14 10:35:54",1
6862,686604,Kaduthuruthy,Vaikom,Kottayam,10,"2023-08-14 09:47:36","2023-08-14 10:35:54",1
6865,686604,Arunoottimangalam,Vaikom,Kottayam,10,"2023-08-14 09:47:36","2023-08-14 10:35:54",1
6868,686605,"Vadakara - Thalayolaparabu",Vaikom,Kottayam,10,"2023-08-14 09:47:36","2023-08-14 10:35:54",1
6871,686605,Brahmamangalam,Vaikom,Kottayam,10,"2023-08-14 09:47:36","2023-08-14 10:35:54",1
6874,686605,Edavattom,Vaikom,Kottayam,10,"2023-08-14 09:47:36","2023-08-14 10:35:54",1
6877,686605,Thalayolaparambu,Vaikom,Kottayam,10,"2023-08-14 09:47:36","2023-08-14 10:35:54",1
6880,686605,Vadayar,Vaikom,Kottayam,10,"2023-08-14 09:47:36","2023-08-14 10:35:54",1
6883,686605,Irumpayam,Vaikom,Kottayam,10,"2023-08-14 09:47:36","2023-08-14 10:35:54",1
6886,686605,Karipadom,Vaikom,Kottayam,10,"2023-08-14 09:47:36","2023-08-14 10:35:54",1
6889,686605,Keezhoor,Vaikom,Kottayam,10,"2023-08-14 09:47:36","2023-08-14 10:35:54",1
6892,686605,Midayikunnu,Vaikom,Kottayam,10,"2023-08-14 09:47:36","2023-08-14 10:35:54",1
6895,686606,Pallippurathussery,Vaikom,Kottayam,10,"2023-08-14 09:47:36","2023-08-14 10:35:54",1
6898,686606,"Thirumani Venkita Puram",Vaikom,Kottayam,10,"2023-08-14 09:47:36","2023-08-14 10:35:54",1
6901,686606,Chemmanathukara,Vaikom,Kottayam,10,"2023-08-14 09:47:36","2023-08-14 10:35:54",1
6904,686607,Thottakom,Vaikom,Kottayam,10,"2023-08-14 09:47:36","2023-08-14 10:35:54",1
6907,686607,Thalayazham,Vaikom,Kottayam,10,"2023-08-14 09:47:36","2023-08-14 10:35:54",1
6910,686607,Kothavara,Vaikom,Kottayam,10,"2023-08-14 09:47:36","2023-08-14 10:35:54",1
6913,686608,Enadi,Vaikom,Kottayam,10,"2023-08-14 09:47:36","2023-08-14 10:35:54",1
6916,686608,Kulasekharamangalam,Vaikom,Kottayam,10,"2023-08-14 09:47:36","2023-08-14 10:35:54",1
6919,686608,Chempu,Vaikom,Kottayam,10,"2023-08-14 09:47:36","2023-08-14 10:35:54",1
6922,686608,Maravanthuruthu,Vaikom,Kottayam,10,"2023-08-14 09:47:36","2023-08-14 10:35:54",1
6925,686609,Mevelloor,Vaikom,Kottayam,10,"2023-08-14 09:47:36","2023-08-14 10:35:54",1
6928,686610,Peruva,Vaikom,Kottayam,10,"2023-08-14 09:47:36","2023-08-14 10:35:54",1
6931,686610,"Mulakulam South",Vaikom,Kottayam,10,"2023-08-14 09:47:36","2023-08-14 10:35:54",1
6934,686610,Karikode,Vaikom,Kottayam,10,"2023-08-14 09:47:36","2023-08-14 10:35:54",1
6937,686611,Perumthuruth,Vaikom,Kottayam,10,"2023-08-14 09:47:36","2023-08-14 10:35:54",1
6940,686611,"Kallara South",Vaikom,Kottayam,10,"2023-08-14 09:47:36","2023-08-14 10:35:54",1
6943,686611,"Kallara (Kottayam)",Vaikom,Kottayam,10,"2023-08-14 09:47:36","2023-08-14 10:35:54",1
6946,686611,Memuri,Vaikom,Kottayam,10,"2023-08-14 09:47:36","2023-08-14 10:35:54",1
6949,686612,Vadakkenirappu,Vaikom,Kottayam,10,"2023-08-14 09:47:36","2023-08-14 10:35:54",1
6952,686612,Njizhoor,Vaikom,Kottayam,10,"2023-08-14 09:47:36","2023-08-14 10:35:54",1
6955,686612,Thiruvanpady,Vaikom,Kottayam,10,"2023-08-14 09:47:36","2023-08-14 10:35:54",1
6958,686612,Kattampack,Vaikom,Kottayam,10,"2023-08-14 09:47:36","2023-08-14 10:35:54",1
6961,686612,Marangoli,Vaikom,Kottayam,10,"2023-08-14 09:47:36","2023-08-14 10:35:54",1
6964,686613,Muttuchira,Vaikom,Kottayam,10,"2023-08-14 09:47:36","2023-08-14 10:35:54",1
6967,686613,Kappumthala,Vaikom,Kottayam,10,"2023-08-14 09:47:36","2023-08-14 10:35:54",1
6970,686613,Eravimangalam,Vaikom,Kottayam,10,"2023-08-14 09:47:36","2023-08-14 10:35:54",1
6973,686613,Ezhumanthuruth,Vaikom,Kottayam,10,"2023-08-14 09:47:36","2023-08-14 10:35:54",1
6976,686613,Ayamkudy,Vaikom,Kottayam,10,"2023-08-14 09:47:36","2023-08-14 10:35:54",1
6979,686616,"Newsprint Nagar",Vaikom,Kottayam,10,"2023-08-14 09:47:36","2023-08-14 10:35:54",1
6982,686630,Thellakom,Kottayam,Kottayam,10,"2023-08-14 09:47:36","2023-08-14 10:35:54",1
6985,686631,Ettumanur,Kottayam,Kottayam,10,"2023-08-14 09:47:36","2023-08-14 10:35:54",1
6988,686631,"Ettumanur Junction",Kottayam,Kottayam,10,"2023-08-14 09:47:36","2023-08-14 10:35:54",1
6991,686631,"Punnathura West",Kottayam,Kottayam,10,"2023-08-14 09:47:36","2023-08-14 10:35:54",1
6994,686631,Vettimukal,Kottayam,Kottayam,10,"2023-08-14 09:47:36","2023-08-14 10:35:54",1
6997,686631,Kottakkapuram,Kottayam,Kottayam,10,"2023-08-14 09:47:36","2023-08-14 10:35:54",1
7000,686631,Pattithanam,Kottayam,Kottayam,10,"2023-08-14 09:47:36","2023-08-14 10:35:54",1
7003,686632,Kothanallur,Meenachil,Kottayam,10,"2023-08-14 09:47:36","2023-08-14 10:35:54",1
7006,686632,Kanakari,Meenachil,Kottayam,10,"2023-08-14 09:47:36","2023-08-14 10:35:54",1
7009,686632,Kurumulloor,Meenachil,Kottayam,10,"2023-08-14 09:47:36","2023-08-14 10:35:54",1
7012,686633,"Nazreth Hill",Meenachil,Kottayam,10,"2023-08-14 09:47:36","2023-08-14 10:35:54",1
7015,686633,Mannackanad,Meenachil,Kottayam,10,"2023-08-14 09:47:36","2023-08-14 10:35:54",1
7018,686633,Pakalomattom,Meenachil,Kottayam,10,"2023-08-14 09:47:36","2023-08-14 10:35:54",1
7021,686633,Vempally,Vaikom,Kottayam,10,"2023-08-14 09:47:36","2023-08-14 10:35:54",1
7024,686633,Kozha,Vaikom,Kottayam,10,"2023-08-14 09:47:36","2023-08-14 10:35:54",1
7027,686633,Kuravilangadu,Meenachil,Kottayam,10,"2023-08-14 09:47:36","2023-08-14 10:35:54",1
7030,686633,Kalathoor,Meenachil,Kottayam,10,"2023-08-14 09:47:36","2023-08-14 10:35:54",1
7033,686634,Kurichithanam,Vaikom,Kottayam,10,"2023-08-14 09:47:36","2023-08-14 10:35:54",1
7036,686634,Ozhavur,Vaikom,Kottayam,10,"2023-08-14 09:47:36","2023-08-14 10:35:54",1
7039,686634,Veliyannoor,Vaikom,Kottayam,10,"2023-08-14 09:47:36","2023-08-14 10:35:54",1
7042,686634,"Ozhavur East",Meenachil,Kottayam,10,"2023-08-14 09:47:36","2023-08-14 10:35:54",1
7045,686635,Palakkattumala,Meenachil,Kottayam,10,"2023-08-14 09:47:36","2023-08-14 10:35:54",1
7048,686635,Kudakkachira,Meenachil,Kottayam,10,"2023-08-14 09:47:36","2023-08-14 10:35:54",1
7051,686635,Valavoor,Meenachil,Kottayam,10,"2023-08-14 09:47:36","2023-08-14 10:35:54",1
7054,686635,Marangattupally,Vaikom,Kottayam,10,"2023-08-14 09:47:36","2023-08-14 10:35:54",1
7057,686636,Vakad,Vaikom,Kottayam,10,"2023-08-14 09:47:36","2023-08-14 10:35:54",1
7060,686636,Kurianad,Meenachil,Kottayam,10,"2023-08-14 09:47:36","2023-08-14 10:35:54",1
7063,686636,Monippally,Meenachil,Kottayam,10,"2023-08-14 09:47:36","2023-08-14 10:35:54",1
7066,686636,"Pious Mount",Meenachil,Kottayam,10,"2023-08-14 09:47:36","2023-08-14 10:35:54",1
7069,686636,Puthuvely,Meenachil,Kottayam,10,"2023-08-14 09:47:36","2023-08-14 10:35:54",1
7072,686637,Peroor,Kottayam,Kottayam,10,"2023-08-14 09:47:36","2023-08-14 10:35:54",1
7075,686651,Ullanad,Meenachil,Kottayam,10,"2023-08-14 09:47:36","2023-08-14 10:35:54",1
7078,686651,Ezhacherry,Meenachil,Kottayam,10,"2023-08-14 09:47:36","2023-08-14 10:35:54",1
7081,686651,Alanad,Meenachil,Kottayam,10,"2023-08-14 09:47:36","2023-08-14 10:35:54",1
7084,686651,Kodumpidi,Meenachil,Kottayam,10,"2023-08-14 09:47:36","2023-08-14 10:35:54",1
7087,686651,Kayyoor,Meenachil,Kottayam,10,"2023-08-14 09:47:36","2023-08-14 10:35:54",1
7090,686651,Pravithanam,Meenachil,Kottayam,10,"2023-08-14 09:47:36","2023-08-14 10:35:54",1
7093,686651,Pizhaku,Meenachil,Kottayam,10,"2023-08-14 09:47:36","2023-08-14 10:35:54",1
7096,686651,Anthinad,Meenachil,Kottayam,10,"2023-08-14 09:47:36","2023-08-14 10:35:54",1
7099,686651,Payyappar,Meenachil,Kottayam,10,"2023-08-14 09:47:36","2023-08-14 10:35:54",1
7102,686651,Neeloor,Meenachil,Kottayam,10,"2023-08-14 09:47:36","2023-08-14 10:35:54",1
7105,686651,Mattathipara,Meenachil,Kottayam,10,"2023-08-14 09:47:36","2023-08-14 10:35:54",1
7108,686651,Kurumannu,Meenachil,Kottayam,10,"2023-08-14 09:47:36","2023-08-14 10:35:54",1
7111,686652,Melukavumattom,Meenachil,Kottayam,10,"2023-08-14 09:47:36","2023-08-14 10:35:54",1
7114,686652,"Mary Land",Meenachil,Kottayam,10,"2023-08-14 09:47:36","2023-08-14 10:35:54",1
7117,686652,Melukavu,Meenachil,Kottayam,10,"2023-08-14 09:47:36","2023-08-14 10:35:54",1
7120,686652,Konipad,Meenachil,Kottayam,10,"2023-08-14 09:47:36","2023-08-14 10:35:54",1
7123,686652,Kizhakkenmattom,Meenachil,Kottayam,10,"2023-08-14 09:47:36","2023-08-14 10:35:54",1
7126,686652,Edamaruku,Meenachil,Kottayam,10,"2023-08-14 09:47:36","2023-08-14 10:35:54",1
7129,686653,"Kadanad Meenachil",Meenachil,Kottayam,10,"2023-08-14 09:47:36","2023-08-14 10:35:54",1
7132,673001,"Calicut R.S.",Kozhikode,Kozhikode,6,"2023-08-14 09:47:36","2023-08-14 10:35:54",1
7135,673001,Calicut,Kozhikode,Kozhikode,6,"2023-08-14 09:47:36","2023-08-14 10:35:54",1
7138,673001,Parappil,Kozhikode,Kozhikode,6,"2023-08-14 09:47:36","2023-08-14 10:35:54",1
7141,673002,Chalapuram,Kozhikode,Kozhikode,6,"2023-08-14 09:47:36","2023-08-14 10:35:54",1
7144,673002,Tali,Kozhikode,Kozhikode,6,"2023-08-14 09:47:36","2023-08-14 10:35:54",1
7147,673003,"Sreerama Krishna Mission",Kozhikode,Kozhikode,6,"2023-08-14 09:47:36","2023-08-14 10:35:54",1
7150,673003,Kundungal,Kozhikode,Kozhikode,6,"2023-08-14 09:47:36","2023-08-14 10:35:54",1
7153,673003,Kallai-kozhikode,Kozhikode,Kozhikode,6,"2023-08-14 09:47:36","2023-08-14 10:35:54",1
7156,673003,Kannancheri,Kozhikode,Kozhikode,6,"2023-08-14 09:47:36","2023-08-14 10:35:54",1
7159,673004,"Calicut City",,Kozhikode,6,"2023-08-14 09:47:36","2023-08-14 10:35:54",1
7162,673004,Puthiyara,Kozhikode,Kozhikode,6,"2023-08-14 09:47:36","2023-08-14 10:35:54",1
7165,673004,Thiruthiyad,Kozhikode,Kozhikode,6,"2023-08-14 09:47:36","2023-08-14 10:35:54",1
7168,673005,"East Hill",Kozhikode,Kozhikode,6,"2023-08-14 09:47:36","2023-08-14 10:35:54",1
7171,673005,"Edakkad - West Hill",Kozhikode,Kozhikode,6,"2023-08-14 09:47:36","2023-08-14 10:35:54",1
7174,673005,"West Hill",Kozhikode,Kozhikode,6,"2023-08-14 09:47:36","2023-08-14 10:35:54",1
7177,673005,"West Hill Beach",Kozhikode,Kozhikode,6,"2023-08-14 09:47:36","2023-08-14 10:35:54",1
7180,673005,"West Hill Chungam",Kozhikode,Kozhikode,6,"2023-08-14 09:47:36","2023-08-14 10:35:54",1
7183,673006,"St.Vincent Colony",Kozhikode,Kozhikode,6,"2023-08-14 09:47:36","2023-08-14 10:35:54",1
7186,673006,Eranhipalam,Kozhikode,Kozhikode,6,"2023-08-14 09:47:36","2023-08-14 10:35:54",1
7189,673007,Kommeri,Kozhikode,Kozhikode,6,"2023-08-14 09:47:36","2023-08-14 10:35:54",1
7192,673007,Pokkunnu,Kozhikode,Kozhikode,6,"2023-08-14 09:47:36","2023-08-14 10:35:54",1
7195,673007,Mankavu,Kozhikode,Kozhikode,6,"2023-08-14 09:47:36","2023-08-14 10:35:54",1
7198,673008,Kuttikkattur,Kozhikode,Kozhikode,6,"2023-08-14 09:47:36","2023-08-14 10:35:54",1
7201,673008,"Devagiri College",Kozhikode,Kozhikode,6,"2023-08-14 09:47:36","2023-08-14 10:35:54",1
7204,673008,"Calicut Medical College",Kozhikode,Kozhikode,6,"2023-08-14 09:47:36","2023-08-14 10:35:54",1
7207,673008,Kottamparamba,Kozhikode,Kozhikode,6,"2023-08-14 09:47:36","2023-08-14 10:35:54",1
7210,673008,"Poovattu Paramba",Kozhikode,Kozhikode,6,"2023-08-14 09:47:36","2023-08-14 10:35:54",1
7213,673008,Mayanad,Kozhikode,Kozhikode,6,"2023-08-14 09:47:36","2023-08-14 10:35:54",1
7216,673008,Velliparamba,Kozhikode,Kozhikode,6,"2023-08-14 09:47:36","2023-08-14 10:35:54",1
7219,673008,Cherukulathur,Kozhikode,Kozhikode,6,"2023-08-14 09:47:36","2023-08-14 10:35:54",1
7222,673008,Peruvayal,Kozhikode,Kozhikode,6,"2023-08-14 09:47:36","2023-08-14 10:35:54",1
7225,673009,Paropadi,Kozhikode,Kozhikode,6,"2023-08-14 09:47:36","2023-08-14 10:35:54",1
7228,673009,Malaparamba,Kozhikode,Kozhikode,6,"2023-08-14 09:47:36","2023-08-14 10:35:54",1
7231,673010,Karuvasseri,Kozhikode,Kozhikode,6,"2023-08-14 09:47:36","2023-08-14 10:35:54",1
7234,673010,Karaparamba,Kozhikode,Kozhikode,6,"2023-08-14 09:47:36","2023-08-14 10:35:54",1
7237,673010,Nedungottur,Kozhikode,Kozhikode,6,"2023-08-14 09:47:36","2023-08-14 10:35:54",1
7240,673010,Vengeri,Kozhikode,Kozhikode,6,"2023-08-14 09:47:36","2023-08-14 10:35:54",1
7243,673011,Vellayil,Kozhikode,Kozhikode,6,"2023-08-14 09:47:36","2023-08-14 10:35:54",1
7246,673011,Nadakavu,Kozhikode,Kozhikode,6,"2023-08-14 09:47:36","2023-08-14 10:35:54",1
7249,673012,Marikunnu,Kozhikode,Kozhikode,6,"2023-08-14 09:47:36","2023-08-14 10:35:54",1
7252,673012,Parambil,Kozhikode,Kozhikode,6,"2023-08-14 09:47:36","2023-08-14 10:35:54",1
7255,673014,"Guruvayurappan College",Kozhikode,Kozhikode,6,"2023-08-14 09:47:36","2023-08-14 10:35:54",1
7258,673014,Iringallur,Kozhikode,Kozhikode,6,"2023-08-14 09:47:36","2023-08-14 10:35:54",1
7261,673015,"Beypore North",Kozhikode,Kozhikode,6,"2023-08-14 09:47:36","2023-08-14 10:35:54",1
7264,673015,Beypore,Kozhikode,Kozhikode,6,"2023-08-14 09:47:36","2023-08-14 10:35:54",1
7267,673016,Kottuli,Kozhikode,Kozhikode,6,"2023-08-14 09:47:36","2023-08-14 10:35:54",1
7270,673016,Nellicode,Kozhikode,Kozhikode,6,"2023-08-14 09:47:36","2023-08-14 10:35:54",1
7273,673016,"Govinda Puram",Kozhikode,Kozhikode,6,"2023-08-14 09:47:36","2023-08-14 10:35:54",1
7276,673016,Kuthiravattom,Kozhikode,Kozhikode,6,"2023-08-14 09:47:36","2023-08-14 10:35:54",1
7279,673017,Chevayur,Kozhikode,Kozhikode,6,"2023-08-14 09:47:36","2023-08-14 10:35:54",1
7282,673017,Chevarambalam,Kozhikode,Kozhikode,6,"2023-08-14 09:47:36","2023-08-14 10:35:54",1
7285,673017,"Vrindavan Colony",Kozhikode,Kozhikode,6,"2023-08-14 09:47:36","2023-08-14 10:35:54",1
7288,673018,"Calicut Arts & Science College",Kozhikode,Kozhikode,6,"2023-08-14 09:47:36","2023-08-14 10:35:54",1
7291,673019,Perumanna,Kozhikode,Kozhikode,6,"2023-08-14 09:47:36","2023-08-14 10:35:54",1
7294,673019,Pantheerankavu,Kozhikode,Kozhikode,6,"2023-08-14 09:47:36","2023-08-14 10:35:54",1
7297,673019,Olavanna,Kozhikode,Kozhikode,6,"2023-08-14 09:47:36","2023-08-14 10:35:54",1
7300,673019,Vellayikkode,Kozhikode,Kozhikode,6,"2023-08-14 09:47:36","2023-08-14 10:35:54",1
7303,673020,"Calicut Civil Station",Kozhikode,Kozhikode,6,"2023-08-14 09:47:36","2023-08-14 10:35:54",1
7306,673020,"Calicut Collectorate",Kozhikode,Kozhikode,6,"2023-08-14 09:47:36","2023-08-14 10:35:54",1
7309,673021,Puthiyangadi,Kozhikode,Kozhikode,6,"2023-08-14 09:47:36","2023-08-14 10:35:54",1
7312,673027,Nallalam,Kozhikode,Kozhikode,6,"2023-08-14 09:47:36","2023-08-14 10:35:54",1
7315,673028,Arakinar,Kozhikode,Kozhikode,6,"2023-08-14 09:47:36","2023-08-14 10:35:54",1
7318,673029,"Tiruvannur Nada",Kozhikode,Kozhikode,6,"2023-08-14 09:47:36","2023-08-14 10:35:54",1
7321,673029,Tiruvannur,Kozhikode,Kozhikode,6,"2023-08-14 09:47:36","2023-08-14 10:35:54",1
7324,673032,"Calicut Courts",Kozhikode,Kozhikode,6,"2023-08-14 09:47:36","2023-08-14 10:35:54",1
7327,673032,"Calicut Beach",Kozhikode,Kozhikode,6,"2023-08-14 09:47:36","2023-08-14 10:35:54",1
7330,673101,Vadakara,Vadakara,Kozhikode,6,"2023-08-14 09:47:36","2023-08-14 10:35:54",1
7333,673102,"Madappalli College",Vadakara,Kozhikode,6,"2023-08-14 09:47:36","2023-08-14 10:35:54",1
7336,673102,Kannookkara,Vadakara,Kozhikode,6,"2023-08-14 09:47:36","2023-08-14 10:35:54",1
7339,673102,Rayarangoth,Vadakara,Kozhikode,6,"2023-08-14 09:47:36","2023-08-14 10:35:54",1
7342,673103,"Vadakara Beach",Vadakara,Kozhikode,6,"2023-08-14 09:47:36","2023-08-14 10:35:54",1
7345,673104,Chemmarathur,Vadakara,Kozhikode,6,"2023-08-14 09:47:36","2023-08-14 10:35:54",1
7348,673104,Puthur,Vadakara,Kozhikode,6,"2023-08-14 09:47:36","2023-08-14 10:35:54",1
7351,673104,Keezhil,Vadakara,Kozhikode,6,"2023-08-14 09:47:36","2023-08-14 10:35:54",1
7354,673104,Vayikkilassery,Vadakara,Kozhikode,6,"2023-08-14 09:47:36","2023-08-14 10:35:54",1
7357,673104,Kurikkilad,Vadakara,Kozhikode,6,"2023-08-14 09:47:36","2023-08-14 10:35:54",1
7360,673104,"Nut Street",Vadakara,Kozhikode,6,"2023-08-14 09:47:36","2023-08-14 10:35:54",1
7363,673104,Memunda,Vadakara,Kozhikode,6,"2023-08-14 09:47:36","2023-08-14 10:35:54",1
7366,673104,Meppayil,Vadakara,Kozhikode,6,"2023-08-14 09:47:36","2023-08-14 10:35:54",1
7369,673104,Nadakkuthala,Vadakara,Kozhikode,6,"2023-08-14 09:47:36","2023-08-14 10:35:54",1
7372,673104,Siddhasamaj,Vadakara,Kozhikode,6,"2023-08-14 09:47:36","2023-08-14 10:35:54",1
7375,673105,Pathiyarakkara,Vadakara,Kozhikode,6,"2023-08-14 09:47:36","2023-08-14 10:35:54",1
7378,673105,Puduppanam,Vadakara,Kozhikode,6,"2023-08-14 09:47:36","2023-08-14 10:35:54",1
7381,673105,Mandarathur,Vadakara,Kozhikode,6,"2023-08-14 09:47:36","2023-08-14 10:35:54",1
7384,673106,"Muttungal West",Vadakara,Kozhikode,6,"2023-08-14 09:47:36","2023-08-14 10:35:54",1
7387,673106,"Chorode East",Vadakara,Kozhikode,6,"2023-08-14 09:47:36","2023-08-14 10:35:54",1
7390,673106,Muttungal,Vadakara,Kozhikode,6,"2023-08-14 09:47:36","2023-08-14 10:35:54",1
7393,673106,Chorode,Vadakara,Kozhikode,6,"2023-08-14 09:47:36","2023-08-14 10:35:54",1
7396,673301,Chaliyam,Kozhikode,Kozhikode,6,"2023-08-14 09:47:36","2023-08-14 10:35:54",1
7399,673302,Kadalundi,Kozhikode,Kozhikode,6,"2023-08-14 09:47:36","2023-08-14 10:35:54",1
7402,673303,Eranhikkal,Kozhikode,Kozhikode,6,"2023-08-14 09:47:36","2023-08-14 10:35:54",1
7405,673303,Vengalam,Quilandy,Kozhikode,6,"2023-08-14 09:47:36","2023-08-14 10:35:54",1
7408,673303,"Elathur (Kozhikode)",Kozhikode,Kozhikode,6,"2023-08-14 09:47:36","2023-08-14 10:35:54",1
7411,673303,"Puthiya Nirathu",Kozhikode,Kozhikode,6,"2023-08-14 09:47:36","2023-08-14 10:35:54",1
7414,673304,Tiruvangoor,Quilandy,Kozhikode,6,"2023-08-14 09:47:36","2023-08-14 10:35:54",1
7417,673304,Kappad,Quilandy,Kozhikode,6,"2023-08-14 09:47:36","2023-08-14 10:35:54",1
7420,673304,Thuvakkode,Quilandy,Kozhikode,6,"2023-08-14 09:47:36","2023-08-14 10:35:54",1
7423,673304,Chemancheri,Koyilandi,Kozhikode,6,"2023-08-14 09:47:36","2023-08-14 10:35:54",1
7426,673305,Koyilandi,Koyilandi,Kozhikode,6,"2023-08-14 09:47:36","2023-08-14 10:35:54",1
7429,673306,Melur,Quilandy,Kozhikode,6,"2023-08-14 09:47:36","2023-08-14 10:35:54",1
7432,673306,Cheliya,Quilandy,Kozhikode,6,"2023-08-14 09:47:36","2023-08-14 10:35:54",1
7435,673306,"Edakulam  Koyilandi",Koyilandi,Kozhikode,6,"2023-08-14 09:47:36","2023-08-14 10:35:54",1
7438,673307,Kollam,Koyilandi,Kozhikode,6,"2023-08-14 09:47:36","2023-08-14 10:35:54",1
7441,673307,Muchukunnu,Quilandy,Kozhikode,6,"2023-08-14 09:47:36","2023-08-14 10:35:54",1
7444,673307,"Mudadi North",Quilandy,Kozhikode,6,"2023-08-14 09:47:36","2023-08-14 10:35:54",1
7447,673307,Mudadi,Quilandy,Kozhikode,6,"2023-08-14 09:47:36","2023-08-14 10:35:54",1
7450,673307,Keezhariyur,Koyilandi,Kozhikode,6,"2023-08-14 09:47:36","2023-08-14 10:35:54",1
7453,673308,Kunnummakkara,Vadakara,Kozhikode,6,"2023-08-14 09:47:36","2023-08-14 10:35:54",1
7456,673308,Onchiyam,Vadakara,Kozhikode,6,"2023-08-14 09:47:36","2023-08-14 10:35:54",1
7459,673308,Chombala,Vadakara,Kozhikode,6,"2023-08-14 09:47:36","2023-08-14 10:35:54",1
7462,673309,Azhiyur,Vadakara,Kozhikode,6,"2023-08-14 09:47:36","2023-08-14 10:35:54",1
7465,673309,Korothroad,Vadakara,Kozhikode,6,"2023-08-14 09:47:36","2023-08-14 10:35:54",1
7468,673310,Mahe,Vadakara,Kozhikode,6,"2023-08-14 09:47:36","2023-08-14 10:35:54",1
7471,673315,"Velur West",Quilandy,Kozhikode,6,"2023-08-14 09:47:36","2023-08-14 10:35:54",1
7474,673315,Modakkallur,Quilandy,Kozhikode,6,"2023-08-14 09:47:36","2023-08-14 10:35:54",1
7477,673315,Kolakkad,Quilandy,Kozhikode,6,"2023-08-14 09:47:36","2023-08-14 10:35:54",1
7480,673315,Cheekilode,Kozhikode,Kozhikode,6,"2023-08-14 09:47:36","2023-08-14 10:35:54",1
7483,673315,Kongannur,Quilandy,Kozhikode,6,"2023-08-14 09:47:36","2023-08-14 10:35:54",1
7486,673315,Atholi,Koyilani,Kozhikode,6,"2023-08-14 09:47:36","2023-08-14 10:35:54",1
7489,673315,Kolathur,Kozhikode,Kozhikode,6,"2023-08-14 09:47:36","2023-08-14 10:35:54",1
7492,673317,Annasseri,Kozhikode,Kozhikode,6,"2023-08-14 09:47:36","2023-08-14 10:35:54",1
7495,673317,Thalakolathur,Kozhikode,Kozhikode,6,"2023-08-14 09:47:36","2023-08-14 10:35:54",1
7498,673328,"Mannur (Kozhikode)",Kozhikode,Kozhikode,6,"2023-08-14 09:47:36","2023-08-14 10:35:54",1
7501,673501,Eramala,Vadakara,Kozhikode,6,"2023-08-14 09:47:36","2023-08-14 10:35:54",1
7504,673501,Orkatteri,Vadakara,Kozhikode,6,"2023-08-14 09:47:36","2023-08-14 10:35:54",1
7507,673502,"Edacheri North",Vadakara,Kozhikode,6,"2023-08-14 09:47:36","2023-08-14 10:35:54",1
7510,673502,Edacheri,Vadakara,Kozhikode,6,"2023-08-14 09:47:36","2023-08-14 10:35:54",1
7513,673502,Katcheri,Vadakara,Kozhikode,6,"2023-08-14 09:47:36","2023-08-14 10:35:54",1
7516,673503,Kotancheri,Vadakara,Kozhikode,6,"2023-08-14 09:47:36","2023-08-14 10:35:54",1
7519,673503,Kuningad,Vadakara,Kozhikode,6,"2023-08-14 09:47:36","2023-08-14 10:35:54",1
7522,673503,Purameri,Vadakara,Kozhikode,6,"2023-08-14 09:47:36","2023-08-14 10:35:54",1
7525,673503,Muthuvadathur,Vadakara,Kozhikode,6,"2023-08-14 09:47:37","2023-08-14 10:35:54",1
7528,673504,Perode,Vadakara,Kozhikode,6,"2023-08-14 09:47:37","2023-08-14 10:35:54",1
7531,673504,Nadapuram,Vadakara,Kozhikode,6,"2023-08-14 09:47:38","2023-08-14 10:35:54",1
7534,673504,Iyyangode,Vadakara,Kozhikode,6,"2023-08-14 09:47:38","2023-08-14 10:35:54",1
7537,673505,Mudavantheri,Vadakara,Kozhikode,6,"2023-08-14 09:47:38","2023-08-14 10:35:54",1
7540,673505,Tuneri,Vadakara,Kozhikode,6,"2023-08-14 09:47:38","2023-08-14 10:35:54",1
7543,673505,Kayappanichi,Vadakara,Kozhikode,6,"2023-08-14 09:47:38","2023-08-14 10:35:54",1
7546,673505,Iringannur,Vadakara,Kozhikode,6,"2023-08-14 09:47:38","2023-08-14 10:35:54",1
7549,673506,Naripetta,Vadakara,Kozhikode,6,"2023-08-14 09:47:38","2023-08-14 10:35:54",1
7552,673506,"Indira Nagar",Vadakara,Kozhikode,6,"2023-08-14 09:47:38","2023-08-14 10:35:54",1
7555,673506,Vanimal,Vadakara,Kozhikode,6,"2023-08-14 09:47:38","2023-08-14 10:35:54",1
7558,673506,Nedumparamba,Vadakara,Kozhikode,6,"2023-08-14 09:47:39","2023-08-14 10:35:54",1
7561,673506,Chelakkad,Vadakara,Kozhikode,6,"2023-08-14 09:47:39","2023-08-14 10:35:54",1
7564,673506,Kodiyura,Vadakara,Kozhikode,6,"2023-08-14 09:47:39","2023-08-14 10:35:54",1
7567,673506,Varikoli,Vadakara,Kozhikode,6,"2023-08-14 09:47:39","2023-08-14 10:35:54",1
7570,673506,Vishnumangalam,Vadakara,Kozhikode,6,"2023-08-14 09:47:39","2023-08-14 10:35:54",1
7573,673506,Kallachi,Vadakara,Kozhikode,6,"2023-08-14 09:47:39","2023-08-14 10:35:54",1
7576,673506,Vilangad,Vadakara,Kozhikode,6,"2023-08-14 09:47:40","2023-08-14 10:35:54",1
7579,673507,Vattoli,Vadakara,Kozhikode,6,"2023-08-14 09:47:40","2023-08-14 10:35:54",1
7582,673507,Nittur,Vadakara,Kozhikode,6,"2023-08-14 09:47:40","2023-08-14 10:35:54",1
7585,673507,Poolakkul,Vadakara,Kozhikode,6,"2023-08-14 09:47:40","2023-08-14 10:35:54",1
7588,673507,Arur,Vadakara,Kozhikode,6,"2023-08-14 09:47:41","2023-08-14 10:35:54",1
7591,673507,Cheekkonnummal,Vadakara,Kozhikode,6,"2023-08-14 09:47:41","2023-08-14 10:35:54",1
7594,673507,Thinur,Vadakara,Kozhikode,6,"2023-08-14 09:47:42","2023-08-14 10:35:54",1
7597,673507,Vatayam,Vadakara,Kozhikode,6,"2023-08-14 09:47:42","2023-08-14 10:35:54",1
7600,673507,Padiripetta,Vadakara,Kozhikode,6,"2023-08-14 09:47:43","2023-08-14 10:35:54",1
7603,673507,"Cheekonnummal  West",Vadakara,Kozhikode,6,"2023-08-14 09:47:43","2023-08-14 10:35:54",1
7606,673507,"Mokeri Nadapuram",Vadakara,Kozhikode,6,"2023-08-14 09:47:43","2023-08-14 10:35:54",1
7609,673507,Kakkattil,Vadakara,Kozhikode,6,"2023-08-14 09:47:43","2023-08-14 10:35:54",1
7612,673507,Nitumannur,Vadakara,Kozhikode,6,"2023-08-14 09:47:44","2023-08-14 10:35:54",1
7615,673507,Mullambath,Vadakara,Kozhikode,6,"2023-08-14 09:47:44","2023-08-14 10:35:54",1
7618,673507,Cherapuram,Vadakara,Kozhikode,6,"2023-08-14 09:47:44","2023-08-14 10:35:54",1
7621,673508,Kurichagam,Vadakara,Kozhikode,6,"2023-08-14 09:47:45","2023-08-14 10:35:54",1
7624,673508,"Velom Peruvayal",Vadakara,Kozhikode,6,"2023-08-14 09:47:45","2023-08-14 10:35:54",1
7627,673508,Paleri,Koyilandi,Kozhikode,6,"2023-08-14 09:47:45","2023-08-14 10:35:54",1
7630,673508,Kuttiadi,Vadakara,Kozhikode,6,"2023-08-14 09:47:45","2023-08-14 10:35:54",1
7633,673508,Kayakodi,Vadakara,Kozhikode,6,"2023-08-14 09:47:46","2023-08-14 10:35:54",1
7636,673508,"Paleri Town",Quilandy,Kozhikode,6,"2023-08-14 09:47:46","2023-08-14 10:35:54",1
7639,673508,Muthuvannacha,Quilandy,Kozhikode,6,"2023-08-14 09:47:46","2023-08-14 10:35:54",1
7642,673508,Velom,Vadakara,Kozhikode,6,"2023-08-14 09:47:46","2023-08-14 10:35:54",1
7645,673508,Karandode,Vadakara,Kozhikode,6,"2023-08-14 09:47:46","2023-08-14 10:35:54",1
7648,673508,Taliyil,Vadakara,Kozhikode,6,"2023-08-14 09:47:47","2023-08-14 10:35:54",1
7651,673508,Adukkath,Vadakara,Kozhikode,6,"2023-08-14 09:47:47","2023-08-14 10:35:54",1
7654,673509,Puliyavil,Vadakara,Kozhikode,6,"2023-08-14 09:47:47","2023-08-14 10:35:54",1
7657,673509,Parakkadavu,Vadakara,Kozhikode,6,"2023-08-14 09:47:47","2023-08-14 10:35:54",1
7660,673509,Chekkiyad,Vadakara,Kozhikode,6,"2023-08-14 09:47:47","2023-08-14 10:35:54",1
7663,673509,Thanakottur,Vadakara,Kozhikode,6,"2023-08-14 09:47:47","2023-08-14 10:35:54",1
7666,673513,Akkal,Vadakara,Kozhikode,6,"2023-08-14 09:47:47","2023-08-14 10:35:54",1
7669,673513,Moilothara,Vadakara,Kozhikode,6,"2023-08-14 09:47:47","2023-08-14 10:35:54",1
7672,673513,Chathangottunada,Vadakara,Kozhikode,6,"2023-08-14 09:47:47","2023-08-14 10:35:54",1
7675,673513,Karingad,Vadakara,Kozhikode,6,"2023-08-14 09:47:47","2023-08-14 10:35:54",1
7678,673513,Kunduthode,Vadakara,Kozhikode,6,"2023-08-14 09:47:47","2023-08-14 10:35:54",1
7681,673513,Vannathichira,Vadakara,Kozhikode,6,"2023-08-14 09:47:47","2023-08-14 10:35:54",1
7684,673513,Pasukkadavu,Vadakara,Kozhikode,6,"2023-08-14 09:47:47","2023-08-14 10:35:54",1
7687,673513,Marudonkara,Vadakara,Kozhikode,6,"2023-08-14 09:47:47","2023-08-14 10:35:54",1
7690,673513,Poothampara,Vadakara,Kozhikode,6,"2023-08-14 09:47:48","2023-08-14 10:35:54",1
7693,673513,Kavilampara,Vadakara,Kozhikode,6,"2023-08-14 09:47:48","2023-08-14 10:35:54",1
7696,673513,Chappanthottam,Vadakara,Kozhikode,6,"2023-08-14 09:47:49","2023-08-14 10:35:54",1
7699,673517,Kallunira,Vadakara,Kozhikode,6,"2023-08-14 09:47:49","2023-08-14 10:35:54",1
7702,673517,Abhayagiri,Vadakara,Kozhikode,6,"2023-08-14 09:47:49","2023-08-14 10:35:54",1
7705,673517,Bhumivathukkal,Vadakara,Kozhikode,6,"2023-08-14 09:47:50","2023-08-14 10:35:54",1
7708,673517,Cherumoth,Vadakara,Kozhikode,6,"2023-08-14 09:47:50","2023-08-14 10:35:54",1
7711,673517,Valayam,Vadakara,Kozhikode,6,"2023-08-14 09:47:50","2023-08-14 10:35:54",1
7714,673517,Chuzhali,Vadakara,Kozhikode,6,"2023-08-14 09:47:50","2023-08-14 10:35:54",1
7717,673521,Ayanikkad,Quilandy,Kozhikode,6,"2023-08-14 09:47:50","2023-08-14 10:35:54",1
7720,673521,Iringal,Vadakara,Kozhikode,6,"2023-08-14 09:47:50","2023-08-14 10:35:54",1
7723,673521,Kottakkal-igl,Quilandy,Kozhikode,6,"2023-08-14 09:47:50","2023-08-14 10:35:54",1
7726,673521,"Palayad Nada",Vadakara,Kozhikode,6,"2023-08-14 09:47:50","2023-08-14 10:35:54",1
7729,673522,Payyoli,Quilandy,Kozhikode,6,"2023-08-14 09:47:50","2023-08-14 10:35:54",1
7732,673522,Pallikara,Quilandy,Kozhikode,6,"2023-08-14 09:47:50","2023-08-14 10:35:54",1
7735,673522,Purakkad,Quilandy,Kozhikode,6,"2023-08-14 09:47:50","2023-08-14 10:35:54",1
7738,673522,"Kilur Meladi",Koyilandi,Kozhikode,6,"2023-08-14 09:47:51","2023-08-14 10:35:54",1
7741,673523,"Payyoli Angadi",Koyilandi,Kozhikode,6,"2023-08-14 09:47:51","2023-08-14 10:35:54",1
7744,673523,Muthuuvana,Koyilandi,Kozhikode,6,"2023-08-14 09:47:51","2023-08-14 10:35:54",1
7747,673523,Iringath,Quilandy,Kozhikode,6,"2023-08-14 09:47:51","2023-08-14 10:35:54",1
7750,673523,Maniyur,Vadakara,Kozhikode,6,"2023-08-14 09:47:52","2023-08-14 10:35:54",1
7753,673524,Muyipoth,Quilandy,Kozhikode,6,"2023-08-14 09:47:52","2023-08-14 10:35:54",1
7756,673524,Avala,Quilandy,Kozhikode,6,"2023-08-14 09:47:53","2023-08-14 10:35:54",1
7759,673524,Kizhpayur,Quilandy,Kozhikode,6,"2023-08-14 09:47:53","2023-08-14 10:35:54",1
7762,673524,Kalpathur,Quilandy,Kozhikode,6,"2023-08-14 09:47:53","2023-08-14 10:35:54",1
7765,673524,Kozhukkallur,Quilandy,Kozhikode,6,"2023-08-14 09:47:53","2023-08-14 10:35:54",1
7768,673524,"Cheruvannur Meladi",Koyilandi,Kozhikode,6,"2023-08-14 09:47:53","2023-08-14 10:35:54",1
7771,673524,Karayad,Quilandy,Kozhikode,6,"2023-08-14 09:47:53","2023-08-14 10:35:54",1
7774,673524,Meppayur,Koyilandi,Kozhikode,6,"2023-08-14 09:47:53","2023-08-14 10:35:54",1
7777,673524,Kuttoth,Quilandy,Kozhikode,6,"2023-08-14 09:47:53","2023-08-14 10:35:54",1
7780,673525,Eravattur,Koyilandi,Kozhikode,6,"2023-08-14 09:47:53","2023-08-14 10:35:54",1
7783,673525,Koothali,Koyilandi,Kozhikode,6,"2023-08-14 09:47:53","2023-08-14 10:35:54",1
7786,673525,"Kayanna Bazar",Quilandy,Kozhikode,6,"2023-08-14 09:47:53","2023-08-14 10:35:54",1
7789,673525,Perampra,Koyilandi,Kozhikode,6,"2023-08-14 09:47:53","2023-08-14 10:35:54",1
7792,673525,Chenoli,Koyilandi,Kozhikode,6,"2023-08-14 09:47:53","2023-08-14 10:35:54",1
7795,673525,Kadiyangad,Koyilandi,Kozhikode,6,"2023-08-14 09:47:53","2023-08-14 10:35:54",1
7798,673525,Edavarad,Quilandy,Kozhikode,6,"2023-08-14 09:47:53","2023-08-14 10:35:54",1
7801,673525,Kilinnanyam,Quilandy,Kozhikode,6,"2023-08-14 09:47:53","2023-08-14 10:35:54",1
7804,673525,Mennaniam,Quilandy,Kozhikode,6,"2023-08-14 09:47:53","2023-08-14 10:35:54",1
7807,673526,Kayanna,Quilandy,Kozhikode,6,"2023-08-14 09:47:53","2023-08-14 10:35:54",1
7810,673526,Chakkittapara,Quilandy,Kozhikode,6,"2023-08-14 09:47:54","2023-08-14 10:35:54",1
7813,673526,Thandorapara,Koyilandi,Kozhikode,6,"2023-08-14 09:47:54","2023-08-14 10:35:54",1
7816,673527,Mattanode,Koyilandi,Kozhikode,6,"2023-08-14 09:47:54","2023-08-14 10:35:54",1
7819,673527,Koorachundu,Koyilandi,Kozhikode,6,"2023-08-14 09:47:55","2023-08-14 10:35:54",1
7822,673527,Cherukad,Quilandy,Kozhikode,6,"2023-08-14 09:47:55","2023-08-14 10:35:54",1
7825,673528,Avadukka,Quilandy,Kozhikode,6,"2023-08-14 09:47:56","2023-08-14 10:35:54",1
7828,673528,Chempanoda,Koyilandi,Kozhikode,6,"2023-08-14 09:47:58","2023-08-14 10:35:54",1
7831,673528,Chengaroth,Quilandy,Kozhikode,6,"2023-08-14 09:48:00","2023-08-14 10:35:54",1
7834,673528,Peruvannamuzhi,Koyilandi,Kozhikode,6,"2023-08-14 09:48:01","2023-08-14 10:35:54",1
7837,673528,Muthukad,Quilandy,Kozhikode,6,"2023-08-14 09:48:01","2023-08-14 10:35:54",1
7840,673528,Poozhithode,Quilandy,Kozhikode,6,"2023-08-14 09:48:01","2023-08-14 10:35:54",1
7843,673529,Tikkoti,Koyilandi,Kozhikode,6,"2023-08-14 09:48:01","2023-08-14 10:35:54",1
7846,673529,Katalur,Koyilandi,Kozhikode,6,"2023-08-14 09:48:02","2023-08-14 10:35:54",1
7849,673529,Chingapuram,Quilandy,Kozhikode,6,"2023-08-14 09:48:03","2023-08-14 10:35:54",1
7852,673541,Tharopoyil,Vadakara,Kozhikode,6,"2023-08-14 09:48:03","2023-08-14 10:35:54",1
7855,673541,Thiruvallur,Vadakara,Kozhikode,6,"2023-08-14 09:48:04","2023-08-14 10:35:54",1
7858,673541,Chaniyankadavu,Vadakara,Kozhikode,6,"2023-08-14 09:48:06","2023-08-14 10:35:54",1
7861,673541,Cherandathur,Vadakara,Kozhikode,6,"2023-08-14 09:48:06","2023-08-14 10:35:54",1
7864,673541,Thodannur,Vadakara,Kozhikode,6,"2023-08-14 09:48:07","2023-08-14 10:35:54",1
7867,673541,Ayancheri,Vadakara,Kozhikode,6,"2023-08-14 09:48:08","2023-08-14 10:35:54",1
7870,673542,Villyappalli,Vadakara,Kozhikode,6,"2023-08-14 09:48:08","2023-08-14 10:35:54",1
7873,673542,Katameri,Vadakara,Kozhikode,6,"2023-08-14 09:48:08","2023-08-14 10:35:54",1
7876,673542,Mayyannur,Vadakara,Kozhikode,6,"2023-08-14 09:48:08","2023-08-14 10:35:54",1
7879,673542,Valliyad,Vadakara,Kozhikode,6,"2023-08-14 09:48:08","2023-08-14 10:35:54",1
7882,673542,Kottappalli,Vadakara,Kozhikode,6,"2023-08-14 09:48:08","2023-08-14 10:35:54",1
7885,673542,"Ponmeri Parambil",Vadakara,Kozhikode,6,"2023-08-14 09:48:09","2023-08-14 10:35:54",1
7888,673542,Karthikappally,Vadakara,Kozhikode,6,"2023-08-14 09:48:09","2023-08-14 10:35:54",1
7891,673542,Kurinhaliyode,Vadakara,Kozhikode,6,"2023-08-14 09:48:09","2023-08-14 10:35:54",1
7894,673570,"Iim Kozhikode Campus",Kozhikode,Kozhikode,6,"2023-08-14 09:48:09","2023-08-14 10:35:54",1
7897,673571,Karanthur,Kozhikode,Kozhikode,6,"2023-08-14 09:48:09","2023-08-14 10:35:54",1
7900,673571,Peringalam,Kozhikode,Kozhikode,6,"2023-08-14 09:48:09","2023-08-14 10:35:54",1
7903,673571,Kunnamangalam,Kozhikode,Kozhikode,6,"2023-08-14 09:48:09","2023-08-14 10:35:54",1
7906,673571,Padanilam,Kozhikode,Kozhikode,6,"2023-08-14 09:48:09","2023-08-14 10:35:54",1
7909,673571,Pilasseri,Kozhikode,Kozhikode,6,"2023-08-14 09:48:09","2023-08-14 10:35:54",1
7912,673571,Payimbra,Kozhikode,Kozhikode,6,"2023-08-14 09:48:10","2023-08-14 10:35:54",1
7915,673571,Konott,Kozhikode,Kozhikode,6,"2023-08-14 09:48:12","2023-08-14 10:35:54",1
7918,673571,"Kunnamangalam Mini Industrial",Kozhikode,Kozhikode,6,"2023-08-14 09:48:12","2023-08-14 10:35:54",1
7921,673571,Chelavur,Kozhikode,Kozhikode,6,"2023-08-14 09:48:13","2023-08-14 10:35:54",1
7924,673572,Vavad,Kozhikode,Kozhikode,6,"2023-08-14 09:48:14","2023-08-14 10:35:54",1
7927,673572,Avilora,Kozhikode,Kozhikode,6,"2023-08-14 09:48:14","2023-08-14 10:35:54",1
7930,673572,Elettil,Kozhikode,Kozhikode,6,"2023-08-14 09:48:15","2023-08-14 10:35:54",1
7933,673572,Kilakkoth,Kozhikode,Kozhikode,6,"2023-08-14 09:48:16","2023-08-14 10:35:54",1
7936,673572,Manipuram,Kozhikode,Kozhikode,6,"2023-08-14 09:48:16","2023-08-14 10:35:54",1
7939,673572,Pannikkottur,Kozhikode,Kozhikode,6,"2023-08-14 09:48:16","2023-08-14 10:35:54",1
7942,673572,Valiyaparamba,Kozhikode,Kozhikode,6,"2023-08-14 09:48:16","2023-08-14 10:35:54",1
7945,673572,Kotuvalli,Kozhikode,Kozhikode,6,"2023-08-14 09:48:16","2023-08-14 10:35:54",1
7948,673572,Karuvampoyil,Kozhikode,Kozhikode,6,"2023-08-14 09:48:16","2023-08-14 10:35:54",1
7951,673573,Maikavu,Kozhikode,Kozhikode,6,"2023-08-14 09:48:16","2023-08-14 10:35:54",1
7954,673573,Chamal,Kozhikode,Kozhikode,6,"2023-08-14 09:48:16","2023-08-14 10:35:54",1
7957,673573,Kattippara,Kozhikode,Kozhikode,6,"2023-08-14 09:48:16","2023-08-14 10:35:54",1
7960,673573,"Kudathai Bazar",Kozhikode,Kozhikode,6,"2023-08-14 09:48:16","2023-08-14 10:35:54",1
7963,673573,Kudathai,Kozhikode,Kozhikode,6,"2023-08-14 09:48:16","2023-08-14 10:35:54",1
7966,673573,Parappanpoyil,Kozhikode,Kozhikode,6,"2023-08-14 09:48:16","2023-08-14 10:35:54",1
7969,673573,Thachampoyil,Kozhikode,Kozhikode,6,"2023-08-14 09:48:16","2023-08-14 10:35:54",1
7972,673573,Tamaracheri,Kozhikode,Kozhikode,6,"2023-08-14 09:48:16","2023-08-14 10:35:54",1
7975,673574,Vayalada,Quilandy,Kozhikode,6,"2023-08-14 09:48:17","2023-08-14 10:35:54",1
7978,673574,Mangad,Quilandy,Kozhikode,6,"2023-08-14 09:48:17","2023-08-14 10:35:54",1
7981,673574,Talayad,Koyilandi,Kozhikode,6,"2023-08-14 09:48:17","2023-08-14 10:35:54",1
7984,673574,Emmamparamba,Quilandy,Kozhikode,6,"2023-08-14 09:48:17","2023-08-14 10:35:54",1
7987,673574,Iyyad,Quilandy,Kozhikode,6,"2023-08-14 09:48:17","2023-08-14 10:35:54",1
7990,673574,Unnikulam,Quilandy,Kozhikode,6,"2023-08-14 09:48:17","2023-08-14 10:35:54",1
7993,673574,Ekarool,Koyilandi,Kozhikode,6,"2023-08-14 09:48:17","2023-08-14 10:35:54",1
7996,673580,Kannoth,Kozhikode,Kozhikode,6,"2023-08-14 09:48:17","2023-08-14 10:35:54",1
7999,673580,Meemutty,Kozhikode,Kozhikode,6,"2023-08-14 09:48:17","2023-08-14 10:35:54",1
8002,673580,Theyyappara,Kozhikode,Kozhikode,6,"2023-08-14 09:48:17","2023-08-14 10:35:54",1
8005,673580,Murampathy,Kozhikode,Kozhikode,6,"2023-08-14 09:48:17","2023-08-14 10:35:54",1
8008,673580,"Chembu Kadavu",Kozhikode,Kozhikode,6,"2023-08-14 09:48:17","2023-08-14 10:35:54",1
8011,673580,"Mundur -- Kozhikode",Kozhikode,Kozhikode,6,"2023-08-14 09:48:17","2023-08-14 10:35:54",1
8014,673580,Kuppayakode,Kozhikode,Kozhikode,6,"2023-08-14 09:48:17","2023-08-14 10:35:54",1
8017,673580,Kotancheri-tamaracheri,Kozhikode,Kozhikode,6,"2023-08-14 09:48:17","2023-08-14 10:35:54",1
8020,673580,Velancode,Kozhikode,Kozhikode,6,"2023-08-14 09:48:17","2023-08-14 10:35:54",1
8023,673582,"Santhi Nagar",Kozhikode,Kozhikode,6,"2023-08-14 09:48:17","2023-08-14 10:35:54",1
8026,673582,Velimanna,Kozhikode,Kozhikode,6,"2023-08-14 09:48:17","2023-08-14 10:35:54",1
8029,673582,Neeleswaram,Kozhikode,Kozhikode,6,"2023-08-14 09:48:17","2023-08-14 10:35:54",1
8032,673582,Venappara,Kozhikode,Kozhikode,6,"2023-08-14 09:48:17","2023-08-14 10:35:54",1
8035,673582,Kallurutty,Kozhikode,Kozhikode,6,"2023-08-14 09:48:17","2023-08-14 10:35:54",1
8038,673582,Omasseri,Kozhikode,Kozhikode,6,"2023-08-14 09:48:17","2023-08-14 10:35:54",1
8041,673582,"Puthur- Kotuvalli",Kozhikode,Kozhikode,6,"2023-08-14 09:48:17","2023-08-14 10:35:54",1
8044,673585,Narikkuni,Kozhikode,Kozhikode,6,"2023-08-14 09:48:17","2023-08-14 10:35:54",1
8047,673585,Parannur,Kozhikode,Kozhikode,6,"2023-08-14 09:48:17","2023-08-14 10:35:54",1
8050,673585,Punnasseri,Kozhikode,Kozhikode,6,"2023-08-14 09:48:17","2023-08-14 10:35:54",1
8053,673585,"Punnur - Cherupalam",Kozhikode,Kozhikode,6,"2023-08-14 09:48:17","2023-08-14 10:35:54",1
8056,673585,Eravannur,Kozhikode,Kozhikode,6,"2023-08-14 09:48:17","2023-08-14 10:35:54",1
8059,673585,Madavoor,Kozhikode,Kozhikode,6,"2023-08-14 09:48:17","2023-08-14 10:35:54",1
8062,673585,Muttancheri,Kozhikode,Kozhikode,6,"2023-08-14 09:48:17","2023-08-14 10:35:54",1
8065,673586,Puduppadi,Kozhikode,Kozhikode,6,"2023-08-14 09:48:17","2023-08-14 10:35:54",1
8068,673586,Kythapoyil,Kozhikode,Kozhikode,6,"2023-08-14 09:48:17","2023-08-14 10:35:54",1
8071,673586,"Adivaram Pudupadi",Kozhikode,Kozhikode,6,"2023-08-14 09:48:17","2023-08-14 10:35:54",1
8074,673586,Nooramthode,Kozhikode,Kozhikode,6,"2023-08-14 09:48:17","2023-08-14 10:35:54",1
8077,673586,"Kakkad Pudupadi",Kozhikode,Kozhikode,6,"2023-08-14 09:48:17","2023-08-14 10:35:54",1
8080,673586,Perumpally,Kozhikode,Kozhikode,6,"2023-08-14 09:48:17","2023-08-14 10:35:54",1
8083,673586,Mailellampara,Kozhikode,Kozhikode,6,"2023-08-14 09:48:18","2023-08-14 10:35:54",1
8086,673601,Chathamangalam,Kozhikode,Kozhikode,6,"2023-08-14 09:48:18","2023-08-14 10:35:54",1
8089,673601,Chulur,Kozhikode,Kozhikode,6,"2023-08-14 09:48:18","2023-08-14 10:35:54",1
8092,673601,Malayamma,Kozhikode,Kozhikode,6,"2023-08-14 09:48:18","2023-08-14 10:35:54",1
8095,673601,"Nit  Campus Po.Kozhikode",Kozhikode,Kozhikode,6,"2023-08-14 09:48:18","2023-08-14 10:35:54",1
8098,673601,"Nayar Kuzhi",Kozhikode,Kozhikode,6,"2023-08-14 09:48:18","2023-08-14 10:35:54",1
8101,673601,Vellalasseri,Kozhikode,Kozhikode,6,"2023-08-14 09:48:18","2023-08-14 10:35:54",1
8104,673602,"Nellika Paramba",Kozhikode,Kozhikode,6,"2023-08-14 09:48:18","2023-08-14 10:35:54",1
8107,673602,Alli,Kozhikode,Kozhikode,6,"2023-08-14 09:48:18","2023-08-14 10:35:54",1
8110,673602,Pannicode,Kozhikode,Kozhikode,6,"2023-08-14 09:48:18","2023-08-14 10:35:54",1
8113,673602,"Mysore Mala",Kozhikode,Kozhikode,6,"2023-08-14 09:48:18","2023-08-14 10:35:54",1
8116,673602,Manasseri,Kozhikode,Kozhikode,6,"2023-08-14 09:48:18","2023-08-14 10:35:54",1
8119,673602,Kodiyathur,Kozhikode,Kozhikode,6,"2023-08-14 09:48:18","2023-08-14 10:35:54",1
8122,673602,Kumaranellur,Kozhikode,Kozhikode,6,"2023-08-14 09:48:18","2023-08-14 10:35:54",1
8125,673602,Mokkam,Kozhikode,Kozhikode,6,"2023-08-14 09:48:18","2023-08-14 10:35:54",1
8128,673602,Karasseri,Kozhikode,Kozhikode,6,"2023-08-14 09:48:18","2023-08-14 10:35:54",1
8131,673602,Chennamangallur,Kozhikode,Kozhikode,6,"2023-08-14 09:48:18","2023-08-14 10:35:54",1
8134,673603,Thambalamanna,Kozhikode,Kozhikode,6,"2023-08-14 09:48:18","2023-08-14 10:35:54",1
8137,673603,Anakampoyil,Kozhikode,Kozhikode,6,"2023-08-14 09:48:18","2023-08-14 10:35:54",1
8140,673603,Ponnamkayam,Kozhikode,Kozhikode,6,"2023-08-14 09:48:18","2023-08-14 10:35:54",1
8143,673603,Punnakkal,Kozhikode,Kozhikode,6,"2023-08-14 09:48:18","2023-08-14 10:35:54",1
8146,673603,"Muthappan Puzha",Kozhikode,Kozhikode,6,"2023-08-14 09:48:18","2023-08-14 10:35:54",1
8149,673603,Tiruvambadi,Kozhikode,Kozhikode,6,"2023-08-14 09:48:18","2023-08-14 10:35:54",1
8152,673603,"Pulluram Para",Kozhikode,Kozhikode,6,"2023-08-14 09:48:18","2023-08-14 10:35:54",1
8155,673604,Kuliramutty,Kozhikode,Kozhikode,6,"2023-08-14 09:48:18","2023-08-14 10:35:54",1
8158,673604,Koombara,Kozhikode,Kozhikode,6,"2023-08-14 09:48:19","2023-08-14 10:35:54",1
8161,673604,Poovaranthod,Kozhikode,Kozhikode,6,"2023-08-14 09:48:19","2023-08-14 10:35:54",1
8164,673604,Kutaranni,Kozhikode,Kozhikode,6,"2023-08-14 09:48:19","2023-08-14 10:35:54",1
8167,673604,Kakkatampoyil,Kozhikode,Kozhikode,6,"2023-08-14 09:48:19","2023-08-14 10:35:54",1
8170,673604,"Koombara Bazar",Kozhikode,Kozhikode,6,"2023-08-14 09:48:19","2023-08-14 10:35:54",1
8173,673604,"Manha Kadavu",Kozhikode,Kozhikode,6,"2023-08-14 09:48:19","2023-08-14 10:35:54",1
8176,673611,Kakkoti,Kozhikode,Kozhikode,6,"2023-08-14 09:48:19","2023-08-14 10:35:54",1
8179,673611,Makkada,Kozhikode,Kozhikode,6,"2023-08-14 09:48:19","2023-08-14 10:35:54",1
8182,673611,Morikkara,Kozhikode,Kozhikode,6,"2023-08-14 09:48:20","2023-08-14 10:35:54",1
8185,673611,Palath,Kozhikode,Kozhikode,6,"2023-08-14 09:48:20","2023-08-14 10:35:54",1
8188,673611,Kizhakkumuri,Kozhikode,Kozhikode,6,"2023-08-14 09:48:20","2023-08-14 10:35:54",1
8191,673611,Kuruvattur,Kozhikode,Kozhikode,6,"2023-08-14 09:48:20","2023-08-14 10:35:54",1
8194,673612,Balusseri,Quilandy,Kozhikode,6,"2023-08-14 09:48:20","2023-08-14 10:35:54",1
8197,673612,"Vattoli Bazar",Quilandy,Kozhikode,6,"2023-08-14 09:48:20","2023-08-14 10:35:54",1
8200,673612,Thuruthiyad,Quilandy,Kozhikode,6,"2023-08-14 09:48:20","2023-08-14 10:35:54",1
8203,673612,"Panangad Qdi",Koyilandi,Kozhikode,6,"2023-08-14 09:48:20","2023-08-14 10:35:54",1
8206,673612,Kannadipoil,Quilandy,Kozhikode,6,"2023-08-14 09:48:20","2023-08-14 10:35:54",1
8209,673612,Kinalur,Koyilandi,Kozhikode,6,"2023-08-14 09:48:20","2023-08-14 10:35:54",1
8212,673612,Kokkallur,Koyilandi,Kozhikode,6,"2023-08-14 09:48:20","2023-08-14 10:35:54",1
8215,673612,Kariyathankavu,Quilandy,Kozhikode,6,"2023-08-14 09:48:20","2023-08-14 10:35:54",1
8218,673612,Karumala,Koyilandi,Kozhikode,6,"2023-08-14 09:48:20","2023-08-14 10:35:54",1
8221,673612,Eramangalam,Quilandy,Kozhikode,6,"2023-08-14 09:48:20","2023-08-14 10:35:54",1
8224,673613,Nanminda,Kozhikode,Kozhikode,6,"2023-08-14 09:48:20","2023-08-14 10:35:54",1
8227,673613,Pavandur,Kozhikode,Kozhikode,6,"2023-08-14 09:48:20","2023-08-14 10:35:54",1
8230,673613,Kakkur,Kozhikode,Kozhikode,6,"2023-08-14 09:48:20","2023-08-14 10:35:54",1
8233,673614,Kottur,Koyilandi,Kozhikode,6,"2023-08-14 09:48:20","2023-08-14 10:35:54",1
8236,673614,Moolad,Quilandy,Kozhikode,6,"2023-08-14 09:48:20","2023-08-14 10:35:54",1
8239,673614,Naduvannur,Koyilandi,Kozhikode,6,"2023-08-14 09:48:20","2023-08-14 10:35:54",1
8242,673614,Mannankavu,Quilandy,Kozhikode,6,"2023-08-14 09:48:20","2023-08-14 10:35:54",1
8245,673614,Oravil,Quilandy,Kozhikode,6,"2023-08-14 09:48:20","2023-08-14 10:35:54",1
8248,673614,Karuvannur,Quilandy,Kozhikode,6,"2023-08-14 09:48:21","2023-08-14 10:35:54",1
8251,673614,Tiruvode,Quilandy,Kozhikode,6,"2023-08-14 09:48:21","2023-08-14 10:35:54",1
8254,673614,Kavil,Quilandy,Kozhikode,6,"2023-08-14 09:48:21","2023-08-14 10:35:54",1
8257,673614,Vakayad,Quilandy,Kozhikode,6,"2023-08-14 09:48:21","2023-08-14 10:35:54",1
8260,673614,Avitanallur,Koyilandi,Kozhikode,6,"2023-08-14 09:48:21","2023-08-14 10:35:54",1
8263,673614,Punath,Quilandy,Kozhikode,6,"2023-08-14 09:48:21","2023-08-14 10:35:54",1
8266,673614,Nochat,Quilandy,Kozhikode,6,"2023-08-14 09:48:21","2023-08-14 10:35:54",1
8269,673615,Kallanode,Quilandy,Kozhikode,6,"2023-08-14 09:48:21","2023-08-14 10:35:54",1
8272,673615,Kakkayam,Quilandy,Kozhikode,6,"2023-08-14 09:48:21","2023-08-14 10:35:54",1
8275,673616,"Edakkara - Quilandy",Kozhikode,Kozhikode,6,"2023-08-14 09:48:21","2023-08-14 10:35:54",1
8278,673616,Chelannur,Kozhikode,Kozhikode,6,"2023-08-14 09:48:21","2023-08-14 10:35:54",1
8281,673616,Irivallur,Kozhikode,Kozhikode,6,"2023-08-14 09:48:21","2023-08-14 10:35:54",1
8284,673616,"Kannan Kara",Kozhikode,Kozhikode,6,"2023-08-14 09:48:21","2023-08-14 10:35:54",1
8287,673620,Quilandibazar,Koyilandi,Kozhikode,6,"2023-08-14 09:48:21","2023-08-14 10:35:54",1
8290,673620,Peruvattur,Koyilandi,Kozhikode,6,"2023-08-14 09:48:21","2023-08-14 10:35:54",1
8293,673620,Arikulam,Koyilandi,Kozhikode,6,"2023-08-14 09:48:21","2023-08-14 10:35:54",1
8296,673620,Kakkancheri,Quilandy,Kozhikode,6,"2023-08-14 09:48:21","2023-08-14 10:35:54",1
8299,673620,Kunnathara,Koyilandi,Kozhikode,6,"2023-08-14 09:48:21","2023-08-14 10:35:54",1
8302,673620,Urallur,Quilandy,Kozhikode,6,"2023-08-14 09:48:21","2023-08-14 10:35:54",1
8305,673620,Kuruvangad,Koyilandi,Kozhikode,6,"2023-08-14 09:48:21","2023-08-14 10:35:54",1
8308,673620,Ulliyeri,Quilandy,Kozhikode,6,"2023-08-14 09:48:21","2023-08-14 10:35:54",1
8311,673620,Naduvathur,Quilandy,Kozhikode,6,"2023-08-14 09:48:21","2023-08-14 10:35:54",1
8314,673620,Naderi,Quilandy,Kozhikode,6,"2023-08-14 09:48:21","2023-08-14 10:35:54",1
8317,673631,"Feroke Pettah",Kozhikode,Kozhikode,6,"2023-08-14 09:48:21","2023-08-14 10:35:54",1
8320,673631,Feroke,Kozhikode,Kozhikode,6,"2023-08-14 09:48:21","2023-08-14 10:35:54",1
8323,673631,Karuvanthuruthy,Kozhikode,Kozhikode,6,"2023-08-14 09:48:21","2023-08-14 10:35:54",1
8326,673631,Perumukham,Kozhikode,Kozhikode,6,"2023-08-14 09:48:21","2023-08-14 10:35:54",1
8329,673632,"Farook College",Kozhikode,Kozhikode,6,"2023-08-14 09:48:21","2023-08-14 10:35:54",1
8332,673633,Vaidyarangadi,Kozhikode,Kozhikode,6,"2023-08-14 09:48:21","2023-08-14 10:35:54",1
8335,673633,Ramanattukara,Kozhikode,Kozhikode,6,"2023-08-14 09:48:21","2023-08-14 10:35:54",1
8338,673655,Kolathara,Kozhikode,Kozhikode,6,"2023-08-14 09:48:21","2023-08-14 10:35:54",1
8341,673655,Cheruvannur,Kozhikode,Kozhikode,6,"2023-08-14 09:48:21","2023-08-14 10:35:54",1
8344,673661,Pazhur,Kozhikode,Kozhikode,6,"2023-08-14 09:48:21","2023-08-14 10:35:54",1
8347,673661,Cherooppa,Kozhikode,Kozhikode,6,"2023-08-14 09:48:21","2023-08-14 10:35:54",1
8350,673661,"Mavoor (Kozhikode)",Kozhikode,Kozhikode,6,"2023-08-14 09:48:21","2023-08-14 10:35:54",1
8353,673661,"Kanni Paramba",Kozhikode,Kozhikode,6,"2023-08-14 09:48:21","2023-08-14 10:35:54",1
8356,673661,Kayal,Kozhikode,Kozhikode,6,"2023-08-14 09:48:21","2023-08-14 10:35:54",1
8359,673661,Cheruvadi,Kozhikode,Kozhikode,6,"2023-08-14 09:48:21","2023-08-14 10:35:54",1
8362,673314,Vallikkunnu,Tirurangadi,Malappuram,7,"2023-08-14 09:48:21","2023-08-14 10:35:54",1
8365,673314,Kadalundinagaram,Tirurangadi,Malappuram,7,"2023-08-14 09:48:21","2023-08-14 10:35:54",1
8368,673314,"Vallikkunnu North",Tirurangadi,Malappuram,7,"2023-08-14 09:48:21","2023-08-14 10:35:54",1
8371,673632,Azhinjilam,Ernad,Malappuram,7,"2023-08-14 09:48:21","2023-08-14 10:35:54",1
8374,673632,"Karad Paramba",Ernad,Malappuram,7,"2023-08-14 09:48:21","2023-08-14 10:35:54",1
8377,673633,"Puducode - Feroke",Eranad,Malappuram,7,"2023-08-14 09:48:21","2023-08-14 10:35:54",1
8380,673633,"Vazhayur East",Ernad,Malappuram,7,"2023-08-14 09:48:21","2023-08-14 10:35:54",1
8383,673633,Vazhayur,Ernad,Malappuram,7,"2023-08-14 09:48:21","2023-08-14 10:35:54",1
8386,673634,Kolakkattuchali,Tirurangadi,Malappuram,7,"2023-08-14 09:48:21","2023-08-14 10:35:54",1
8389,673634,Pallikkal,Tirurangadi,Malappuram,7,"2023-08-14 09:48:21","2023-08-14 10:35:54",1
8392,673634,Pulliparamba,Tirurangadi,Malappuram,7,"2023-08-14 09:48:21","2023-08-14 10:35:54",1
8395,673634,Chelembra,Tirurangadi,Malappuram,7,"2023-08-14 09:48:21","2023-08-14 10:35:54",1
8398,673635,"Calicut University",Tirurangadi,Malappuram,7,"2023-08-14 09:48:21","2023-08-14 10:35:54",1
8401,673636,Puthur-pallikkal,Tirurangadi,Malappuram,7,"2023-08-14 09:48:21","2023-08-14 10:35:54",1
8404,673636,Chenakkalangadi,Tirurangadi,Malappuram,7,"2023-08-14 09:48:21","2023-08-14 10:35:54",1
8407,673636,Tenhipalam,Tirurangadi,Malappuram,7,"2023-08-14 09:48:21","2023-08-14 10:35:54",1
8410,673637,Kannamvettikavu,Ernad,Malappuram,7,"2023-08-14 09:48:21","2023-08-14 10:35:54",1
8413,673637,Ayikkarapadi,Ernad,Malappuram,7,"2023-08-14 09:48:21","2023-08-14 10:35:54",1
8416,673637,Andiyoorkunnu,Ernad,Malappuram,7,"2023-08-14 09:48:21","2023-08-14 10:35:54",1
8419,673637,Pulikkal,Ernad,Malappuram,7,"2023-08-14 09:48:21","2023-08-14 10:35:54",1
8422,673637,Valiyaparamba,Ernad,Malappuram,7,"2023-08-14 09:48:21","2023-08-14 10:35:54",1
8425,673638,Arimbra,Ernad,Malappuram,7,"2023-08-14 09:48:21","2023-08-14 10:35:54",1
8428,673638,Kondotti,Ernad,Malappuram,7,"2023-08-14 09:48:21","2023-08-14 10:35:54",1
8431,673638,Nediyirippu,Ernad,Malappuram,7,"2023-08-14 09:48:21","2023-08-14 10:35:54",1
8434,673638,Muthuvallur,Ernad,Malappuram,7,"2023-08-14 09:48:21","2023-08-14 10:35:54",1
8437,673638,Muthuparamba,Ernad,Malappuram,7,"2023-08-14 09:48:21","2023-08-14 10:35:54",1
8440,673638,Chirayil,Ernad,Malappuram,7,"2023-08-14 09:48:21","2023-08-14 10:35:54",1
8443,673638,Olavattur,Ernad,Malappuram,7,"2023-08-14 09:48:21","2023-08-14 10:35:54",1
8446,673638,Thurakkal,Ernad,Malappuram,7,"2023-08-14 09:48:21","2023-08-14 10:35:54",1
8449,673638,Karippur,Tirurangadi,Malappuram,7,"2023-08-14 09:48:21","2023-08-14 10:35:54",1
8452,673638,Peruvallur,Tirurangadi,Malappuram,7,"2023-08-14 09:48:21","2023-08-14 10:35:54",1
8455,673638,Kumminiparamba,Tirurangadi,Malappuram,7,"2023-08-14 09:48:21","2023-08-14 10:35:54",1
8458,673638,Melangadi,Ernad,Malappuram,7,"2023-08-14 09:48:21","2023-08-14 10:35:54",1
8461,673639,Chemmarakkattur,Ernad,Malappuram,7,"2023-08-14 09:48:21","2023-08-14 10:35:54",1
8464,673639,Kavanur,Ernad,Malappuram,7,"2023-08-14 09:48:21","2023-08-14 10:35:54",1
8467,673639,Vettilappara,Ernad,Malappuram,7,"2023-08-14 09:48:21","2023-08-14 10:35:54",1
8470,673639,Iruvetti,Ernad,Malappuram,7,"2023-08-14 09:48:21","2023-08-14 10:35:54",1
8473,673639,Valillapuzha,Ernad,Malappuram,7,"2023-08-14 09:48:21","2023-08-14 10:35:54",1
8476,673639,Urangattiri,Ernad,Malappuram,7,"2023-08-14 09:48:21","2023-08-14 10:35:54",1
8479,673639,Peruparamba-ugrapuram,Ernad,Malappuram,7,"2023-08-14 09:48:21","2023-08-14 10:35:54",1
8482,673639,Areacode,Ernad,Malappuram,7,"2023-08-14 09:48:21","2023-08-14 10:35:54",1
8485,673639,Panampilavu,Ernad,Malappuram,7,"2023-08-14 09:48:21","2023-08-14 10:35:54",1
8488,673639,Kizhuparamba,Ernad,Malappuram,7,"2023-08-14 09:48:21","2023-08-14 10:35:54",1
8491,673639,Poovathikkal,Ernad,Malappuram,7,"2023-08-14 09:48:21","2023-08-14 10:35:54",1
8494,673639,Maithra,Ernad,Malappuram,7,"2023-08-14 09:48:21","2023-08-14 10:35:54",1
8497,673639,Thottilangadi,Ernad,Malappuram,7,"2023-08-14 09:48:21","2023-08-14 10:35:54",1
8500,673639,Thottumukkam,Ernad,Malappuram,7,"2023-08-14 09:48:21","2023-08-14 10:35:54",1
8503,673640,Vazhakkad,Ernad,Malappuram,7,"2023-08-14 09:48:21","2023-08-14 10:35:54",1
8506,673640,Karumarakkad,Ernad,Malappuram,7,"2023-08-14 09:48:21","2023-08-14 10:35:54",1
8509,673641,Tavanur-feroke,Ernad,Malappuram,7,"2023-08-14 09:48:21","2023-08-14 10:35:54",1
8512,673641,Kuzhimanna,Ernad,Malappuram,7,"2023-08-14 09:48:21","2023-08-14 10:35:54",1
8515,673641,Puliyakkode,Ernad,Malappuram,7,"2023-08-14 09:48:21","2023-08-14 10:35:54",1
8518,673641,Vilayil,Ernad,Malappuram,7,"2023-08-14 09:48:21","2023-08-14 10:35:54",1
8521,673641,Trippanachi,Ernad,Malappuram,7,"2023-08-14 09:48:21","2023-08-14 10:35:54",1
8524,673641,Akkaparamba,Ernad,Malappuram,7,"2023-08-14 09:48:21","2023-08-14 10:35:54",1
8527,673641,Palakkad(MLP),Ernad,Malappuram,7,"2023-08-14 09:48:21","2023-08-14 10:35:54",1
8530,673642,Morayur,Ernad,Malappuram,7,"2023-08-14 09:48:21","2023-08-14 10:35:54",1
8533,673642,Olamathil,Ernad,Malappuram,7,"2023-08-14 09:48:21","2023-08-14 10:35:54",1
8536,673642,Olukur,Ernad,Malappuram,7,"2023-08-14 09:48:21","2023-08-14 10:35:54",1
8539,673642,Valluvambram,Ernad,Malappuram,7,"2023-08-14 09:48:21","2023-08-14 10:35:54",1
8542,673642,Mongam,Ernad,Malappuram,7,"2023-08-14 09:48:21","2023-08-14 10:35:54",1
8545,673645,Mundakkal,Ernad,Malappuram,7,"2023-08-14 09:48:21","2023-08-14 10:35:54",1
8548,673645,Chikkode,Ernad,Malappuram,7,"2023-08-14 09:48:21","2023-08-14 10:35:54",1
8551,673645,Cheruvayur,Ernad,Malappuram,7,"2023-08-14 09:48:21","2023-08-14 10:35:54",1
8554,673645,Omanur,Ernad,Malappuram,7,"2023-08-14 09:48:21","2023-08-14 10:35:54",1
8557,673647,"Calicut Airport",Tirurangadi,Malappuram,7,"2023-08-14 09:48:21","2023-08-14 10:35:54",1
8560,676101,Tirur(kerala),Tirur,Malappuram,7,"2023-08-14 09:48:21","2023-08-14 10:35:54",1
8563,676101,"Tirur East Bazar",Tirur,Malappuram,7,"2023-08-14 09:48:21","2023-08-14 10:35:54",1
8566,676102,Alathiyur,Tirur,Malappuram,7,"2023-08-14 09:48:21","2023-08-14 10:35:54",1
8569,676102,"Bettath Pudiangadi",Tirur,Malappuram,7,"2023-08-14 09:48:21","2023-08-14 10:35:54",1
8572,676102,Vettom,Tirur,Malappuram,7,"2023-08-14 09:48:21","2023-08-14 10:35:54",1
8575,676102,Purathur,Tirur,Malappuram,7,"2023-08-14 09:48:21","2023-08-14 10:35:54",1
8578,676102,Vengalur,Tirur,Malappuram,7,"2023-08-14 09:48:21","2023-08-14 10:35:54",1
8581,676102,Vettom-pallippuram,Tirur,Malappuram,7,"2023-08-14 09:48:21","2023-08-14 10:35:54",1
8584,676102,Poyilisseri,Tirur,Malappuram,7,"2023-08-14 09:48:21","2023-08-14 10:35:54",1
8587,676102,Chamravattom,Tirur,Malappuram,7,"2023-08-14 09:48:21","2023-08-14 10:35:54",1
8590,676102,Puduppalli,Tirur,Malappuram,7,"2023-08-14 09:48:21","2023-08-14 10:35:54",1
8593,676103,Iringavur,Tirur,Malappuram,7,"2023-08-14 09:48:21","2023-08-14 10:35:54",1
8596,676103,Thalakkadathur,Tirur,Malappuram,7,"2023-08-14 09:48:21","2023-08-14 10:35:54",1
8599,676104,Trikkandiyur,,Malappuram,7,"2023-08-14 09:48:21","2023-08-14 10:35:54",1
8602,676105,Thekkummuri,Tirur,Malappuram,7,"2023-08-14 09:48:21","2023-08-14 10:35:54",1
8605,676105,Mangattiri,Tirur,Malappuram,7,"2023-08-14 09:48:21","2023-08-14 10:35:54",1
8608,676105,Pachattiri,Tirur,Malappuram,7,"2023-08-14 09:48:21","2023-08-14 10:35:54",1
8611,676106,Athrisseri,Tirur,Malappuram,7,"2023-08-14 09:48:21","2023-08-14 10:35:54",1
8614,676106,Ponmundam,Tirur,Malappuram,7,"2023-08-14 09:48:21","2023-08-14 10:35:54",1
8617,676106,Cheriyamundam,Tirur,Malappuram,7,"2023-08-14 09:48:22","2023-08-14 10:35:54",1
8620,676106,Vellachal,Tirur,Malappuram,7,"2023-08-14 09:48:22","2023-08-14 10:35:54",1
8623,676107,"Pookayil Bazar",Tirur,Malappuram,7,"2023-08-14 09:48:22","2023-08-14 10:35:54",1
8626,676108,Codacal,Tirur,Malappuram,7,"2023-08-14 09:48:22","2023-08-14 10:35:54",1
8629,676108,Triprangode,Tirur,Malappuram,7,"2023-08-14 09:48:22","2023-08-14 10:35:54",1
8632,676109,Niramaruthur,Tirur,Malappuram,7,"2023-08-14 09:48:22","2023-08-14 10:35:54",1
8635,676121,Manjeri-kla,Ernad,Malappuram,7,"2023-08-14 09:48:22","2023-08-14 10:35:54",1
8638,676121,"Manjeri Bazar",Ernad,Malappuram,7,"2023-08-14 09:48:22","2023-08-14 10:35:54",1
8641,676122,Nellikuth,Ernad,Malappuram,7,"2023-08-14 09:48:22","2023-08-14 10:35:54",1
8644,676122,Pullancheri,Ernad,Malappuram,7,"2023-08-14 09:48:22","2023-08-14 10:35:54",1
8647,676122,Vakkethodi,Ernad,Malappuram,7,"2023-08-14 09:48:22","2023-08-14 10:35:54",1
8650,676122,Narukara,Ernad,Malappuram,7,"2023-08-14 09:48:22","2023-08-14 10:35:54",1
8653,676122,Payyanad,Ernad,Malappuram,7,"2023-08-14 09:48:22","2023-08-14 10:35:54",1
8656,676122,Pappinippara,Ernad,Malappuram,7,"2023-08-14 09:48:22","2023-08-14 10:35:54",1
8659,676122,Elankur,Ernad,Malappuram,7,"2023-08-14 09:48:22","2023-08-14 10:35:54",1
8662,676122,Mariyad,Ernad,Malappuram,7,"2023-08-14 09:48:22","2023-08-14 10:35:54",1
8665,676122,"Manjeri College",Ernad,Malappuram,7,"2023-08-14 09:48:22","2023-08-14 10:35:54",1
8668,676123,Pathappiriyam,Ernad,Malappuram,7,"2023-08-14 09:48:22","2023-08-14 10:35:54",1
8671,676123,Koomankulam,Ernad,Malappuram,7,"2023-08-14 09:48:22","2023-08-14 10:35:54",1
8674,676123,Manhappatta,Ernad,Malappuram,7,"2023-08-14 09:48:22","2023-08-14 10:35:54",1
8677,676123,Pulpatta,Ernad,Malappuram,7,"2023-08-14 09:48:22","2023-08-14 10:35:54",1
8680,676123,Tiruvali,Nilambur,Malappuram,7,"2023-08-14 09:48:22","2023-08-14 10:35:54",1
8683,676123,Pathiriyal,Nilambur,Malappuram,7,"2023-08-14 09:48:22","2023-08-14 10:35:54",1
8686,676123,Trikkalangode,Ernad,Malappuram,7,"2023-08-14 09:48:22","2023-08-14 10:35:54",1
8689,676123,Amayur,Ernad,Malappuram,7,"2023-08-14 09:48:22","2023-08-14 10:35:54",1
8692,676123,Karuvambram,Manjeri,Malappuram,7,"2023-08-14 09:48:22","2023-08-14 10:35:54",1
8695,676123,Karakkunnu,Ernad,Malappuram,7,"2023-08-14 09:48:22","2023-08-14 10:35:54",1
8698,676123,"Karuvambram West",Ernad,Malappuram,7,"2023-08-14 09:48:22","2023-08-14 10:35:54",1
8701,676301,Vyrancode,Tirur,Malappuram,7,"2023-08-14 09:48:22","2023-08-14 10:35:54",1
8704,676301,Athavanad,Tirur,Malappuram,7,"2023-08-14 09:48:22","2023-08-14 10:35:54",1
8707,676301,Kurumbathur,Tirur,Malappuram,7,"2023-08-14 09:48:22","2023-08-14 10:35:54",1
8710,676301,Ananthavur,Tirur,Malappuram,7,"2023-08-14 09:48:22","2023-08-14 10:35:54",1
8713,676301,Tirunavaya,Tirur,Malappuram,7,"2023-08-14 09:48:22","2023-08-14 10:35:54",1
8716,676302,"Tanur Nagaram",Tirur,Malappuram,7,"2023-08-14 09:48:22","2023-08-14 10:35:54",1
8719,676302,Pariyapuram,Tirur,Malappuram,7,"2023-08-14 09:48:22","2023-08-14 10:35:54",1
8722,676302,Tanur-MBR,Tirur,Malappuram,7,"2023-08-14 09:48:22","2023-08-14 10:35:54",1
8725,676302,Puthiyakadappuram,Tirur,Malappuram,7,"2023-08-14 09:48:22","2023-08-14 10:35:54",1
8728,676302,Panangattur,Tirur,Malappuram,7,"2023-08-14 09:48:22","2023-08-14 10:35:54",1
8731,676303,Anjapura,Tirurangadi,Malappuram,7,"2023-08-14 09:48:22","2023-08-14 10:35:54",1
8734,676303,"Ullanam North",Tirurangadi,Malappuram,7,"2023-08-14 09:48:22","2023-08-14 10:35:54",1
8737,676303,Parpanangadi,Tirurangadi,Malappuram,7,"2023-08-14 09:48:22","2023-08-14 10:35:54",1
8740,676303,Neduva,Tirurangadi,Malappuram,7,"2023-08-14 09:48:22","2023-08-14 10:35:54",1
8743,676303,Ullanam,Tirurangadi,Malappuram,7,"2023-08-14 09:48:22","2023-08-14 10:35:54",1
8746,676304,Valiyora,Tirurangadi,Malappuram,7,"2023-08-14 09:48:22","2023-08-14 10:35:54",1
8749,676304,Iringallur,Tirurangadi,Malappuram,7,"2023-08-14 09:48:22","2023-08-14 10:35:54",1
8752,676304,Kannamangalam,Tirurangadi,Malappuram,7,"2023-08-14 09:48:22","2023-08-14 10:35:54",1
8755,676304,Cherur,Tirurangadi,Malappuram,7,"2023-08-14 09:48:22","2023-08-14 10:35:54",1
8758,676304,"Vengara MLP",Tirurangadi,Malappuram,7,"2023-08-14 09:48:22","2023-08-14 10:35:54",1
8761,676304,Kannattipadi,Tirurangadi,Malappuram,7,"2023-08-14 09:48:22","2023-08-14 10:35:54",1
8764,676305,"Abdurahiman Nagar",Tirurangadi,Malappuram,7,"2023-08-14 09:48:22","2023-08-14 10:35:54",1
8767,676305,"Kannamangalam West",Tirurangadi,Malappuram,7,"2023-08-14 09:48:22","2023-08-14 10:35:54",1
8770,676305,"Kuttur North",Tirurangadi,Malappuram,7,"2023-08-14 09:48:22","2023-08-14 10:35:54",1
8773,676306,Kakkad,Tirurangadi,Malappuram,7,"2023-08-14 09:48:22","2023-08-14 10:35:54",1
8776,676306,Tirurangadi,Tirurangadi,Malappuram,7,"2023-08-14 09:48:22","2023-08-14 10:35:54",1
8779,676306,Olakara,Tirurangadi,Malappuram,7,"2023-08-14 09:48:22","2023-08-14 10:35:54",1
8782,676306,Kooriyad,Tirurangadi,Malappuram,7,"2023-08-14 09:48:22","2023-08-14 10:35:54",1
8785,676306,Mampuram,Tirurangadi,Malappuram,7,"2023-08-14 09:48:22","2023-08-14 10:35:54",1
8788,676306,Pantarangadi,Tirurangadi,Malappuram,7,"2023-08-14 09:48:22","2023-08-14 10:35:54",1
8791,676306,"Tirurangadi Bazar",Tirurangadi,Malappuram,7,"2023-08-14 09:48:22","2023-08-14 10:35:54",1
8794,676306,Cherumukku,Tirurangadi,Malappuram,7,"2023-08-14 09:48:22","2023-08-14 10:35:54",1
8797,676307,Ozhur,Tirur,Malappuram,7,"2023-08-14 09:48:22","2023-08-14 10:35:54",1
8800,676307,Meenadathur,Tirur,Malappuram,7,"2023-08-14 09:48:22","2023-08-14 10:35:54",1
8803,676307,Tanalur,Tirur,Malappuram,7,"2023-08-14 09:48:22","2023-08-14 10:35:54",1
8806,676307,Keraladheeswarapuram,Tirur,Malappuram,7,"2023-08-14 09:48:22","2023-08-14 10:35:54",1
8809,676309,Kodinhi,Tirurangadi,Malappuram,7,"2023-08-14 09:48:22","2023-08-14 10:35:54",1
8812,676311,"Moonniyur South",Tirurangadi,Malappuram,7,"2023-08-14 09:48:22","2023-08-14 10:35:54",1
8815,676311,Mooniyur,Tirurangadi,Malappuram,7,"2023-08-14 09:48:22","2023-08-14 10:35:54",1
8818,676312,Ariyallur,Tirurangadi,Malappuram,7,"2023-08-14 09:48:22","2023-08-14 10:35:54",1
8821,676317,Parambilpeedika,Tirurangadi,Malappuram,7,"2023-08-14 09:48:22","2023-08-14 10:35:54",1
8824,676317,"Velimukku South",Tirurangadi,Malappuram,7,"2023-08-14 09:48:22","2023-08-14 10:35:54",1
8827,676317,Velimukku,Tirurangadi,Malappuram,7,"2023-08-14 09:48:22","2023-08-14 10:35:54",1
8830,676319,Chettipadi,Tirurangadi,Malappuram,7,"2023-08-14 09:48:22","2023-08-14 10:35:54",1
8833,676319,Kotakkad,Tirurangadi,Malappuram,7,"2023-08-14 09:48:22","2023-08-14 10:35:54",1
8836,676320,Omachapuzha,Tirur,Malappuram,7,"2023-08-14 09:48:22","2023-08-14 10:35:54",1
8839,676320,Nannambra,Tirurangadi,Malappuram,7,"2023-08-14 09:48:22","2023-08-14 10:35:54",1
8842,676320,Tayyalingal,Tirurangadi,Malappuram,7,"2023-08-14 09:48:22","2023-08-14 10:35:54",1
8845,676501,Edarikode,Tirurangadi,Malappuram,7,"2023-08-14 09:48:22","2023-08-14 10:35:54",1
8848,676501,Klari,Tirur,Malappuram,7,"2023-08-14 09:48:22","2023-08-14 10:35:54",1
8851,676501,Kuttippala,Tirur,Malappuram,7,"2023-08-14 09:48:22","2023-08-14 10:35:54",1
8854,676501,Puthuparamba,Tirurangadi,Malappuram,7,"2023-08-14 09:48:22","2023-08-14 10:35:54",1
8857,676502,Vakkad,Tirur,Malappuram,7,"2023-08-14 09:48:22","2023-08-14 10:35:54",1
8860,676502,Paravanna,Tirur,Malappuram,7,"2023-08-14 09:48:22","2023-08-14 10:35:54",1
8863,676503,Kuttippuram-kottakkal,Tirur,Malappuram,7,"2023-08-14 09:48:22","2023-08-14 10:35:54",1
8866,676503,"Puthur -kottakkal",Tirurangadi,Malappuram,7,"2023-08-14 09:48:22","2023-08-14 10:35:54",1
8869,676503,Kottakkal,Tirur,Malappuram,7,"2023-08-14 09:48:22","2023-08-14 10:35:54",1
8872,676503,Chappanangadi,Tirur,Malappuram,7,"2023-08-14 09:48:22","2023-08-14 10:35:54",1
8875,676503,Pandamangalam,Tirur,Malappuram,7,"2023-08-14 09:48:22","2023-08-14 10:35:54",1
8878,676503,Parappur,Tirur,Malappuram,7,"2023-08-14 09:48:22","2023-08-14 10:35:54",1
8881,676503,Chengottur,Tirur,Malappuram,7,"2023-08-14 09:48:22","2023-08-14 10:35:54",1
8884,676503,Indianur,Tirur,Malappuram,7,"2023-08-14 09:48:22","2023-08-14 10:35:54",1
8887,676504,Chattipparamba,Perinthalmanna,Malappuram,7,"2023-08-14 09:48:22","2023-08-14 10:35:54",1
8890,676504,Kodur-malabar,Perintalmanna,Malappuram,7,"2023-08-14 09:48:22","2023-08-14 10:35:54",1
8893,676505,"Malappuram Civil Station",Ernad,Malappuram,7,"2023-08-14 09:48:22","2023-08-14 10:35:54",1
8896,676505,Malappuram,Ernad,Malappuram,7,"2023-08-14 09:48:22","2023-08-14 10:35:54",1
8899,676506,Padinhattumuri,Perinthalmanna,Malappuram,7,"2023-08-14 09:48:22","2023-08-14 10:35:54",1
8902,676506,Pazhamallur,Perinthalmanna,Malappuram,7,"2023-08-14 09:48:22","2023-08-14 10:35:54",1
8905,676506,Kottilangadi,Perintalmanna,Malappuram,7,"2023-08-14 09:48:22","2023-08-14 10:35:54",1
8908,676507,Perinthattiri,Perinthalmanna,Malappuram,7,"2023-08-14 09:48:22","2023-08-14 10:35:54",1
8911,676507,Makkaraparamba,Perinthalmanna,Malappuram,7,"2023-08-14 09:48:22","2023-08-14 10:35:54",1
8914,676507,Vattalur,Perinthalmanna,Malappuram,7,"2023-08-14 09:48:22","2023-08-14 10:35:54",1
8917,676508,Thennala,Tirurangadi,Malappuram,7,"2023-08-14 09:48:22","2023-08-14 10:35:54",1
8920,676508,Chullippara,Tirurangadi,Malappuram,7,"2023-08-14 09:48:22","2023-08-14 10:35:54",1
8923,676508,Valakolam,Tirurangadi,Malappuram,7,"2023-08-14 09:48:22","2023-08-14 10:35:54",1
8926,676508,Venniyur,Tirurangadi,Malappuram,7,"2023-08-14 09:48:22","2023-08-14 10:35:54",1
8929,676509,Perimbalam,Ernad,Malappuram,7,"2023-08-14 09:48:22","2023-08-14 10:35:54",1
8932,676509,Anakkayam,Ernad,Malappuram,7,"2023-08-14 09:48:22","2023-08-14 10:35:54",1
8935,676509,Irumbuzhi,Ernad,Malappuram,7,"2023-08-14 09:48:22","2023-08-14 10:35:54",1
8938,676509,Munduparmba,Ernad,Malappuram,7,"2023-08-14 09:48:22","2023-08-14 10:35:54",1
8941,676510,Randathani,Tirur,Malappuram,7,"2023-08-14 09:48:22","2023-08-14 10:35:54",1
8944,676510,Cherushola,Tirurangadi,Malappuram,7,"2023-08-14 09:48:22","2023-08-14 10:35:54",1
8947,676517,Pookkottur,Ernad,Malappuram,7,"2023-08-14 09:48:22","2023-08-14 10:35:54",1
8950,676517,Vellur,Ernad,Malappuram,7,"2023-08-14 09:48:22","2023-08-14 10:35:54",1
8953,676517,Melmuri,Ernad,Malappuram,7,"2023-08-14 09:48:22","2023-08-14 10:35:54",1
8956,676519,"Oorakam Melmuri",Tirurangadi,Malappuram,7,"2023-08-14 09:48:22","2023-08-14 10:35:54",1
8959,676519,Downhill,Ernad,Malappuram,7,"2023-08-14 09:48:22","2023-08-14 10:35:54",1
8962,676519,"Oorakam Kizhumuri",Tirurangadi,Malappuram,7,"2023-08-14 09:48:23","2023-08-14 10:35:54",1
8965,676519,Hajiarpalli,Ernad,Malappuram,7,"2023-08-14 09:48:23","2023-08-14 10:35:54",1
8968,676519,Pattarkadavu,Ernad,Malappuram,7,"2023-08-14 09:48:23","2023-08-14 10:35:54",1
8971,676521,Pandikkad,Ernad,Malappuram,7,"2023-08-14 09:48:23","2023-08-14 10:35:54",1
8974,676521,"Pandallur Hills",Ernad,Malappuram,7,"2023-08-14 09:48:23","2023-08-14 10:35:54",1
8977,676521,Valluvangad,Ernad,Malappuram,7,"2023-08-14 09:48:23","2023-08-14 10:35:54",1
8980,676521,"Valluvangad South",Ernad,Malappuram,7,"2023-08-14 09:48:23","2023-08-14 10:35:54",1
8983,676521,Chembrassei,Ernad,Malappuram,7,"2023-08-14 09:48:23","2023-08-14 10:35:54",1
8986,676521,Kadambode,Ernad,Malappuram,7,"2023-08-14 09:48:23","2023-08-14 10:35:54",1
8989,676521,Pandallur,Ernad,Malappuram,7,"2023-08-14 09:48:23","2023-08-14 10:35:54",1
8992,676522,Kolaparamba,Ernad,Malappuram,7,"2023-08-14 09:48:23","2023-08-14 10:35:54",1
8995,676523,Karuvarakundu,Nilambur,Malappuram,7,"2023-08-14 09:48:23","2023-08-14 10:35:54",1
8998,676523,Tharis,Nilambur,Malappuram,7,"2023-08-14 09:48:23","2023-08-14 10:35:54",1
9001,676523,Pulvetta,Nilambur,Malappuram,7,"2023-08-14 09:48:23","2023-08-14 10:35:54",1
9004,676523,Kuttathy,Nilambur,Malappuram,7,"2023-08-14 09:48:23","2023-08-14 10:35:54",1
9007,676523,Iringattiri,Nilambur,Malappuram,7,"2023-08-14 09:48:23","2023-08-14 10:35:54",1
9010,676523,Kalkundu,Nilambur,Malappuram,7,"2023-08-14 09:48:23","2023-08-14 10:35:54",1
9013,676525,Kalikavu,Nilambur,Malappuram,7,"2023-08-14 09:48:23","2023-08-14 10:35:54",1
9016,676525,Ezhupathekkar,Nilambur,Malappuram,7,"2023-08-14 09:48:23","2023-08-14 10:35:54",1
9019,676525,Arimanal,Nilambur,Malappuram,7,"2023-08-14 09:48:23","2023-08-14 10:35:54",1
9022,676525,Ambalakkadavu,Nilambur,Malappuram,7,"2023-08-14 09:48:23","2023-08-14 10:35:54",1
9025,676525,"Kerala Estate",Nilambur,Malappuram,7,"2023-08-14 09:48:23","2023-08-14 10:35:54",1
9028,676525,Neelancheri,Nilambur,Malappuram,7,"2023-08-14 09:48:23","2023-08-14 10:35:54",1
9031,676525,Anchachavady,Nilambur,Malappuram,7,"2023-08-14 09:48:23","2023-08-14 10:35:54",1
9034,676525,Pullengode,Nilambur,Malappuram,7,"2023-08-14 09:48:23","2023-08-14 10:35:54",1
9037,676525,Adakkakundu,Nilambur,Malappuram,7,"2023-08-14 09:48:23","2023-08-14 10:35:54",1
9040,676528,Ponmala,Tirur,Malappuram,7,"2023-08-14 09:48:23","2023-08-14 10:35:54",1
9043,676528,Othukkungal,Tirur,Malappuram,7,"2023-08-14 09:48:23","2023-08-14 10:35:54",1
9046,676528,Mattathur,Tirurangadi,Malappuram,7,"2023-08-14 09:48:23","2023-08-14 10:35:54",1
9049,676541,Edavanna,Ernad,Malappuram,7,"2023-08-14 09:48:23","2023-08-14 10:35:54",1
9052,676541,Eranhikode,Ernad,Malappuram,7,"2023-08-14 09:48:23","2023-08-14 10:35:54",1
9055,676541,Pannippara,Ernad,Malappuram,7,"2023-08-14 09:48:23","2023-08-14 10:35:54",1
9058,676541,Perakamanna,Ernad,Malappuram,7,"2023-08-14 09:48:23","2023-08-14 10:35:54",1
9061,676541,Chathallur,Ernad,Malappuram,7,"2023-08-14 09:48:23","2023-08-14 10:35:54",1
9064,676542,Mampad,Nilambur,Malappuram,7,"2023-08-14 09:48:23","2023-08-14 10:35:54",1
9067,676542,"Mampad College",Nilambur,Malappuram,7,"2023-08-14 09:48:23","2023-08-14 10:35:54",1
9070,676542,Pullippadam,Nilambur,Malappuram,7,"2023-08-14 09:48:23","2023-08-14 10:35:54",1
9073,676542,Meppadam,Nilambur,Malappuram,7,"2023-08-14 09:48:23","2023-08-14 10:35:54",1
9076,676542,Vadapuram,Nilambur,Malappuram,7,"2023-08-14 09:48:23","2023-08-14 10:35:54",1
9079,676551,Kuruga,Tirur,Malappuram,7,"2023-08-14 09:48:23","2023-08-14 10:35:54",1
9082,676551,Valavannur,Tirur,Malappuram,7,"2023-08-14 09:48:23","2023-08-14 10:35:54",1
9085,676551,Kalpakancheri,Tirur,Malappuram,7,"2023-08-14 09:48:23","2023-08-14 10:35:54",1
9088,676551,Thekkankuttur,Tirur,Malappuram,7,"2023-08-14 09:48:23","2023-08-14 10:35:54",1
9091,676551,Parammalangadi,Tirur,Malappuram,7,"2023-08-14 09:48:23","2023-08-14 10:35:54",1
9094,676551,Kanmanam-thekkummuri,Tirur,Malappuram,7,"2023-08-14 09:48:23","2023-08-14 10:35:54",1
9097,676551,Kanmanam,Tirur,Malappuram,7,"2023-08-14 09:48:23","2023-08-14 10:35:54",1
9100,676552,Valancheri,Tirur,Malappuram,7,"2023-08-14 09:48:23","2023-08-14 10:35:54",1
9103,676552,Edayur,Tirur,Malappuram,7,"2023-08-14 09:48:23","2023-08-14 10:35:54",1
9106,676552,Tolavanur,Tirur,Malappuram,7,"2023-08-14 09:48:23","2023-08-14 10:35:54",1
9109,676552,Valiyakunnu,Tirur,Malappuram,7,"2023-08-14 09:48:23","2023-08-14 10:35:54",1
9112,676552,Vadakkumbram,Tirur,Malappuram,7,"2023-08-14 09:48:23","2023-08-14 10:35:54",1
9115,676552,"Edayur North",Tirur,Malappuram,7,"2023-08-14 09:48:23","2023-08-14 10:35:54",1
9118,676552,Karippol,Tirur,Malappuram,7,"2023-08-14 09:48:23","2023-08-14 10:35:54",1
9121,676552,Punnathala,Tirur,Malappuram,7,"2023-08-14 09:48:23","2023-08-14 10:35:54",1
9124,676552,Puramannur,Tirur,Malappuram,7,"2023-08-14 09:48:23","2023-08-14 10:35:54",1
9127,676553,Kadampuzha,Tirur,Malappuram,7,"2023-08-14 09:48:23","2023-08-14 10:35:54",1
9130,676553,Pathayakallu,Tirur,Malappuram,7,"2023-08-14 09:48:23","2023-08-14 10:35:54",1
9133,676553,Marakkara,Tirur,Malappuram,7,"2023-08-14 09:48:23","2023-08-14 10:35:54",1
9136,676553,Kallarmangalam,Tirur,Malappuram,7,"2023-08-14 09:48:23","2023-08-14 10:35:54",1
9139,676553,Karekkad,Tirur,Malappuram,7,"2023-08-14 09:48:23","2023-08-14 10:35:54",1
9142,676561,Kavancheri,Tirur,Malappuram,7,"2023-08-14 09:48:23","2023-08-14 10:35:54",1
9145,676561,Muttanur,Tirur,Malappuram,7,"2023-08-14 09:48:23","2023-08-14 10:35:54",1
9148,676561,Mangalam-MLP,Tirur,Malappuram,7,"2023-08-14 09:48:23","2023-08-14 10:35:54",1
9151,676561,Chennara,Tirur,Malappuram,7,"2023-08-14 09:48:23","2023-08-14 10:35:54",1
9154,676562,Padinharekkara,Tirur,Malappuram,7,"2023-08-14 09:48:23","2023-08-14 10:35:54",1
9157,676562,Kuttayi,Tirur,Malappuram,7,"2023-08-14 09:48:23","2023-08-14 10:35:54",1
9160,679321,Angadipuram,Perinthalmanna,Malappuram,7,"2023-08-14 09:48:23","2023-08-14 10:35:54",1
9163,679321,Pariyapuram,Perinthalmanna,Malappuram,7,"2023-08-14 09:48:23","2023-08-14 10:35:54",1
9166,679321,Ramapuram,Perinthalmanna,Malappuram,7,"2023-08-14 09:48:23","2023-08-14 10:35:54",1
9169,679321,Puzhakkattiri,Perintalmanna,Malappuram,7,"2023-08-14 09:48:23","2023-08-14 10:35:54",1
9172,679321,Puthanangadi,Perinthalmanna,Malappuram,7,"2023-08-14 09:48:23","2023-08-14 10:35:54",1
9175,679321,Aripra,Perinthalmanna,Malappuram,7,"2023-08-14 09:48:23","2023-08-14 10:35:54",1
9178,679321,Kadungapurm,Perinthalmanna,Malappuram,7,"2023-08-14 09:48:23","2023-08-14 10:35:54",1
9181,679321,Cherakkaparamba,Perinthalmanna,Malappuram,7,"2023-08-14 09:48:23","2023-08-14 10:35:54",1
9184,679321,Tirurkad,Perinthalmanna,Malappuram,7,"2023-08-14 09:48:23","2023-08-14 10:35:54",1
9187,679322,Perintalmanna,Perinthalmanna,Malappuram,7,"2023-08-14 09:48:23","2023-08-14 10:35:54",1
9190,679322,Amminikkad,Perinthalmanna,Malappuram,7,"2023-08-14 09:48:23","2023-08-14 10:35:54",1
9193,679322,Ponniyakurissi,Perinthalmanna,Malappuram,7,"2023-08-14 09:48:23","2023-08-14 10:35:54",1
9196,679322,Talekode,Perintalmanna,Malappuram,7,"2023-08-14 09:48:23","2023-08-14 10:35:54",1
9199,679322,"Talekode West",Perinthalmanna,Malappuram,7,"2023-08-14 09:48:23","2023-08-14 10:35:54",1
9202,679322,Mattarakkal,Perintalmanna,Malappuram,7,"2023-08-14 09:48:23","2023-08-14 10:35:54",1
9205,679322,Pathaikara,Perintalmanna,Malappuram,7,"2023-08-14 09:48:23","2023-08-14 10:35:54",1
9208,679322,Arkkuparamba,Perinthalmanna,Malappuram,7,"2023-08-14 09:48:23","2023-08-14 10:35:54",1
9211,679322,"Perintalmanna Bazar",Perinthalmanna,Malappuram,7,"2023-08-14 09:48:23","2023-08-14 10:35:54",1
9214,679322,Kunnappally,Perintalmanna,Malappuram,7,"2023-08-14 09:48:23","2023-08-14 10:35:54",1
9217,679323,Chemmalasseri,Perinthalmanna,Malappuram,7,"2023-08-14 09:48:23","2023-08-14 10:35:54",1
9220,679323,Pulamanthole,Perintalmanna,Malappuram,7,"2023-08-14 09:48:23","2023-08-14 10:35:54",1
9223,679323,Chelakkad,Perinthalmanna,Malappuram,7,"2023-08-14 09:48:23","2023-08-14 10:35:54",1
9226,679323,Valapuram,Perinthalmanna,Malappuram,7,"2023-08-14 09:48:23","2023-08-14 10:35:54",1
9229,679324,Vellila,Perinthalmanna,Malappuram,7,"2023-08-14 09:48:23","2023-08-14 10:35:54",1
9232,679324,"Mankada Pallippuram",Perinthalmanna,Malappuram,7,"2023-08-14 09:48:23","2023-08-14 10:35:54",1
9235,679324,Vallikkapatta,Perinthalmanna,Malappuram,7,"2023-08-14 09:48:23","2023-08-14 10:35:54",1
9238,679324,Mankada,Perintalmanna,Malappuram,7,"2023-08-14 09:48:23","2023-08-14 10:35:54",1
9241,679324,Koottil,Perinthalmanna,Malappuram,7,"2023-08-14 09:48:23","2023-08-14 10:35:54",1
9244,679324,Kadannamanna,Perinthalmanna,Malappuram,7,"2023-08-14 09:48:23","2023-08-14 10:35:54",1
9247,679324,Vadakkangara,Perintalmanna,Malappuram,7,"2023-08-14 09:48:23","2023-08-14 10:35:54",1
9250,679325,Vengoor,Perinthalmanna,Malappuram,7,"2023-08-14 09:48:23","2023-08-14 10:35:54",1
9253,679325,Pattikkad,Perintalmanna,Malappuram,7,"2023-08-14 09:48:23","2023-08-14 10:35:54",1
9256,679325,Valambur,Perintalmanna,Malappuram,7,"2023-08-14 09:48:23","2023-08-14 10:35:54",1
9259,679325,Mannarmala,Perinthalmanna,Malappuram,7,"2023-08-14 09:48:23","2023-08-14 10:35:54",1
9262,679325,Thelakkad,Perinthalmanna,Malappuram,7,"2023-08-14 09:48:23","2023-08-14 10:35:54",1
9265,679325,Poonthavanam,Perinthalmanna,Malappuram,7,"2023-08-14 09:48:23","2023-08-14 10:35:54",1
9268,679325,Thachinganadam,Perintalmanna,Malappuram,7,"2023-08-14 09:48:23","2023-08-14 10:35:54",1
9271,679325,Kizhattur,Perintalmanna,Malappuram,7,"2023-08-14 09:48:23","2023-08-14 10:35:54",1
9274,679325,Chemmaniyode,Perinthalmanna,Malappuram,7,"2023-08-14 09:48:23","2023-08-14 10:35:54",1
9277,679326,Velliyanchery,Perinthalmanna,Malappuram,7,"2023-08-14 09:48:23","2023-08-14 10:35:54",1
9280,679326,Vettathur,Perintalmanna,Malappuram,7,"2023-08-14 09:48:23","2023-08-14 10:35:54",1
9283,679326,Padirikode,Perinthalmanna,Malappuram,7,"2023-08-14 09:48:23","2023-08-14 10:35:54",1
9286,679326,Kizhakkumpadam,Perinthalmanna,Malappuram,7,"2023-08-14 09:48:23","2023-08-14 10:35:54",1
9289,679326,"Melattur (Malappuram)",Perintalmanna,Malappuram,7,"2023-08-14 09:48:23","2023-08-14 10:35:54",1
9292,679326,Edapatta,Perintalmanna,Malappuram,7,"2023-08-14 09:48:23","2023-08-14 10:35:54",1
9295,679326,Edayattur,Perinthalmanna,Malappuram,7,"2023-08-14 09:48:23","2023-08-14 10:35:54",1
9298,679327,Vellayur,Nilambur,Malappuram,7,"2023-08-14 09:48:23","2023-08-14 10:35:54",1
9301,679327,Tuvvur,Nilambur,Malappuram,7,"2023-08-14 09:48:23","2023-08-14 10:35:54",1
9304,679327,Poongode,Nilambur,Malappuram,7,"2023-08-14 09:48:23","2023-08-14 10:35:54",1
9307,679327,Poolamanna,Ernad,Malappuram,7,"2023-08-14 09:48:23","2023-08-14 10:35:54",1
9310,679327,Palakkalvetta,Nilambur,Malappuram,7,"2023-08-14 09:48:23","2023-08-14 10:35:54",1
9313,679327,"Chembrasseri East",Ernad,Malappuram,7,"2023-08-14 09:48:23","2023-08-14 10:35:54",1
9316,679328,Wandoor,Nilambur,Malappuram,7,"2023-08-14 09:48:23","2023-08-14 10:35:54",1
9319,679328,Punnappala,Nilambur,Malappuram,7,"2023-08-14 09:48:23","2023-08-14 10:35:54",1
9322,679328,Chathangottupuram,Nilambur,Malappuram,7,"2023-08-14 09:48:23","2023-08-14 10:35:54",1
9325,679328,Kappil,Nilambur,Malappuram,7,"2023-08-14 09:48:23","2023-08-14 10:35:54",1
9328,679328,Naduvath,Nilambur,Malappuram,7,"2023-08-14 09:48:23","2023-08-14 10:35:54",1
9331,679329,Aurvacode,Nilambur,Malappuram,7,"2023-08-14 09:48:23","2023-08-14 10:35:54",1
9334,679329,Nilambur,Nilambur,Malappuram,7,"2023-08-14 09:48:23","2023-08-14 10:35:54",1
9337,679329,Eranhimangad,Nilambur,Malappuram,7,"2023-08-14 09:48:23","2023-08-14 10:35:54",1
9340,679329,Chandakkunnu,Nilambur,Malappuram,7,"2023-08-14 09:48:23","2023-08-14 10:35:54",1
9343,679329,Edivanna,Nilambur,Malappuram,7,"2023-08-14 09:48:23","2023-08-14 10:35:54",1
9346,679330,Nallanthanni,Nilambur,Malappuram,7,"2023-08-14 09:48:23","2023-08-14 10:35:54",1
9349,679330,Palengara,Nilambur,Malappuram,7,"2023-08-14 09:48:23","2023-08-14 10:35:54",1
9352,679330,Ramankuth,Nilambur,Malappuram,7,"2023-08-14 09:48:23","2023-08-14 10:35:54",1
9355,679330,Karulai,Nilambur,Malappuram,7,"2023-08-14 09:48:23","2023-08-14 10:35:54",1
9358,679330,"Nilambur RS",Nilambur,Malappuram,7,"2023-08-14 09:48:23","2023-08-14 10:35:54",1
9361,679331,Munda,Nilambur,Malappuram,7,"2023-08-14 09:48:23","2023-08-14 10:35:54",1
9364,679331,Palemad,Nilambur,Malappuram,7,"2023-08-14 09:48:23","2023-08-14 10:35:54",1
9367,679331,Theyyathumpadam,Nilambur,Malappuram,7,"2023-08-14 09:48:23","2023-08-14 10:35:54",1
9370,679331,Karapuram,Nilambur,Malappuram,7,"2023-08-14 09:48:23","2023-08-14 10:35:54",1
9373,679331,Moothedam,Nilambur,Malappuram,7,"2023-08-14 09:48:23","2023-08-14 10:35:54",1
9376,679331,Edakkara-nilambur,Nilambur,Malappuram,7,"2023-08-14 09:48:23","2023-08-14 10:35:54",1
9379,679331,Kunnummalpotti,Nilambur,Malappuram,7,"2023-08-14 09:48:23","2023-08-14 10:35:54",1
9382,679331,Modapoika,Nilambur,Malappuram,7,"2023-08-14 09:48:23","2023-08-14 10:35:54",1
9385,679332,Chokkad,Nilambur,Malappuram,7,"2023-08-14 09:48:23","2023-08-14 10:35:54",1
9388,679332,Kavalamukkatta,Nilambur,Malappuram,7,"2023-08-14 09:48:23","2023-08-14 10:35:54",1
9391,679332,Chettippadam,Nilambur,Malappuram,7,"2023-08-14 09:48:23","2023-08-14 10:35:54",1
9394,679332,Mampattumoola,Nilambur,Malappuram,7,"2023-08-14 09:48:23","2023-08-14 10:35:54",1
9397,679332,Amarambalam,Nilambur,Malappuram,7,"2023-08-14 09:48:23","2023-08-14 10:35:54",1
9400,679332,Mannathipoyil,Nilambur,Malappuram,7,"2023-08-14 09:48:23","2023-08-14 10:35:54",1
9403,679332,Pookkottumpadam,Nilambur,Malappuram,7,"2023-08-14 09:48:23","2023-08-14 10:35:54",1
9406,679332,Chulliyode,Nilambur,Malappuram,7,"2023-08-14 09:48:23","2023-08-14 10:35:54",1
9409,679332,T.K.Colony,Nilambur,Malappuram,7,"2023-08-14 09:48:23","2023-08-14 10:35:54",1
9412,679333,Kambalakallu,Nilambur,Malappuram,7,"2023-08-14 09:48:23","2023-08-14 10:35:54",1
9415,679333,Karakkode,Nilambur,Malappuram,7,"2023-08-14 09:48:23","2023-08-14 10:35:54",1
9418,679333,Nambooripotty,Nilambur,Malappuram,7,"2023-08-14 09:48:23","2023-08-14 10:35:54",1
9421,679333,Marutha,Nilambur,Malappuram,7,"2023-08-14 09:48:23","2023-08-14 10:35:54",1
9424,679333,Vazhikkadavu,Nilambur,Malappuram,7,"2023-08-14 09:48:23","2023-08-14 10:35:54",1
9427,679333,Manimooly,Nilambur,Malappuram,7,"2023-08-14 09:48:23","2023-08-14 10:35:54",1
9430,679334,Uppada,Nilambur,Malappuram,7,"2023-08-14 09:48:23","2023-08-14 10:35:54",1
9433,679334,Pathar,Nilambur,Malappuram,7,"2023-08-14 09:48:23","2023-08-14 10:35:54",1
9436,679334,Erumamunda,Nilambur,Malappuram,7,"2023-08-14 09:48:23","2023-08-14 10:35:54",1
9439,679334,Kurumbalangode,Nilambur,Malappuram,7,"2023-08-14 09:48:23","2023-08-14 10:35:54",1
9442,679334,"Bhoodan Colony",Nilambur,Malappuram,7,"2023-08-14 09:48:24","2023-08-14 10:35:54",1
9445,679334,Chungathara,Nilambur,Malappuram,7,"2023-08-14 09:48:24","2023-08-14 10:35:54",1
9448,679334,Munderi,Nilambur,Malappuram,7,"2023-08-14 09:48:24","2023-08-14 10:35:54",1
9451,679334,Padiripadam,Nilambur,Malappuram,7,"2023-08-14 09:48:24","2023-08-14 10:35:54",1
9454,679334,Pallikuth,Nilambur,Malappuram,7,"2023-08-14 09:48:25","2023-08-14 10:35:54",1
9457,679334,Pookottumanna,Nilambur,Malappuram,7,"2023-08-14 09:48:25","2023-08-14 10:35:54",1
9460,679338,Moorkkanad,Perintalmanna,Malappuram,7,"2023-08-14 09:48:25","2023-08-14 10:35:54",1
9463,679338,Panga,Perintalmanna,Malappuram,7,"2023-08-14 09:48:26","2023-08-14 10:35:54",1
9466,679338,Palachode,Perinthalmanna,Malappuram,7,"2023-08-14 09:48:26","2023-08-14 10:35:54",1
9469,679338,"Panga Chendy",Perinthalmanna,Malappuram,7,"2023-08-14 09:48:27","2023-08-14 10:35:54",1
9472,679338,"Panga South",Perinthalmanna,Malappuram,7,"2023-08-14 09:48:27","2023-08-14 10:35:54",1
9475,679338,Vengad,Perinthalmanna,Malappuram,7,"2023-08-14 09:48:27","2023-08-14 10:35:54",1
9478,679338,Kuruvambalam,Perintalmanna,Malappuram,7,"2023-08-14 09:48:28","2023-08-14 10:35:54",1
9481,679338,Kolathur-MLP,Perinthalmanna,Malappuram,7,"2023-08-14 09:48:28","2023-08-14 10:35:54",1
9484,679339,"Amarambalam South",Nilambur,Malappuram,7,"2023-08-14 09:48:29","2023-08-14 10:35:54",1
9487,679339,Karad,Nilambur,Malappuram,7,"2023-08-14 09:48:30","2023-08-14 10:35:54",1
9490,679339,Koorad,Nilambur,Malappuram,7,"2023-08-14 09:48:31","2023-08-14 10:35:54",1
9493,679339,Porur,Ernad,Malappuram,7,"2023-08-14 09:48:31","2023-08-14 10:35:54",1
9496,679339,Vadakkumpadam,Nilambur,Malappuram,7,"2023-08-14 09:48:32","2023-08-14 10:35:54",1
9499,679339,Vaniyambalam,Nilambur,Malappuram,7,"2023-08-14 09:48:32","2023-08-14 10:35:54",1
9502,679340,Eravimangalam,Perinthalmanna,Malappuram,7,"2023-08-14 09:48:33","2023-08-14 10:35:54",1
9505,679340,Palathole,Perinthalmanna,Malappuram,7,"2023-08-14 09:48:33","2023-08-14 10:35:54",1
9508,679340,Elad,Perinthalmanna,Malappuram,7,"2023-08-14 09:48:34","2023-08-14 10:35:54",1
9511,679340,Kunnakkavu,Perinthalmanna,Malappuram,7,"2023-08-14 09:48:34","2023-08-14 10:35:54",1
9514,679340,Cherukara,Perintalmanna,Malappuram,7,"2023-08-14 09:48:34","2023-08-14 10:35:54",1
9517,679357,Vazhenkada,Perinthalmanna,Malappuram,7,"2023-08-14 09:48:34","2023-08-14 10:35:54",1
9520,679357,Thootha,Perinthalmanna,Malappuram,7,"2023-08-14 09:48:34","2023-08-14 10:35:54",1
9523,679357,Anamangad,Perintalmanna,Malappuram,7,"2023-08-14 09:48:35","2023-08-14 10:35:54",1
9526,679357,Valamkulam,Perinthalmanna,Malappuram,7,"2023-08-14 09:48:35","2023-08-14 10:35:54",1
9529,679357,Aliparamba,Perintalmanna,Malappuram,7,"2023-08-14 09:48:35","2023-08-14 10:35:54",1
9532,679357,Manalaya,Perinthalmanna,Malappuram,7,"2023-08-14 09:48:35","2023-08-14 10:35:54",1
9535,679571,Kuttippuram,Tirur,Malappuram,7,"2023-08-14 09:48:35","2023-08-14 10:35:54",1
9538,679571,Payinkanniyur,Tirur,Malappuram,7,"2023-08-14 09:48:35","2023-08-14 10:35:54",1
9541,679571,Pazhur,Tirur,Malappuram,7,"2023-08-14 09:48:35","2023-08-14 10:35:54",1
9544,679571,Perasannur,Tirur,Malappuram,7,"2023-08-14 09:48:36","2023-08-14 10:35:54",1
9547,679571,Karthala,Tirur,Malappuram,7,"2023-08-14 09:48:36","2023-08-14 10:35:54",1
9550,679571,Naduvattom,Tirur,Malappuram,7,"2023-08-14 09:48:36","2023-08-14 10:35:54",1
9553,679572,Irimbiliyam,Tirur,Malappuram,7,"2023-08-14 09:48:36","2023-08-14 10:35:54",1
9556,679573,Athalur,Ponnani,Malappuram,7,"2023-08-14 09:48:37","2023-08-14 10:35:54",1
9559,679573,Iswaramangalam,Ponani,Malappuram,7,"2023-08-14 09:48:37","2023-08-14 10:35:54",1
9562,679573,Trikkanapuram,Ponnani,Malappuram,7,"2023-08-14 09:48:37","2023-08-14 10:35:54",1
9565,679573,Tavanur,Ponani,Malappuram,7,"2023-08-14 09:48:37","2023-08-14 10:35:54",1
9568,679573,Ayankalam,Ponnani,Malappuram,7,"2023-08-14 09:48:37","2023-08-14 10:35:54",1
9571,679573,Nariparamba,Ponnani,Malappuram,7,"2023-08-14 09:48:37","2023-08-14 10:35:54",1
9574,679574,Pidavannur,Ponnani,Malappuram,7,"2023-08-14 09:48:37","2023-08-14 10:35:54",1
9577,679574,Mookkuthala,Ponnani,Malappuram,7,"2023-08-14 09:48:37","2023-08-14 10:35:54",1
9580,679575,Cheruvallur,Ponnani,Malappuram,7,"2023-08-14 09:48:37","2023-08-14 10:35:54",1
9583,679575,Nannamukku,Ponani,Malappuram,7,"2023-08-14 09:48:37","2023-08-14 10:35:54",1
9586,679575,"Nannamukku South",Ponnani,Malappuram,7,"2023-08-14 09:48:37","2023-08-14 10:35:54",1
9589,679576,Edapal,Ponani,Malappuram,7,"2023-08-14 09:48:37","2023-08-14 10:35:54",1
9592,679576,Sugapuram,Ponnani,Malappuram,7,"2023-08-14 09:48:37","2023-08-14 10:35:54",1
9595,679576,Ayilakkad,Ponnani,Malappuram,7,"2023-08-14 09:48:37","2023-08-14 10:35:54",1
9598,679576,Kololamba,Ponnani,Malappuram,7,"2023-08-14 09:48:37","2023-08-14 10:35:54",1
9601,679576,Perumparamba,Ponnani,Malappuram,7,"2023-08-14 09:48:37","2023-08-14 10:35:54",1
9604,679576,Biyyam,Ponani,Malappuram,7,"2023-08-14 09:48:38","2023-08-14 10:35:54",1
9607,679576,Polpakara,Ponnani,Malappuram,7,"2023-08-14 09:48:38","2023-08-14 10:35:54",1
9610,679577,Ponani,Ponnani,Malappuram,7,"2023-08-14 09:48:38","2023-08-14 10:35:54",1
9613,679578,Vattamkulam,Ponani,Malappuram,7,"2023-08-14 09:48:38","2023-08-14 10:35:54",1
9616,679578,Mudur,Ponnani,Malappuram,7,"2023-08-14 09:48:38","2023-08-14 10:35:54",1
9619,679579,Gramam,Ponnani,Malappuram,7,"2023-08-14 09:48:38","2023-08-14 10:35:54",1
9622,679579,Veliankode,Ponani,Malappuram,7,"2023-08-14 09:48:38","2023-08-14 10:35:54",1
9625,679579,Pazhanji-mlp,Ponnani,Malappuram,7,"2023-08-14 09:48:38","2023-08-14 10:35:54",1
9628,679579,Palapetty,Ponnani,Malappuram,7,"2023-08-14 09:48:38","2023-08-14 10:35:54",1
9631,679580,Ayirur,Ponnani,Malappuram,7,"2023-08-14 09:48:38","2023-08-14 10:35:54",1
9634,679580,Perumbadappu,Ponani,Malappuram,7,"2023-08-14 09:48:38","2023-08-14 10:35:54",1
9637,679581,Marancheri,Ponani,Malappuram,7,"2023-08-14 09:48:38","2023-08-14 10:35:54",1
9640,679582,Kadancheri,Ponnani,Malappuram,7,"2023-08-14 09:48:38","2023-08-14 10:35:54",1
9643,679582,Kaladi-MLP,Ponani,Malappuram,7,"2023-08-14 09:48:40","2023-08-14 10:35:54",1
9646,679583,"Ponani Nagaram",Ponnani,Malappuram,7,"2023-08-14 09:48:40","2023-08-14 10:35:54",1
9649,679584,Kanhiramukku,Ponnani,Malappuram,7,"2023-08-14 09:48:40","2023-08-14 10:35:54",1
9652,679584,Puranga,Ponnani,Malappuram,7,"2023-08-14 09:48:40","2023-08-14 10:35:54",1
9655,679584,Karukathiruthy,Ponani,Malappuram,7,"2023-08-14 09:48:40","2023-08-14 10:35:54",1
9658,679585,Alankode,Ponani,Malappuram,7,"2023-08-14 09:48:40","2023-08-14 10:35:54",1
9661,679586,"Ponani South",Ponnani,Malappuram,7,"2023-08-14 09:48:41","2023-08-14 10:35:54",1
9664,679586,Kadavanad,Ponani,Malappuram,7,"2023-08-14 09:48:41","2023-08-14 10:35:54",1
9667,679587,Eramangalam,Ponnani,Malappuram,7,"2023-08-14 09:48:41","2023-08-14 10:35:54",1
9670,679591,Kokkur,Ponnani,Malappuram,7,"2023-08-14 09:48:41","2023-08-14 10:35:54",1
9673,679591,"Othalur West",Ponnani,Malappuram,7,"2023-08-14 09:48:42","2023-08-14 10:35:54",1
9676,678001,Palakkad,Palakkad,Palakkad,2,"2023-08-14 09:48:42","2023-08-14 10:35:54",1
9679,678001,"Palakkad College",Palakkad,Palakkad,2,"2023-08-14 09:48:42","2023-08-14 10:35:54",1
9682,678001,"Palakkad Fort",Palakkad,Palakkad,2,"2023-08-14 09:48:42","2023-08-14 10:35:54",1
9685,678001,"Palakkad Collectorate",Palakkad,Palakkad,2,"2023-08-14 09:48:43","2023-08-14 10:35:54",1
9688,678002,Olavakkot,Palakkad,Palakkad,2,"2023-08-14 09:48:43","2023-08-14 10:35:54",1
9691,678003,Newkalpathy,Palakkad,Palakkad,2,"2023-08-14 09:48:43","2023-08-14 10:35:54",1
9694,678003,Kalpathi,Palakkad,Palakkad,2,"2023-08-14 09:48:44","2023-08-14 10:35:54",1
9697,678004,Koduntharapully,Palakkad,Palakkad,2,"2023-08-14 09:48:44","2023-08-14 10:35:54",1
9700,678004,Tirunilayi,Palakkad,Palakkad,2,"2023-08-14 09:48:44","2023-08-14 10:35:54",1
9703,678004,Pirayiri,Palakkad,Palakkad,2,"2023-08-14 09:48:44","2023-08-14 10:35:54",1
9706,678004,Nurani,Palakkad,Palakkad,2,"2023-08-14 09:48:44","2023-08-14 10:35:54",1
9709,678004,"Nurani Agraharam",Palakkad,Palakkad,2,"2023-08-14 09:48:44","2023-08-14 10:35:54",1
9712,678005,Chokkanathapuram,Palakkad,Palakkad,2,"2023-08-14 09:48:44","2023-08-14 10:35:54",1
9715,678005,Kallepulli,Palakkad,Palakkad,2,"2023-08-14 09:48:45","2023-08-14 10:35:54",1
9718,678005,Puthur-palakkad,Palakkad,Palakkad,2,"2023-08-14 09:48:45","2023-08-14 10:35:54",1
9721,678006,"Pallipuram PG",Palakkad,Palakkad,2,"2023-08-14 09:48:45","2023-08-14 10:35:54",1
9724,678006,Kallekkad,Palakkad,Palakkad,2,"2023-08-14 09:48:45","2023-08-14 10:35:54",1
9727,678007,Chandranagar,Palakkad,Palakkad,2,"2023-08-14 09:48:45","2023-08-14 10:35:54",1
9730,678007,Marudarode,Palakkad,Palakkad,2,"2023-08-14 09:48:45","2023-08-14 10:35:54",1
9733,678007,Pallatheri,Palakkad,Palakkad,2,"2023-08-14 09:48:45","2023-08-14 10:35:54",1
9736,678008,Akathethara,Palakkad,Palakkad,2,"2023-08-14 09:48:45","2023-08-14 10:35:54",1
9739,678008,"Palakkad Engineering College",Palakkad,Palakkad,2,"2023-08-14 09:48:45","2023-08-14 10:35:54",1
9742,678009,Dhoni,Palakkad,Palakkad,2,"2023-08-14 09:48:45","2023-08-14 10:35:54",1
9745,678009,Kallekulangara,Palakkad,Palakkad,2,"2023-08-14 09:48:45","2023-08-14 10:35:54",1
9748,678010,Sekharipuram,Palakkad,Palakkad,2,"2023-08-14 09:48:45","2023-08-14 10:35:54",1
9751,678011,"Ambikapuram (Palakkad)",Palakkad,Palakkad,2,"2023-08-14 09:48:46","2023-08-14 10:35:54",1
9754,678012,Moothanthara,Palakkad,Palakkad,2,"2023-08-14 09:48:46","2023-08-14 10:35:54",1
9757,678012,Vadakanthara,Palakkad,Palakkad,2,"2023-08-14 09:48:46","2023-08-14 10:35:54",1
9760,678012,Kavalpad,Palakkad,Palakkad,2,"2023-08-14 09:48:46","2023-08-14 10:35:54",1
9763,678013,Kunnathurmedu,Palakkad,Palakkad,2,"2023-08-14 09:48:47","2023-08-14 10:35:54",1
9766,678014,"Palakkad City",Palakkad,Palakkad,2,"2023-08-14 09:48:48","2023-08-14 10:35:54",1
9769,678101,"Chittur Courts",Chittur,Palakkad,2,"2023-08-14 09:48:48","2023-08-14 10:35:54",1
9772,678101,"Chittur PG",Palakkad,Palakkad,2,"2023-08-14 09:48:48","2023-08-14 10:35:54",1
9775,678101,Kunnamkattupathy,Chittur,Palakkad,2,"2023-08-14 09:48:48","2023-08-14 10:35:54",1
9778,678101,Kuttipallam,Chittur,Palakkad,2,"2023-08-14 09:48:48","2023-08-14 10:35:54",1
9781,678102,Tattamangalam,Chittur,Palakkad,2,"2023-08-14 09:48:48","2023-08-14 10:35:54",1
9784,678102,"Tattamangalam South",Chittur,Palakkad,2,"2023-08-14 09:48:48","2023-08-14 10:35:54",1
9787,678102,Chenthamaranagar,Chittur,Palakkad,2,"2023-08-14 09:48:48","2023-08-14 10:35:54",1
9790,678103,Vilayodi,Chittur,Palakkad,2,"2023-08-14 09:48:48","2023-08-14 10:35:54",1
9793,678103,Thekkegramam,Chittur,Palakkad,2,"2023-08-14 09:48:48","2023-08-14 10:35:54",1
9796,678104,"Chittur College",Palakkad,Palakkad,2,"2023-08-14 09:48:48","2023-08-14 10:35:54",1
9799,678501,Koduvayur,Palakkad,Palakkad,2,"2023-08-14 09:48:48","2023-08-14 10:35:54",1
9802,678501,"Koduvayur Agraharam",Chittur,Palakkad,2,"2023-08-14 09:48:48","2023-08-14 10:35:54",1
9805,678501,Thannisseri,Palakkad,Palakkad,2,"2023-08-14 09:48:48","2023-08-14 10:35:54",1
9808,678502,Vemballur,Alatur,Palakkad,2,"2023-08-14 09:48:48","2023-08-14 10:35:54",1
9811,678502,Mannalur,Palakkad,Palakkad,2,"2023-08-14 09:48:48","2023-08-14 10:35:54",1
9814,678502,Ettanur,Chittur,Palakkad,2,"2023-08-14 09:48:48","2023-08-14 10:35:54",1
9817,678503,Karippode,Palakkad,Palakkad,2,"2023-08-14 09:48:48","2023-08-14 10:35:54",1
9820,678503,Pudunagaram,Palakkad,Palakkad,2,"2023-08-14 09:48:48","2023-08-14 10:35:54",1
9823,678504,Vadavannur,Chittur,Palakkad,2,"2023-08-14 09:48:49","2023-08-14 10:35:54",1
9826,678505,Pallassana,Chittur,Palakkad,2,"2023-08-14 09:48:49","2023-08-14 10:35:54",1
9829,678506,Payyalur,Chittur,Palakkad,2,"2023-08-14 09:48:49","2023-08-14 10:35:54",1
9832,678506,Nenmeni,Chittur,Palakkad,2,"2023-08-14 09:48:49","2023-08-14 10:35:54",1
9835,678506,Vattekkad,Chittur,Palakkad,2,"2023-08-14 09:48:49","2023-08-14 10:35:54",1
9838,678506,Anamari,Chittur,Palakkad,2,"2023-08-14 09:48:50","2023-08-14 10:35:54",1
9841,678506,Kollengode,Chittur,Palakkad,2,"2023-08-14 09:48:50","2023-08-14 10:35:54",1
9844,678506,"Kollengode West",Chittur,Palakkad,2,"2023-08-14 09:48:50","2023-08-14 10:35:54",1
9847,678506,"Kollengode R.S.",Chittur,Palakkad,2,"2023-08-14 09:48:50","2023-08-14 10:35:54",1
9850,678506,Alampallam,Chittur,Palakkad,2,"2023-08-14 09:48:50","2023-08-14 10:35:54",1
9853,678506,Panangattiri,Chittur,Palakkad,2,"2023-08-14 09:48:50","2023-08-14 10:35:54",1
9856,678507,Muthalamada,Chittur,Palakkad,2,"2023-08-14 09:48:50","2023-08-14 10:35:54",1
9859,678507,"Meenkara Dam",Chittur,Palakkad,2,"2023-08-14 09:48:50","2023-08-14 10:35:54",1
9862,678507,Govindapuram,Alathur,Palakkad,2,"2023-08-14 09:48:50","2023-08-14 10:35:54",1
9865,678508,Elavancheri,Chittur,Palakkad,2,"2023-08-14 09:48:50","2023-08-14 10:35:54",1
9868,678508,Padagiri,Chittur,Palakkad,2,"2023-08-14 09:48:50","2023-08-14 10:35:54",1
9871,678508,Sitharkunda,Chittur,Palakkad,2,"2023-08-14 09:48:50","2023-08-14 10:35:54",1
9874,678508,Nemmara,Chittur,Palakkad,2,"2023-08-14 09:48:50","2023-08-14 10:35:54",1
9877,678508,Vallanghy,Chittur,Palakkad,2,"2023-08-14 09:48:51","2023-08-14 10:35:54",1
9880,678508,"Pothundy Dam",Chittur,Palakkad,2,"2023-08-14 09:48:51","2023-08-14 10:35:54",1
9883,678508,"Nemmara College",Chittur,Palakkad,2,"2023-08-14 09:48:51","2023-08-14 10:35:54",1
9886,678508,Kanimangalam,Chittur,Palakkad,2,"2023-08-14 09:48:51","2023-08-14 10:35:54",1
9889,678508,"Nemmara Old Village",Chittur,Palakkad,2,"2023-08-14 09:48:51","2023-08-14 10:35:54",1
9892,678508,Kizhakkumuri,Chittur,Palakkad,2,"2023-08-14 09:48:51","2023-08-14 10:35:54",1
9895,678508,Nelliampathy,Chittur,Palakkad,2,"2023-08-14 09:48:51","2023-08-14 10:35:54",1
9898,678508,Chathamangalam,Chittur,Palakkad,2,"2023-08-14 09:48:51","2023-08-14 10:35:54",1
9901,678508,"Chandramala Estate",Chittur,Palakkad,2,"2023-08-14 09:48:52","2023-08-14 10:35:54",1
9904,678510,Kairady,Alatur,Palakkad,2,"2023-08-14 09:48:52","2023-08-14 10:35:54",1
9907,678510,Ayalur,Chittur,Palakkad,2,"2023-08-14 09:48:52","2023-08-14 10:35:54",1
9910,678510,Thiruvaliad,Alatur,Palakkad,2,"2023-08-14 09:48:52","2023-08-14 10:35:54",1
9913,678512,Kakkayur,Chittur,Palakkad,2,"2023-08-14 09:48:52","2023-08-14 10:35:54",1
9916,678531,Peruvemba,Palakkad,Palakkad,2,"2023-08-14 09:48:52","2023-08-14 10:35:54",1
9919,678532,Karippali,Chittur,Palakkad,2,"2023-08-14 09:48:52","2023-08-14 10:35:54",1
9922,678532,Pattancheri,Palakkad,Palakkad,2,"2023-08-14 09:48:52","2023-08-14 10:35:54",1
9925,678533,Meenakshipuram,Chittur,Palakkad,2,"2023-08-14 09:48:52","2023-08-14 10:35:54",1
9928,678534,Nanniode,Chittur,Palakkad,2,"2023-08-14 09:48:52","2023-08-14 10:35:54",1
9931,678534,Kannimari,Chittur,Palakkad,2,"2023-08-14 09:48:52","2023-08-14 10:35:54",1
9934,678534,Vandithavalam,Chittur,Palakkad,2,"2023-08-14 09:48:52","2023-08-14 10:35:54",1
9937,678541,"Alathur Mbr",Alathur,Palakkad,2,"2023-08-14 09:48:52","2023-08-14 10:35:54",1
9940,678542,Kattusseri,Alatur,Palakkad,2,"2023-08-14 09:48:52","2023-08-14 10:35:54",1
9943,678542,Perinkulam,Alathur,Palakkad,2,"2023-08-14 09:48:52","2023-08-14 10:35:54",1
9946,678543,Padur-Kavasseri,Alathur,Palakkad,2,"2023-08-14 09:48:52","2023-08-14 10:35:54",1
9949,678543,Kavasseri,Alathur,Palakkad,2,"2023-08-14 09:48:52","2023-08-14 10:35:54",1
9952,678543,Kazhani,Alathur,Palakkad,2,"2023-08-14 09:48:52","2023-08-14 10:35:54",1
9955,678543,Vavulliapuram,Alathur,Palakkad,2,"2023-08-14 09:48:52","2023-08-14 10:35:54",1
9958,678544,Tarur,Alathur,Palakkad,2,"2023-08-14 09:48:52","2023-08-14 10:35:54",1
9961,678544,Palampalakode,Alathur,Palakkad,2,"2023-08-14 09:48:52","2023-08-14 10:35:54",1
9964,678544,Athipotta,Alathur,Palakkad,2,"2023-08-14 09:48:52","2023-08-14 10:35:54",1
9967,678545,Pudiyankam,Alathur,Palakkad,2,"2023-08-14 09:48:52","2023-08-14 10:35:54",1
9970,678545,Pullode,Alathur,Palakkad,2,"2023-08-14 09:48:52","2023-08-14 10:35:54",1
9973,678546,Erimayur,Alathur,Palakkad,2,"2023-08-14 09:48:52","2023-08-14 10:35:54",1
9976,678551,Karingarapully,Palakkad,Palakkad,2,"2023-08-14 09:48:52","2023-08-14 10:35:54",1
9979,678551,Kotambu,Palakkad,Palakkad,2,"2023-08-14 09:48:52","2023-08-14 10:35:54",1
9982,678551,Thiruvalathur,Palakkad,Palakkad,2,"2023-08-14 09:48:52","2023-08-14 10:35:54",1
9985,678551,Olasseri,Palakkad,Palakkad,2,"2023-08-14 09:48:52","2023-08-14 10:35:54",1
9988,678552,Panayur,Palakkad,Palakkad,2,"2023-08-14 09:48:52","2023-08-14 10:35:54",1
9991,678552,Polpulli,Palakkad,Palakkad,2,"2023-08-14 09:48:52","2023-08-14 10:35:54",1
9994,678552,Verkoli,Chittur,Palakkad,2,"2023-08-14 09:48:52","2023-08-14 10:35:54",1
9997,678553,Nallepilly,Chittur,Palakkad,2,"2023-08-14 09:48:52","2023-08-14 10:35:54",1
10000,678553,Thekkedesam,Chittur,Palakkad,2,"2023-08-14 09:48:52","2023-08-14 10:35:54",1
10003,678554,Athicode,Chittur,Palakkad,2,"2023-08-14 09:48:52","2023-08-14 10:35:54",1
10006,678554,Nattukal,Chittur,Palakkad,2,"2023-08-14 09:48:52","2023-08-14 10:35:54",1
10009,678555,Kozhinjampara,Palakkad,Palakkad,2,"2023-08-14 09:48:52","2023-08-14 10:35:54",1
10012,678555,"Rvp Pudur",Chittur,Palakkad,2,"2023-08-14 09:48:52","2023-08-14 10:35:54",1
10015,678555,Vannamada,Palakkad,Palakkad,2,"2023-08-14 09:48:52","2023-08-14 10:35:54",1
10018,678555,Eruttenpadi,Chittur,Palakkad,2,"2023-08-14 09:48:52","2023-08-14 10:35:54",1
10021,678555,Palaniyarpalayam,Chittur,Palakkad,2,"2023-08-14 09:48:52","2023-08-14 10:35:54",1
10024,678556,Attempathy,Chittur,Palakkad,2,"2023-08-14 09:48:52","2023-08-14 10:35:54",1
10027,678556,Parassikkal,Chittur,Palakkad,2,"2023-08-14 09:48:52","2023-08-14 10:35:54",1
10030,678556,Eduppukulam,Palakkad,Palakkad,2,"2023-08-14 09:48:52","2023-08-14 10:35:54",1
10033,678556,Menonpara,Palakkad,Palakkad,2,"2023-08-14 09:48:52","2023-08-14 10:35:54",1
10036,678557,Kozhipara,Chittur,Palakkad,2,"2023-08-14 09:48:52","2023-08-14 10:35:54",1
10039,678557,Olalapadi,Chittur,Palakkad,2,"2023-08-14 09:48:52","2023-08-14 10:35:54",1
10042,678557,Velanthavalam,Chittur,Palakkad,2,"2023-08-14 09:48:52","2023-08-14 10:35:54",1
10045,678571,Thachangad,Alatur,Palakkad,2,"2023-08-14 09:48:52","2023-08-14 10:35:54",1
10048,678571,"Mathur Agraharam",Alathur,Palakkad,2,"2023-08-14 09:48:52","2023-08-14 10:35:54",1
10051,678571,Pallanchathanur,Alathur,Palakkad,2,"2023-08-14 09:48:52","2023-08-14 10:35:54",1
10054,678571,"Mathur PG",Alathur,Palakkad,2,"2023-08-14 09:48:52","2023-08-14 10:35:54",1
10057,678572,Cherukulam,Alathur,Palakkad,2,"2023-08-14 09:48:52","2023-08-14 10:35:54",1
10060,678572,Varode-kottayi,Alathur,Palakkad,2,"2023-08-14 09:48:52","2023-08-14 10:35:54",1
10063,678572,Pulinelly,Alathur,Palakkad,2,"2023-08-14 09:48:52","2023-08-14 10:35:54",1
10066,678572,Kottayi,Alathur,Palakkad,2,"2023-08-14 09:48:52","2023-08-14 10:35:54",1
10069,678572,Kariyamkode,Alathur,Palakkad,2,"2023-08-14 09:48:52","2023-08-14 10:35:54",1
10072,678573,Chennangad,Alathur,Palakkad,2,"2023-08-14 09:48:52","2023-08-14 10:35:54",1
10075,678573,Paruthipulli,Alathur,Palakkad,2,"2023-08-14 09:48:52","2023-08-14 10:35:54",1
10078,678574,Peringottukurussi,Alathur,Palakkad,2,"2023-08-14 09:48:52","2023-08-14 10:35:54",1
10081,678574,Chulanur,Alathur,Palakkad,2,"2023-08-14 09:48:52","2023-08-14 10:35:54",1
10084,678574,Naduvathupara,Alathur,Palakkad,2,"2023-08-14 09:48:52","2023-08-14 10:35:54",1
10087,678581,"Agali (Palakkad)",Mannarkad,Palakkad,2,"2023-08-14 09:48:52","2023-08-14 10:35:54",1
10090,678581,Pudur,Mannarkad,Palakkad,2,"2023-08-14 09:48:52","2023-08-14 10:35:54",1
10093,678581,Sholayur-PKD,,Palakkad,2,"2023-08-14 09:48:52","2023-08-14 10:35:54",1
10096,678581,Karara,Mannarkad,Palakkad,2,"2023-08-14 09:48:52","2023-08-14 10:35:54",1
10099,678581,Mattathukad,Mannarkkad,Palakkad,2,"2023-08-14 09:48:52","2023-08-14 10:35:54",1
10102,678581,Kottathara,Mannarkad,Palakkad,2,"2023-08-14 09:48:52","2023-08-14 10:35:54",1
10105,678581,Kavundikkal,Mannarkad,Palakkad,2,"2023-08-14 09:48:52","2023-08-14 10:35:54",1
10108,678581,Jellipara,Mannarkkad,Palakkad,2,"2023-08-14 09:48:52","2023-08-14 10:35:54",1
10111,678581,"Chittur -agali",Mannarkad,Palakkad,2,"2023-08-14 09:48:52","2023-08-14 10:35:54",1
10114,678581,Chavadiyur,Mannarkad,Palakkad,2,"2023-08-14 09:48:52","2023-08-14 10:35:54",1
10117,678582,Kallamala,Mannarkad,Palakkad,2,"2023-08-14 09:48:52","2023-08-14 10:35:54",1
10120,678582,Paloor,Mannarkkad,Palakkad,2,"2023-08-14 09:48:52","2023-08-14 10:35:54",1
10123,678582,Pullisseri,Mannarkad,Palakkad,2,"2023-08-14 09:48:52","2023-08-14 10:35:54",1
10126,678582,Chindaki,Mannarkad,Palakkad,2,"2023-08-14 09:48:52","2023-08-14 10:35:54",1
10129,678582,Tenkara,Mannarkkad,Palakkad,2,"2023-08-14 09:48:52","2023-08-14 10:35:54",1
10132,678582,Kaithachira,,Palakkad,2,"2023-08-14 09:48:52","2023-08-14 10:35:54",1
10135,678582,Mukkali,Mannarkad,Palakkad,2,"2023-08-14 09:48:52","2023-08-14 10:35:54",1
10138,678582,Kalkandi,Mannarkad,Palakkad,2,"2023-08-14 09:48:52","2023-08-14 10:35:54",1
10141,678582,Mannarkkad,Mannarkkad,Palakkad,2,"2023-08-14 09:48:52","2023-08-14 10:35:54",1
10144,678582,Thavalam,Mannarkad,Palakkad,2,"2023-08-14 09:48:52","2023-08-14 10:35:54",1
10147,678583,Kodakkad,Mannarkkad,Palakkad,2,"2023-08-14 09:48:52","2023-08-14 10:35:54",1
10150,678583,Nattukal,Mannarkad,Palakkad,2,"2023-08-14 09:48:52","2023-08-14 10:35:54",1
10153,678583,Payyanadam,Mannarkad,Palakkad,2,"2023-08-14 09:48:52","2023-08-14 10:35:54",1
10156,678583,Kottopadam,Ottappalam,Palakkad,2,"2023-08-14 09:48:52","2023-08-14 10:35:54",1
10159,678583,Palode,Mannarkad,Palakkad,2,"2023-08-14 09:48:52","2023-08-14 10:35:54",1
10162,678583,Ariyur,Mannarkad,Palakkad,2,"2023-08-14 09:48:52","2023-08-14 10:35:54",1
10165,678583,Kandamangalam,Mannarkkad,Palakkad,2,"2023-08-14 09:48:52","2023-08-14 10:35:54",1
10168,678583,Chethallur,Mannarkad,Palakkad,2,"2023-08-14 09:48:52","2023-08-14 10:35:54",1
10171,678583,Pallikunnu,"Mannarkad Q",Palakkad,2,"2023-08-14 09:48:52","2023-08-14 10:35:54",1
10174,678583,Kumaramputhur,Mannarkkad,Palakkad,2,"2023-08-14 09:48:52","2023-08-14 10:35:54",1
10177,678583,"Mannarkad College",Mannarkad,Palakkad,2,"2023-08-14 09:48:52","2023-08-14 10:35:54",1
10180,678583,Kundurkunnu,Mannarkkad,Palakkad,2,"2023-08-14 09:48:52","2023-08-14 10:35:54",1
10183,678591,"Kanhirapuzha Dam",Mannarkad,Palakkad,2,"2023-08-14 09:48:52","2023-08-14 10:35:54",1
10186,678591,Palakayam,Mannarkkad,Palakkad,2,"2023-08-14 09:48:52","2023-08-14 10:35:54",1
10189,678591,Irimbakachola,Mannarkad,Palakkad,2,"2023-08-14 09:48:52","2023-08-14 10:35:54",1
10192,678591,Kanhirapuzha,Mannarkad,Palakkad,2,"2023-08-14 09:48:52","2023-08-14 10:35:54",1
10195,678592,Velikkad,Palakkad,Palakkad,2,"2023-08-14 09:48:52","2023-08-14 10:35:54",1
10198,678592,Nambullipura,Palakkad,Palakkad,2,"2023-08-14 09:48:52","2023-08-14 10:35:54",1
10201,678592,"Mundur Palakkad",Palakkad,Palakkad,2,"2023-08-14 09:48:52","2023-08-14 10:35:54",1
10204,678592,Pudanur,Palakkad,Palakkad,2,"2023-08-14 09:48:52","2023-08-14 10:35:54",1
10207,678592,Nochupulli,Palakkad,Palakkad,2,"2023-08-14 09:48:52","2023-08-14 10:35:54",1
10210,678593,Viyyakurissi,,Palakkad,2,"2023-08-14 09:48:52","2023-08-14 10:35:54",1
10213,678593,Pallikurup,Mannarkad,Palakkad,2,"2023-08-14 09:48:52","2023-08-14 10:35:54",1
10216,678593,Mudukurissi,Ottapalam,Palakkad,2,"2023-08-14 09:48:52","2023-08-14 10:35:54",1
10219,678593,Tachampara,Mannarkad,Palakkad,2,"2023-08-14 09:48:52","2023-08-14 10:35:54",1
10222,678593,Thrikallur,Mannarkad,Palakkad,2,"2023-08-14 09:48:52","2023-08-14 10:35:54",1
10225,678594,Vallikkode,Palakkad,Palakkad,2,"2023-08-14 09:48:52","2023-08-14 10:35:54",1
10228,678594,Muttikulangara,Palakkad,Palakkad,2,"2023-08-14 09:48:52","2023-08-14 10:35:54",1
10231,678595,Pombra,Ottappalam,Palakkad,2,"2023-08-14 09:48:52","2023-08-14 10:35:54",1
10234,678595,Karakurissi,Mannarkad,Palakkad,2,"2023-08-14 09:48:52","2023-08-14 10:35:54",1
10237,678595,Elambulasseri,Ottappalam,Palakkad,2,"2023-08-14 09:48:52","2023-08-14 10:35:54",1
10240,678595,Vakkadapuram,,Palakkad,2,"2023-08-14 09:48:52","2023-08-14 10:35:54",1
10243,678595,Vazhumbram,,Palakkad,2,"2023-08-14 09:48:52","2023-08-14 10:35:54",1
10246,678596,Kanhikulam,Palakkad,Palakkad,2,"2023-08-14 09:48:52","2023-08-14 10:35:54",1
10249,678596,Kalladikode,Mannarkkad,Palakkad,2,"2023-08-14 09:48:52","2023-08-14 10:35:54",1
10252,678597,Karimba,Mannarkad,Palakkad,2,"2023-08-14 09:48:52","2023-08-14 10:35:54",1
10255,678597,Moonnekkar,Ottapalam,Palakkad,2,"2023-08-14 09:48:52","2023-08-14 10:35:54",1
10258,678598,Pottasseri,Mannarkad,Palakkad,2,"2023-08-14 09:48:52","2023-08-14 10:35:54",1
10261,678598,Poonchola,Mannarkad,Palakkad,2,"2023-08-14 09:48:52","2023-08-14 10:35:54",1
10264,678601,Bhimanad,Mannarkad,Palakkad,2,"2023-08-14 09:48:52","2023-08-14 10:35:54",1
10267,678601,Uppukulam,Mannarkad,Palakkad,2,"2023-08-14 09:48:52","2023-08-14 10:35:54",1
10270,678601,Alanallur,Mannarkad,Palakkad,2,"2023-08-14 09:48:52","2023-08-14 10:35:54",1
10273,678601,Vattamannapuram,,Palakkad,2,"2023-08-14 09:48:52","2023-08-14 10:35:54",1
10276,678601,Edathanttukara,Mannarkad,Palakkad,2,"2023-08-14 09:48:52","2023-08-14 10:35:54",1
10279,678601,Kacheriparamba,Mannarkad,Palakkad,2,"2023-08-14 09:48:52","2023-08-14 10:35:54",1
10282,678601,Karkitamkunnu,Mannarkad,Palakkad,2,"2023-08-14 09:48:52","2023-08-14 10:35:54",1
10285,678601,Tiruvalamkunnu,,Palakkad,2,"2023-08-14 09:48:52","2023-08-14 10:35:54",1
10288,678611,Edathara,Palakkad,Palakkad,2,"2023-08-14 09:48:52","2023-08-14 10:35:54",1
10291,678611,Chandrasekharapuram,Palakkad,Palakkad,2,"2023-08-14 09:48:52","2023-08-14 10:35:54",1
10294,678612,"Parli PG",Palakkad,Palakkad,2,"2023-08-14 09:48:52","2023-08-14 10:35:54",1
10297,678612,Tenur,Palakkad,Palakkad,2,"2023-08-14 09:48:52","2023-08-14 10:35:54",1
10300,678612,Kinavallur,Palakkad,Palakkad,2,"2023-08-14 09:48:52","2023-08-14 10:35:54",1
10303,678613,Mankarai,Palakkad,Palakkad,2,"2023-08-14 09:48:52","2023-08-14 10:35:54",1
10306,678613,Kallur-palakkad,Palakkad,Palakkad,2,"2023-08-14 09:48:52","2023-08-14 10:35:54",1
10309,678613,Mankurussi,Palakkad,Palakkad,2,"2023-08-14 09:48:52","2023-08-14 10:35:54",1
10312,678613,"Mankarai R.S.",Palakkad,Palakkad,2,"2023-08-14 09:48:52","2023-08-14 10:35:54",1
10315,678621,Kanjikode,Palakkad,Palakkad,2,"2023-08-14 09:48:52","2023-08-14 10:35:54",1
10318,678621,"Kanjikode Ind. Estate",Palakkad,Palakkad,2,"2023-08-14 09:48:52","2023-08-14 10:35:54",1
10321,678621,Pampampallam,Palakkad,Palakkad,2,"2023-08-14 09:48:52","2023-08-14 10:35:54",1
10324,678622,Tenari,Palakkad,Palakkad,2,"2023-08-14 09:48:52","2023-08-14 10:35:54",1
10327,678622,"Elapulli South",Palakkad,Palakkad,2,"2023-08-14 09:48:52","2023-08-14 10:35:54",1
10330,678622,Ramasseri,Palakkad,Palakkad,2,"2023-08-14 09:48:52","2023-08-14 10:35:54",1
10333,678622,Elapulli,Palakkad,Palakkad,2,"2023-08-14 09:48:52","2023-08-14 10:35:54",1
10336,678622,Erattakulam,Chittur,Palakkad,2,"2023-08-14 09:48:52","2023-08-14 10:35:54",1
10339,678622,Vengodi,Palakkad,Palakkad,2,"2023-08-14 09:48:52","2023-08-14 10:35:54",1
10342,678623,Pudusseri,Palakkad,Palakkad,2,"2023-08-14 09:48:52","2023-08-14 10:35:54",1
10345,678623,"Kanjikode West",Palakkad,Palakkad,2,"2023-08-14 09:48:52","2023-08-14 10:35:54",1
10348,678624,"Walayar Dam",Palakkad,Palakkad,2,"2023-08-14 09:48:52","2023-08-14 10:35:54",1
10351,678624,Chandrapuram,Palakkad,Palakkad,2,"2023-08-14 09:48:52","2023-08-14 10:35:54",1
10354,678631,Elakkad,Palakkad,Palakkad,2,"2023-08-14 09:48:52","2023-08-14 10:35:54",1
10357,678631,Kongad,Palakkad,Palakkad,2,"2023-08-14 09:48:52","2023-08-14 10:35:54",1
10360,678631,Cheraya,Palakkad,Palakkad,2,"2023-08-14 09:48:52","2023-08-14 10:35:54",1
10363,678631,Mucheeri,Palakkad,Palakkad,2,"2023-08-14 09:48:52","2023-08-14 10:35:54",1
10366,678631,Parasseri,Palakkad,Palakkad,2,"2023-08-14 09:48:52","2023-08-14 10:35:54",1
10369,678631,Manikkasseri,Palakkad,Palakkad,2,"2023-08-14 09:48:52","2023-08-14 10:35:54",1
10372,678632,Ummanazhi,,Palakkad,2,"2023-08-14 09:48:52","2023-08-14 10:35:54",1
10375,678632,Pulappatta,Ottappalam,Palakkad,2,"2023-08-14 09:48:52","2023-08-14 10:35:54",1
10378,678632,Konikazhi,Ottappalam,Palakkad,2,"2023-08-14 09:48:52","2023-08-14 10:35:54",1
10381,678633,Alangad,Ottappalam,Palakkad,2,"2023-08-14 09:48:52","2023-08-14 10:35:54",1
10384,678633,Kulakkattukurissi,Ottapalam,Palakkad,2,"2023-08-14 09:48:52","2023-08-14 10:35:54",1
10387,678633,Katambazhipuram,Ottappalam,Palakkad,2,"2023-08-14 09:48:52","2023-08-14 10:35:54",1
10390,678633,Azhiyannur,Ottapalam,Palakkad,2,"2023-08-14 09:48:52","2023-08-14 10:35:54",1
10393,678633,Punchapadam,Ottappalam,Palakkad,2,"2023-08-14 09:48:53","2023-08-14 10:35:54",1
10396,678633,Kunduvampadam,Palakkad,Palakkad,2,"2023-08-14 09:48:53","2023-08-14 10:35:54",1
10399,678633,Vettakara,Ottappalam,Palakkad,2,"2023-08-14 09:48:53","2023-08-14 10:35:54",1
10402,678633,Mannampatta,Ottappalam,Palakkad,2,"2023-08-14 09:48:53","2023-08-14 10:35:54",1
10405,678641,Vadasseri,Palakkad,Palakkad,2,"2023-08-14 09:48:53","2023-08-14 10:35:54",1
10408,678641,Kundalasseri,Palakkad,Palakkad,2,"2023-08-14 09:48:53","2023-08-14 10:35:54",1
10411,678641,Keralasseri,Palakkad,Palakkad,2,"2023-08-14 09:48:53","2023-08-14 10:35:54",1
10414,678641,Tadukkasseri,Palakkad,Palakkad,2,"2023-08-14 09:48:53","2023-08-14 10:35:54",1
10417,678642,Nagaripuram,Palakkad,Palakkad,2,"2023-08-14 09:48:53","2023-08-14 10:35:54",1
10420,678642,"Mannur West",Palakkad,Palakkad,2,"2023-08-14 09:48:53","2023-08-14 10:35:54",1
10423,678642,"Mannur (Palakkad)",Palakkad,Palakkad,2,"2023-08-14 09:48:53","2023-08-14 10:35:54",1
10426,678642,Kilakkumbram,Palakkad,Palakkad,2,"2023-08-14 09:48:53","2023-08-14 10:35:54",1
10429,678651,Anakkal,Palakkad,Palakkad,2,"2023-08-14 09:48:53","2023-08-14 10:35:54",1
10432,678651,"Malampuzha Dam",Palakkad,Palakkad,2,"2023-08-14 09:48:53","2023-08-14 10:35:54",1
10435,678651,Kadukkamkunnu,Palakkad,Palakkad,2,"2023-08-14 09:48:53","2023-08-14 10:35:54",1
10438,678661,Tunacadavu,Chittur,Palakkad,2,"2023-08-14 09:48:53","2023-08-14 10:35:54",1
10441,678661,Parambikulam,Chittur,Palakkad,2,"2023-08-14 09:48:53","2023-08-14 10:35:54",1
10444,678671,Vilayannur,Alathur,Palakkad,2,"2023-08-14 09:48:53","2023-08-14 10:35:54",1
10447,678671,Thenkurussi,Alathur,Palakkad,2,"2023-08-14 09:48:53","2023-08-14 10:35:54",1
10450,678681,Koottala,Alathur,Palakkad,2,"2023-08-14 09:48:53","2023-08-14 10:35:54",1
10453,678681,Kunisseri,Alathur,Palakkad,2,"2023-08-14 09:48:53","2023-08-14 10:35:54",1
10456,678682,Thannilapuram,Alathur,Palakkad,2,"2023-08-14 09:48:53","2023-08-14 10:35:54",1
10459,678682,"Erattakulam Alathur",Alathur,Palakkad,2,"2023-08-14 09:48:53","2023-08-14 10:35:54",1
10462,678682,Anjumoorthy,Alathur,Palakkad,2,"2023-08-14 09:48:53","2023-08-14 10:35:54",1
10465,678683,"Vadakkancherry MBR",Alathur,Palakkad,2,"2023-08-14 09:48:53","2023-08-14 10:35:54",1
10468,678683,Panniankara,Alathur,Palakkad,2,"2023-08-14 09:48:53","2023-08-14 10:35:54",1
10471,678683,Kanakkanthuruthy,Alathur,Palakkad,2,"2023-08-14 09:48:53","2023-08-14 10:35:54",1
10474,678683,Ayakkad,Alathur,Palakkad,2,"2023-08-14 09:48:53","2023-08-14 10:35:54",1
10477,678684,Mulangot,Alathur,Palakkad,2,"2023-08-14 09:48:53","2023-08-14 10:35:54",1
10480,678684,Koranchira,Alathur,Palakkad,2,"2023-08-14 09:48:53","2023-08-14 10:35:54",1
10483,678684,Kilakkancheri,Alathur,Palakkad,2,"2023-08-14 09:48:53","2023-08-14 10:35:54",1
10486,678684,Elavampadam,Alathur,Palakkad,2,"2023-08-14 09:48:53","2023-08-14 10:35:54",1
10489,678684,Palakuzhy,Alathur,Palakkad,2,"2023-08-14 09:48:53","2023-08-14 10:35:54",1
10492,678685,Mannapra,Alathur,Palakkad,2,"2023-08-14 09:48:53","2023-08-14 10:35:54",1
10495,678686,Paruvasseri,Alathur,Palakkad,2,"2023-08-14 09:48:53","2023-08-14 10:35:54",1
10498,678686,Kannambra,Alathur,Palakkad,2,"2023-08-14 09:48:53","2023-08-14 10:35:54",1
10501,678687,Thekkepotta,Alathur,Palakkad,2,"2023-08-14 09:48:53","2023-08-14 10:35:54",1
10504,678687,Puthucode,Alathur,Palakkad,2,"2023-08-14 09:48:53","2023-08-14 10:35:54",1
10507,678687,Manappadam,Alathur,Palakkad,2,"2023-08-14 09:48:53","2023-08-14 10:35:54",1
10510,678688,Pallavur,Alathur,Palakkad,2,"2023-08-14 09:48:53","2023-08-14 10:35:54",1
10513,678688,Kudallur,Alathur,Palakkad,2,"2023-08-14 09:48:53","2023-08-14 10:35:54",1
10516,678701,Yakkara,Palakkad,Palakkad,2,"2023-08-14 09:48:53","2023-08-14 10:35:54",1
10519,678701,Kannadi,Palakkad,Palakkad,2,"2023-08-14 09:48:53","2023-08-14 10:35:54",1
10522,678701,Kinasseri,Palakkad,Palakkad,2,"2023-08-14 09:48:53","2023-08-14 10:35:54",1
10525,678702,Kannanur,Alathur,Palakkad,2,"2023-08-14 09:48:53","2023-08-14 10:35:54",1
10528,678702,Olivemount,Alathur,Palakkad,2,"2023-08-14 09:48:53","2023-08-14 10:35:54",1
10531,678702,Perinkunnu,Alathur,Palakkad,2,"2023-08-14 09:48:53","2023-08-14 10:35:54",1
10534,678702,Coyalmanna,Alathur,Palakkad,2,"2023-08-14 09:48:53","2023-08-14 10:35:54",1
10537,678702,Kalapatti,Alathur,Palakkad,2,"2023-08-14 09:48:53","2023-08-14 10:35:54",1
10540,678702,"Kozhalmannam Agraharam",Alatur,Palakkad,2,"2023-08-14 09:48:53","2023-08-14 10:35:54",1
10543,678702,Nochulli,Alathur,Palakkad,2,"2023-08-14 09:48:53","2023-08-14 10:35:54",1
10546,678702,Chithali,Alathur,Palakkad,2,"2023-08-14 09:48:53","2023-08-14 10:35:54",1
10549,678703,Cheramangalam,Alathur,Palakkad,2,"2023-08-14 09:48:53","2023-08-14 10:35:54",1
10552,678703,Melarcode,Alathur,Palakkad,2,"2023-08-14 09:48:53","2023-08-14 10:35:54",1
10555,678704,Chittilancheri,Alathur,Palakkad,2,"2023-08-14 09:48:53","2023-08-14 10:35:54",1
10558,678705,Mudappallur,Alathur,Palakkad,2,"2023-08-14 09:48:53","2023-08-14 10:35:54",1
10561,678706,Chittadi,Alathur,Palakkad,2,"2023-08-14 09:48:53","2023-08-14 10:35:54",1
10564,678706,Karinkayam,Alathur,Palakkad,2,"2023-08-14 09:48:53","2023-08-14 10:35:54",1
10567,678706,"Mangalam Dam",Alathur,Palakkad,2,"2023-08-14 09:48:53","2023-08-14 10:35:54",1
10570,678706,Olinkadavu,Alathur,Palakkad,2,"2023-08-14 09:48:53","2023-08-14 10:35:54",1
10573,678706,Vandali,Alathur,Palakkad,2,"2023-08-14 09:48:53","2023-08-14 10:35:54",1
10576,678721,Kuttanur,Alathur,Palakkad,2,"2023-08-14 09:48:53","2023-08-14 10:35:54",1
10579,678721,Chimbukat,Alathur,Palakkad,2,"2023-08-14 09:48:53","2023-08-14 10:35:54",1
10582,678722,Tolanur,Alathur,Palakkad,2,"2023-08-14 09:48:53","2023-08-14 10:35:54",1
10585,678722,Nechur,Alathur,Palakkad,2,"2023-08-14 09:48:53","2023-08-14 10:35:54",1
10588,678731,Puduppariyaram,Palakkad,Palakkad,2,"2023-08-14 09:48:53","2023-08-14 10:35:54",1
10591,678731,"Palakkad Industrial Estate",Palakkad,Palakkad,2,"2023-08-14 09:48:53","2023-08-14 10:35:54",1
10594,678732,Kottekkad,Palakkad,Palakkad,2,"2023-08-14 09:48:53","2023-08-14 10:35:54",1
10597,678762,Changileri,Mannarkad,Palakkad,2,"2023-08-14 09:48:53","2023-08-14 10:35:54",1
10600,678762,Perimbadari,Mannarkad,Palakkad,2,"2023-08-14 09:48:53","2023-08-14 10:35:54",1
10603,679101,Ottapalam,Ottapalam,Palakkad,2,"2023-08-14 09:48:53","2023-08-14 10:35:54",1
10606,679102,Varode,Ottappalam,Palakkad,2,"2023-08-14 09:48:53","2023-08-14 10:35:54",1
10609,679102,Thottakkara,Ottappalam,Palakkad,2,"2023-08-14 09:48:53","2023-08-14 10:35:54",1
10612,679102,Veetampara,Ottappalam,Palakkad,2,"2023-08-14 09:48:53","2023-08-14 10:35:54",1
10615,679103,Palappuram,Ottappalam,Palakkad,2,"2023-08-14 09:48:53","2023-08-14 10:35:54",1
10618,679103,Sreeramakrishnanagar,Ottappalam,Palakkad,2,"2023-08-14 09:48:53","2023-08-14 10:35:54",1
10621,679104,Kanniampuram,Ottappalam,Palakkad,2,"2023-08-14 09:48:53","2023-08-14 10:35:54",1
10624,679121,Vadanamkurussi,Ottappalam,Palakkad,2,"2023-08-14 09:48:53","2023-08-14 10:35:54",1
10627,679121,Shornur,Ottapalam,Palakkad,2,"2023-08-14 09:48:53","2023-08-14 10:35:54",1
10630,679121,Paruthipra,Ottpalam,Palakkad,2,"2023-08-14 09:48:53","2023-08-14 10:35:54",1
10633,679122,Kayiliad,Ottappalam,Palakkad,2,"2023-08-14 09:48:53","2023-08-14 10:35:54",1
10636,679122,Kallipadam,Ottapalam,Palakkad,2,"2023-08-14 09:48:53","2023-08-14 10:35:54",1
10639,679122,"Met Ind Nagar",Ottapalam,Palakkad,2,"2023-08-14 09:48:53","2023-08-14 10:35:54",1
10642,679122,Kulappulli,Ottapalam,Palakkad,2,"2023-08-14 09:48:53","2023-08-14 10:35:54",1
10645,679122,"S G Press",Ottapalam,Palakkad,2,"2023-08-14 09:48:53","2023-08-14 10:35:54",1
10648,679122,Kanayam,Ottapalam,Palakkad,2,"2023-08-14 09:48:53","2023-08-14 10:35:54",1
10651,679122,Mundakkottukurissi,Ottapalam,Palakkad,2,"2023-08-14 09:48:53","2023-08-14 10:35:54",1
10654,679123,"K A Samajam",Ottapalam,Palakkad,2,"2023-08-14 09:48:53","2023-08-14 10:35:54",1
10657,679123,Ganeshgiri,Ottapalam,Palakkad,2,"2023-08-14 09:48:53","2023-08-14 10:35:54",1
10660,679301,Lakkidi,Ottappalam,Palakkad,2,"2023-08-14 09:48:53","2023-08-14 10:35:54",1
10663,679301,Mangalam(OPM),Ottappalam,Palakkad,2,"2023-08-14 09:48:53","2023-08-14 10:35:54",1
10666,679302,Akalur,Ottapalam,Palakkad,2,"2023-08-14 09:48:53","2023-08-14 10:35:54",1
10669,679302,Perur-OPM,Ottappalam,Palakkad,2,"2023-08-14 09:48:54","2023-08-14 10:35:54",1
10672,679302,"Gandhi Seva  Sadan",Ottappalam,Palakkad,2,"2023-08-14 09:48:54","2023-08-14 10:35:54",1
10675,679303,Kolikkottusseri,Ottappalam,Palakkad,2,"2023-08-14 09:48:54","2023-08-14 10:35:54",1
10678,679303,Muduthala,Ottappalam,Palakkad,2,"2023-08-14 09:48:54","2023-08-14 10:35:54",1
10681,679303,Pattambi,Ottappalam,Palakkad,2,"2023-08-14 09:48:54","2023-08-14 10:35:54",1
10684,679303,Perumudiyur,Ottapalam,Palakkad,2,"2023-08-14 09:48:55","2023-08-14 10:35:54",1
10687,679303,Kizhayur,Ottappalam,Palakkad,2,"2023-08-14 09:48:55","2023-08-14 10:35:54",1
10690,679303,Sankaramangalam,,Palakkad,2,"2023-08-14 09:48:55","2023-08-14 10:35:54",1
10693,679303,Kodumunda,Ottappalam,Palakkad,2,"2023-08-14 09:48:55","2023-08-14 10:35:54",1
10696,679303,Nhangattiri,Ottappalam,Palakkad,2,"2023-08-14 09:48:55","2023-08-14 10:35:54",1
10699,679303,Amayur,Ottappalam,Palakkad,2,"2023-08-14 09:48:55","2023-08-14 10:35:54",1
10702,679304,Vilathur,Ottappalam,Palakkad,2,"2023-08-14 09:48:56","2023-08-14 10:35:54",1
10705,679304,Chembra,Ottappalam,Palakkad,2,"2023-08-14 09:48:56","2023-08-14 10:35:54",1
10708,679304,Thiruvegapura,Ottappalam,Palakkad,2,"2023-08-14 09:48:57","2023-08-14 10:35:54",1
10711,679305,Parudur,Ottappalam,Palakkad,2,"2023-08-14 09:48:57","2023-08-14 10:35:54",1
10714,679305,"Pallipuram (Palakkad)",Ottappalam,Palakkad,2,"2023-08-14 09:48:58","2023-08-14 10:35:54",1
10717,679305,Karambathur,Ottapalam.,Palakkad,2,"2023-08-14 09:48:58","2023-08-14 10:35:54",1
10720,679305,Cherukutangad,Ottappalam,Palakkad,2,"2023-08-14 09:48:59","2023-08-14 10:35:54",1
10723,679306,Melepattambi,Ottappalam,Palakkad,2,"2023-08-14 09:48:59","2023-08-14 10:35:54",1
10726,679306,Maruthur,Ottappalam,Palakkad,2,"2023-08-14 09:49:00","2023-08-14 10:35:54",1
10729,679307,Melmuri,Ottapalam,Palakkad,2,"2023-08-14 09:49:00","2023-08-14 10:35:54",1
10732,679307,Kilmuri,Ottappalam,Palakkad,2,"2023-08-14 09:49:00","2023-08-14 10:35:54",1
10735,679307,Mannengode,Ottappalam,Palakkad,2,"2023-08-14 09:49:00","2023-08-14 10:35:54",1
10738,679307,Pulasseri,Ottappalam,Palakkad,2,"2023-08-14 09:49:00","2023-08-14 10:35:54",1
10741,679308,Etapalam,Ottappalam,Palakkad,2,"2023-08-14 09:49:00","2023-08-14 10:35:54",1
10744,679308,Naduvattom,Ottapalam,Palakkad,2,"2023-08-14 09:49:01","2023-08-14 10:35:54",1
10747,679308,Nedungottur,Ottappalam,Palakkad,2,"2023-08-14 09:49:01","2023-08-14 10:35:54",1
10750,679308,Kaipuram,Ottappalam,Palakkad,2,"2023-08-14 09:49:01","2023-08-14 10:35:54",1
10753,679309,"Vilayur West",,Palakkad,2,"2023-08-14 09:49:01","2023-08-14 10:35:54",1
10756,679309,Vilayur,Ottappalam,Palakkad,2,"2023-08-14 09:49:01","2023-08-14 10:35:54",1
10759,679313,Kondurkara,Ottapalam,Palakkad,2,"2023-08-14 09:49:01","2023-08-14 10:35:54",1
10762,679313,Kalladipatta,Ottapalam,Palakkad,2,"2023-08-14 09:49:02","2023-08-14 10:35:54",1
10765,679335,Nellaya,Ottappalam,Palakkad,2,"2023-08-14 09:49:02","2023-08-14 10:35:54",1
10768,679335,Pombilaya,Ottappalam,Palakkad,2,"2023-08-14 09:49:02","2023-08-14 10:35:54",1
10771,679335,Irimbalasseri,Ottapalam,Palakkad,2,"2023-08-14 09:49:02","2023-08-14 10:35:54",1
10774,679335,"Marayamangalam South",Ottappalam,Palakkad,2,"2023-08-14 09:49:03","2023-08-14 10:35:54",1
10777,679335,Ezhuvanthala,Ottappalam,Palakkad,2,"2023-08-14 09:49:04","2023-08-14 10:35:54",1
10780,679335,Marayamangalam,Ottappalam,Palakkad,2,"2023-08-14 09:49:04","2023-08-14 10:35:54",1
10783,679336,Choorakode,Ottappalam,Palakkad,2,"2023-08-14 09:49:06","2023-08-14 10:35:54",1
10786,679336,Kuruvattur,Ottpalam,Palakkad,2,"2023-08-14 09:49:06","2023-08-14 10:35:54",1
10789,679336,Vallapuzha,Ottappalam,Palakkad,2,"2023-08-14 09:49:06","2023-08-14 10:35:54",1
10792,679336,Cherukode,Ottappalam,Palakkad,2,"2023-08-14 09:49:06","2023-08-14 10:35:54",1
10795,679337,Chundampatta,Ottappalam,Palakkad,2,"2023-08-14 09:49:07","2023-08-14 10:35:54",1
10798,679337,Mulayankavu,Ottappalam,Palakkad,2,"2023-08-14 09:49:07","2023-08-14 10:35:54",1
10801,679337,Thathanampully,,Palakkad,2,"2023-08-14 09:49:07","2023-08-14 10:35:54",1
10804,679337,Kulukkallur,Ottappalam,Palakkad,2,"2023-08-14 09:49:07","2023-08-14 10:35:54",1
10807,679501,Melur,Ottapalam,Palakkad,2,"2023-08-14 09:49:07","2023-08-14 10:35:54",1
10810,679501,Cherambattakavu,,Palakkad,2,"2023-08-14 09:49:07","2023-08-14 10:35:54",1
10813,679501,"Panamanna South",Ottappalam,Palakkad,2,"2023-08-14 09:49:07","2023-08-14 10:35:54",1
10816,679501,Taruvakonam,,Palakkad,2,"2023-08-14 09:49:07","2023-08-14 10:35:54",1
10819,679501,Ambalavattom,Ottappalam,Palakkad,2,"2023-08-14 09:49:07","2023-08-14 10:35:54",1
10822,679501,Kizhur,Ottappalam,Palakkad,2,"2023-08-14 09:49:07","2023-08-14 10:35:54",1
10825,679501,Panamanna,Ottappalam,Palakkad,2,"2023-08-14 09:49:07","2023-08-14 10:35:54",1
10828,679502,Munnurkode,Ottapalam,Palakkad,2,"2023-08-14 09:49:07","2023-08-14 10:35:54",1
10831,679502,Trikkatiri,Ottappalam,Palakkad,2,"2023-08-14 09:49:07","2023-08-14 10:35:54",1
10834,679503,Veeramangalam,Ottappalam,Palakkad,2,"2023-08-14 09:49:07","2023-08-14 10:35:54",1
10837,679503,Mangode,Ottappalam,Palakkad,2,"2023-08-14 09:49:08","2023-08-14 10:35:54",1
10840,679503,Panniyamkurissi,Ottappalam,Palakkad,2,"2023-08-14 09:49:09","2023-08-14 10:35:54",1
10843,679503,Cherpalcheri,Ottappalam,Palakkad,2,"2023-08-14 09:49:09","2023-08-14 10:35:54",1
10846,679503,Adakkaputhur,Ottappalam,Palakkad,2,"2023-08-14 09:49:09","2023-08-14 10:35:54",1
10849,679503,Karattukurissi,Ottappalam,Palakkad,2,"2023-08-14 09:49:09","2023-08-14 10:35:54",1
10852,679503,Kulakkad,Ottappalam,Palakkad,2,"2023-08-14 09:49:09","2023-08-14 10:35:54",1
10855,679504,Vellinezhi,Ottappalam,Palakkad,2,"2023-08-14 09:49:09","2023-08-14 10:35:54",1
10858,679504,Karumanamkurissi,Ottappalam,Palakkad,2,"2023-08-14 09:49:09","2023-08-14 10:35:54",1
10861,679505,Chalavara,Ottappalam,Palakkad,2,"2023-08-14 09:49:09","2023-08-14 10:35:54",1
10864,679505,Puliyanamkunnu,Ottappalam,Palakkad,2,"2023-08-14 09:49:11","2023-08-14 10:35:54",1
10867,679506,Karalmanna,Ottappalam,Palakkad,2,"2023-08-14 09:49:11","2023-08-14 10:35:54",1
10870,679506,"Thekkumuri (CPL)",,Palakkad,2,"2023-08-14 09:49:11","2023-08-14 10:35:54",1
10873,679511,Chunangad,Ottappalam,Palakkad,2,"2023-08-14 09:49:11","2023-08-14 10:35:54",1
10876,679511,Mulanhur,Ottapalam,Palakkad,2,"2023-08-14 09:49:11","2023-08-14 10:35:54",1
10879,679512,Cherumundasseri,Ottapalam,Palakkad,2,"2023-08-14 09:49:11","2023-08-14 10:35:54",1
10882,679512,Ambalapara,Ottappalam,Palakkad,2,"2023-08-14 09:49:11","2023-08-14 10:35:54",1
10885,679513,Srikrishnapuram,Ottappalam,Palakkad,2,"2023-08-14 09:49:11","2023-08-14 10:35:54",1
10888,679513,Karimpuzha,Ottappalam,Palakkad,2,"2023-08-14 09:49:11","2023-08-14 10:35:54",1
10891,679513,Valambillimangalam,Ottappalam,Palakkad,2,"2023-08-14 09:49:11","2023-08-14 10:35:54",1
10894,679513,Kottappuram,Ottappalam,Palakkad,2,"2023-08-14 09:49:11","2023-08-14 10:35:54",1
10897,679513,Attasseri,,Palakkad,2,"2023-08-14 09:49:11","2023-08-14 10:35:54",1
10900,679514,Kattukulam,Ottappalam,Palakkad,2,"2023-08-14 09:49:12","2023-08-14 10:35:54",1
10903,679514,"Kattukulam South",Ottapalam,Palakkad,2,"2023-08-14 09:49:12","2023-08-14 10:35:54",1
10906,679514,Thirunayanapuram,,Palakkad,2,"2023-08-14 09:49:12","2023-08-14 10:35:54",1
10909,679514,Kuttanasseri,Ottappalam,Palakkad,2,"2023-08-14 09:49:12","2023-08-14 10:35:54",1
10912,679514,Kalluvazhi,Ottappalam,Palakkad,2,"2023-08-14 09:49:12","2023-08-14 10:35:54",1
10915,679514,Thiruvazhiyode,Ottappalam,Palakkad,2,"2023-08-14 09:49:13","2023-08-14 10:35:54",1
10918,679515,"Kadambur (Palakkad)",Ottappalam,Palakkad,2,"2023-08-14 09:49:13","2023-08-14 10:35:54",1
10921,679516,Vengasseri,Ottappalam,Palakkad,2,"2023-08-14 09:49:13","2023-08-14 10:35:54",1
10924,679521,Cherottur,Ottappalam,Palakkad,2,"2023-08-14 09:49:13","2023-08-14 10:35:54",1
10927,679521,Manisseri,Ottapalam,Palakkad,2,"2023-08-14 09:49:13","2023-08-14 10:35:54",1
10930,679522,Edakode(Pavukonam),Ottappalam,Palakkad,2,"2023-08-14 09:49:13","2023-08-14 10:35:54",1
10933,679522,Vaniamkulam,Ottappalam,Palakkad,2,"2023-08-14 09:49:13","2023-08-14 10:35:54",1
10936,679522,Panayur,Ottapalam,Palakkad,2,"2023-08-14 09:49:13","2023-08-14 10:35:54",1
10939,679522,Cherukattupulam,Ottappalam,Palakkad,2,"2023-08-14 09:49:13","2023-08-14 10:35:54",1
10942,679522,Pathankulam,Ottappalam,Palakkad,2,"2023-08-14 09:49:13","2023-08-14 10:35:54",1
10945,679523,Kavalappara,Ottappalam,Palakkad,2,"2023-08-14 09:49:13","2023-08-14 10:35:54",1
10948,679523,Mannanur,Ottappalam,Palakkad,2,"2023-08-14 09:49:13","2023-08-14 10:35:54",1
10951,679523,Koonathara,Ottappalam,Palakkad,2,"2023-08-14 09:49:13","2023-08-14 10:35:54",1
10954,679533,Koottanad,Ottappalam,Palakkad,2,"2023-08-14 09:49:13","2023-08-14 10:35:54",1
10957,679533,Nagalassery,Ottappalam,Palakkad,2,"2023-08-14 09:49:13","2023-08-14 10:35:54",1
10960,679533,Thirumittakode,Ottappalam,Palakkad,2,"2023-08-14 09:49:13","2023-08-14 10:35:54",1
10963,679533,Nellikattiri,Ottappalam,Palakkad,2,"2023-08-14 09:49:13","2023-08-14 10:35:54",1
10966,679533,"Thekke Vavanoor",,Palakkad,2,"2023-08-14 09:49:14","2023-08-14 10:35:54",1
10969,679534,"Othalur - Ttl",Ottapalam,Palakkad,2,"2023-08-14 09:49:14","2023-08-14 10:35:54",1
10972,679534,Mala,Ottapalam,Palakkad,2,"2023-08-14 09:49:14","2023-08-14 10:35:54",1
10975,679534,Thalakkasseri,Ottappalam,Palakkad,2,"2023-08-14 09:49:14","2023-08-14 10:35:54",1
10978,679534,Kottapadam(TTL),Mannarkad,Palakkad,2,"2023-08-14 09:49:14","2023-08-14 10:35:54",1
10981,679534,Pattithara,Ottappalam,Palakkad,2,"2023-08-14 09:49:14","2023-08-14 10:35:54",1
10984,679534,Mezhathur,Ottappalam,Palakkad,2,"2023-08-14 09:49:14","2023-08-14 10:35:54",1
10987,679534,Trithala,Ottappalam,Palakkad,2,"2023-08-14 09:49:14","2023-08-14 10:35:54",1
10990,679535,Chaliyattiri,Ottappalam,Palakkad,2,"2023-08-14 09:49:14","2023-08-14 10:35:54",1
10993,679535,Peringode,Ottappalam,Palakkad,2,"2023-08-14 09:49:15","2023-08-14 10:35:54",1
10996,679535,Peringannur,Ottapalam,Palakkad,2,"2023-08-14 09:49:15","2023-08-14 10:35:54",1
10999,679535,Kothachira,Ottappalam,Palakkad,2,"2023-08-14 09:49:15","2023-08-14 10:35:54",1
11002,679535,Chathanur,Ottapalam,Palakkad,2,"2023-08-14 09:49:15","2023-08-14 10:35:54",1
11005,679536,Chalisseri,Ottappalam,Palakkad,2,"2023-08-14 09:49:15","2023-08-14 10:35:54",1
11008,679536,Perumannur,Ottappalam,Palakkad,2,"2023-08-14 09:49:15","2023-08-14 10:35:54",1
11011,679536,Thanneercode,Ottapalam,Palakkad,2,"2023-08-14 09:49:15","2023-08-14 10:35:54",1
11014,679551,"Anakkara (Palakkad)",Ottappalam,Palakkad,2,"2023-08-14 09:49:15","2023-08-14 10:35:54",1
11017,679552,Kalladathur,Ottappalam,Palakkad,2,"2023-08-14 09:49:15","2023-08-14 10:35:54",1
11020,679552,Eravakkad,Ottappalam,Palakkad,2,"2023-08-14 09:49:15","2023-08-14 10:35:54",1
11023,679552,Angadi,Ottappalam,Palakkad,2,"2023-08-14 09:49:15","2023-08-14 10:35:54",1
11026,679552,Kappur,Ottapalam,Palakkad,2,"2023-08-14 09:49:15","2023-08-14 10:35:54",1
11029,679552,Kumaranellur,Ottappalam,Palakkad,2,"2023-08-14 09:49:15","2023-08-14 10:35:54",1
11032,679553,Kumbidi,Ottappalam,Palakkad,2,"2023-08-14 09:49:15","2023-08-14 10:35:54",1
11035,679554,Malamalkkavu,Ottapalam,Palakkad,2,"2023-08-14 09:49:15","2023-08-14 10:35:54",1
11038,679554,Kudallur,Ottappalam,Palakkad,2,"2023-08-14 09:49:15","2023-08-14 10:35:54",1
11041,685533,Gavi,Ranni,Pathanamthitta,12,"2023-08-14 09:49:15","2023-08-14 10:35:54",1
11044,686510,Chathenthara,Ranni,Pathanamthitta,12,"2023-08-14 09:49:15","2023-08-14 10:35:54",1
11047,686510,Thulappally,Ranni,Pathanamthitta,12,"2023-08-14 09:49:15","2023-08-14 10:35:54",1
11050,686511,"Kunnam Vechoochira",Ranni,Pathanamthitta,12,"2023-08-14 09:49:15","2023-08-14 10:35:54",1
11053,686511,Mannadisala,Ranni,Pathanamthitta,12,"2023-08-14 09:49:15","2023-08-14 10:35:54",1
11056,686547,Chunkapara,Mallappally,Pathanamthitta,12,"2023-08-14 09:49:15","2023-08-14 10:35:54",1
11059,686547,Kottangal,Mallappally,Pathanamthitta,12,"2023-08-14 09:49:15","2023-08-14 10:35:54",1
11062,689101,Tiruvalla,Tiruvalla,Pathanamthitta,12,"2023-08-14 09:49:15","2023-08-14 10:35:54",1
11065,689101,"Tiruvalla Market Jn",Thiruvalla,Pathanamthitta,12,"2023-08-14 09:49:15","2023-08-14 10:35:54",1
11068,689102,Kavumbhagom,Tiruvalla,Pathanamthitta,12,"2023-08-14 09:49:15","2023-08-14 10:35:54",1
11071,689102,Kallumkal,Thiruvalla,Pathanamthitta,12,"2023-08-14 09:49:15","2023-08-14 10:35:54",1
11074,689102,Venpala,Thiruvalla,Pathanamthitta,12,"2023-08-14 09:49:15","2023-08-14 10:35:54",1
11077,689103,Kuttapuzha,Tiruvalla,Pathanamthitta,12,"2023-08-14 09:49:15","2023-08-14 10:35:54",1
11080,689103,Chumathra,Tiruvalla,Pathanamthitta,12,"2023-08-14 09:49:15","2023-08-14 10:35:54",1
11083,689104,Valanjavattom,Thiruvalla,Pathanamthitta,12,"2023-08-14 09:49:16","2023-08-14 10:35:54",1
11086,689104,"Valanjavattom East",Thiruvalla,Pathanamthitta,12,"2023-08-14 09:49:16","2023-08-14 10:35:54",1
11089,689105,"Pushpagiri Tiruvalla",Thiruvalla,Pathanamthitta,12,"2023-08-14 09:49:16","2023-08-14 10:35:54",1
11092,689105,"Manjady Jn",Tiruvalla,Pathanamthitta,12,"2023-08-14 09:49:16","2023-08-14 10:35:54",1
11095,689105,Kattode,Tiruvalla,Pathanamthitta,12,"2023-08-14 09:49:16","2023-08-14 10:35:54",1
11098,689106,"Kuttur (Pathanamthitta)",Tiruvalla,Pathanamthitta,12,"2023-08-14 09:49:16","2023-08-14 10:35:54",1
11101,689106,Thengeli,Thiruvalla,Pathanamthitta,12,"2023-08-14 09:49:16","2023-08-14 10:35:54",1
11104,689107,Muthoor,Thiruvalla,Pathanamthitta,12,"2023-08-14 09:49:16","2023-08-14 10:35:54",1
11107,689107,Perumthuruthy,Thiruvalla,Pathanamthitta,12,"2023-08-14 09:49:16","2023-08-14 10:35:54",1
11110,689108,Peringara,Tiruvalla,Pathanamthitta,12,"2023-08-14 09:49:16","2023-08-14 10:35:54",1
11113,689108,Karakkal,Thiruvalla,Pathanamthitta,12,"2023-08-14 09:49:16","2023-08-14 10:35:54",1
11116,689110,Podiyadi,Thiruvalla,Pathanamthitta,12,"2023-08-14 09:49:16","2023-08-14 10:35:54",1
11119,689110,Nedumpuram,Thiruvalla,Pathanamthitta,12,"2023-08-14 09:49:16","2023-08-14 10:35:54",1
11122,689111,"Tiruvalla RS",Ranni,Pathanamthitta,12,"2023-08-14 09:49:16","2023-08-14 10:35:54",1
11125,689112,Amichikary,Thiruvalla,Pathanamthitta,12,"2023-08-14 09:49:16","2023-08-14 10:35:54",1
11128,689112,Chathankary,Thiruvalla,Pathanamthitta,12,"2023-08-14 09:49:16","2023-08-14 10:35:54",1
11131,689113,Alumthuruthy,Thiruvalla,Pathanamthitta,12,"2023-08-14 09:49:17","2023-08-14 10:35:54",1
11134,689113,Azhiyadathuchira,Thiruvalla,Pathanamthitta,12,"2023-08-14 09:49:17","2023-08-14 10:35:54",1
11137,689115,Thirumoolapuram,Thiruvalla,Pathanamthitta,12,"2023-08-14 09:49:17","2023-08-14 10:35:54",1
11140,689122,Neervilakom,Kozhenchery,Pathanamthitta,12,"2023-08-14 09:49:17","2023-08-14 10:35:54",1
11143,689123,Arattupuzha,Kozhenchery,Pathanamthitta,12,"2023-08-14 09:49:17","2023-08-14 10:35:54",1
11146,689501,"Mannam Sugar Mills",Adoor,Pathanamthitta,12,"2023-08-14 09:49:17","2023-08-14 10:35:54",1
11149,689501,"Mannam Nagar",Adoor,Pathanamthitta,12,"2023-08-14 09:49:17","2023-08-14 10:35:54",1
11152,689501,"Pandalam (Pathanamthitta)",Adur,Pathanamthitta,12,"2023-08-14 09:49:17","2023-08-14 10:35:54",1
11155,689501,Mudiyoorkonam,Adoor,Pathanamthitta,12,"2023-08-14 09:49:17","2023-08-14 10:35:54",1
11158,689501,"Pandalam Medical Mission",Adoor,Pathanamthitta,12,"2023-08-14 09:49:17","2023-08-14 10:35:54",1
11161,689501,Paranthal,Adoor,Pathanamthitta,12,"2023-08-14 09:49:17","2023-08-14 10:35:54",1
11164,689501,"Kurampala South",Adur,Pathanamthitta,12,"2023-08-14 09:49:18","2023-08-14 10:35:54",1
11167,689502,Thumpamon,Adur,Pathanamthitta,12,"2023-08-14 09:49:18","2023-08-14 10:35:54",1
11170,689502,Keerukuzhy,Adoor,Pathanamthitta,12,"2023-08-14 09:49:18","2023-08-14 10:35:54",1
11173,689502,"Muttom Thumpamon",Adoor,Pathanamthitta,12,"2023-08-14 09:49:18","2023-08-14 10:35:54",1
11176,689503,Ullannur,Kozhenchery,Pathanamthitta,12,"2023-08-14 09:49:18","2023-08-14 10:35:54",1
11179,689503,Panangad,Kozhenchery,Pathanamthitta,12,"2023-08-14 09:49:18","2023-08-14 10:35:54",1
11182,689503,Ulanad,Kozhenchery,Pathanamthitta,12,"2023-08-14 09:49:18","2023-08-14 10:35:54",1
11185,689503,"Kaipuzha North",Kozhenchery,Pathanamthitta,12,"2023-08-14 09:49:18","2023-08-14 10:35:54",1
11188,689503,Chenneerkara,Kozhencherry,Pathanamthitta,12,"2023-08-14 09:49:18","2023-08-14 10:35:54",1
11191,689503,Manthuka,Kozhenchery,Pathanamthitta,12,"2023-08-14 09:49:18","2023-08-14 10:35:54",1
11194,689503,Kulanada,Kozhencherry,Pathanamthitta,12,"2023-08-14 09:49:18","2023-08-14 10:35:54",1
11197,689507,Mezhuveli,Kozhencherry,Pathanamthitta,12,"2023-08-14 09:49:19","2023-08-14 10:35:54",1
11200,689513,Nariapuram,Kozhenchery,Pathanamthitta,12,"2023-08-14 09:49:19","2023-08-14 10:35:54",1
11203,689513,Mammoodu,Kozhenchery,Pathanamthitta,12,"2023-08-14 09:49:19","2023-08-14 10:35:54",1
11206,689514,Kidangannur,Kozhencherry,Pathanamthitta,12,"2023-08-14 09:49:19","2023-08-14 10:35:54",1
11209,689514,Karithotta,Kozhenchery,Pathanamthitta,12,"2023-08-14 09:49:19","2023-08-14 10:35:54",1
11212,689531,Koipuram,Tiruvalla,Pathanamthitta,12,"2023-08-14 09:49:20","2023-08-14 10:35:54",1
11215,689531,Poovathoor,Thiruvalla,Pathanamthitta,12,"2023-08-14 09:49:20","2023-08-14 10:35:54",1
11218,689532,"Edayaramula West",Kozhenchery,Pathanamthitta,12,"2023-08-14 09:49:21","2023-08-14 10:35:54",1
11221,689532,Malakara,Kozhenchery,Pathanamthitta,12,"2023-08-14 09:49:21","2023-08-14 10:35:54",1
11224,689532,Kurichimuttom,Kozhenchery,Pathanamthitta,12,"2023-08-14 09:49:21","2023-08-14 10:35:54",1
11227,689532,Erumakkad,Kozhenchery,Pathanamthitta,12,"2023-08-14 09:49:21","2023-08-14 10:35:54",1
11230,689532,Edayarnmula,Kozhenchery,Pathanamthitta,12,"2023-08-14 09:49:21","2023-08-14 10:35:54",1
11233,689533,Mallappuzhassery,Kozhenchery,Pathanamthitta,12,"2023-08-14 09:49:21","2023-08-14 10:35:54",1
11236,689533,Aranmula,Kozhencherry,Pathanamthitta,12,"2023-08-14 09:49:21","2023-08-14 10:35:54",1
11239,689533,Nalkallikkal,Kozhenchery,Pathanamthitta,12,"2023-08-14 09:49:21","2023-08-14 10:35:54",1
11242,689541,Thottabhagom,Thiruvalla,Pathanamthitta,12,"2023-08-14 09:49:21","2023-08-14 10:35:54",1
11245,689541,Vallamkulam,Thiruvalla,Pathanamthitta,12,"2023-08-14 09:49:21","2023-08-14 10:35:54",1
11248,689541,Kozhimala,Thiruvalla,Pathanamthitta,12,"2023-08-14 09:49:21","2023-08-14 10:35:54",1
11251,689541,"Vallamkulam East",Thiruvalla,Pathanamthitta,12,"2023-08-14 09:49:21","2023-08-14 10:35:54",1
11254,689542,Eraviperoor,Thiruvalla,Pathanamthitta,12,"2023-08-14 09:49:21","2023-08-14 10:35:54",1
11257,689542,Nellimala,Thiruvalla,Pathanamthitta,12,"2023-08-14 09:49:21","2023-08-14 10:35:54",1
11260,689542,"Eraviperoor East",Thiruvalla,Pathanamthitta,12,"2023-08-14 09:49:21","2023-08-14 10:35:54",1
11263,689543,"Madathumbhagom North",Mallappally,Pathanamthitta,12,"2023-08-14 09:49:21","2023-08-14 10:35:54",1
11266,689543,Puramattom,Mallappally,Pathanamthitta,12,"2023-08-14 09:49:21","2023-08-14 10:35:54",1
11269,689543,Kavungumprayar,Mallappally,Pathanamthitta,12,"2023-08-14 09:49:21","2023-08-14 10:35:54",1
11272,689543,Mundamala,Mallappally,Pathanamthitta,12,"2023-08-14 09:49:21","2023-08-14 10:35:54",1
11275,689544,Vennikulam,Mallappally,Pathanamthitta,12,"2023-08-14 09:49:21","2023-08-14 10:35:54",1
11278,689544,Narakathanni,Mallappally,Pathanamthitta,12,"2023-08-14 09:49:21","2023-08-14 10:35:54",1
11281,689544,Thelliyoor,Mallappally,Pathanamthitta,12,"2023-08-14 09:49:21","2023-08-14 10:35:54",1
11284,689544,Paduthode,Mallappally,Pathanamthitta,12,"2023-08-14 09:49:21","2023-08-14 10:35:54",1
11287,689544,Valakuzhy,Mallappally,Pathanamthitta,12,"2023-08-14 09:49:21","2023-08-14 10:35:54",1
11290,689545,Kolabhagom,Mallappally,Pathanamthitta,12,"2023-08-14 09:49:21","2023-08-14 10:35:54",1
11293,689545,Thadiyur,Mallappally,Pathanamthitta,12,"2023-08-14 09:49:21","2023-08-14 10:35:54",1
11296,689546,Othera,Thiruvalla,Pathanamthitta,12,"2023-08-14 09:49:21","2023-08-14 10:35:54",1
11299,689546,"Kunnathukara HSC",Thiruvalla,Pathanamthitta,12,"2023-08-14 09:49:21","2023-08-14 10:35:54",1
11302,689547,Kumbanadu,Thiruvalla,Pathanamthitta,12,"2023-08-14 09:49:21","2023-08-14 10:35:54",1
11305,689547,Muttumon,Thiruvalla,Pathanamthitta,12,"2023-08-14 09:49:21","2023-08-14 10:35:54",1
11308,689547,"Kadapra Kumbanadu",Thiruvalla,Pathanamthitta,12,"2023-08-14 09:49:21","2023-08-14 10:35:54",1
11311,689548,Kuravankuzhy,Thiruvalla,Pathanamthitta,12,"2023-08-14 09:49:21","2023-08-14 10:35:54",1
11314,689548,Kurunghazhabhagom,Thiruvalla,Pathanamthitta,12,"2023-08-14 09:49:21","2023-08-14 10:35:54",1
11317,689548,Varayannur,Thiruvalla,Pathanamthitta,12,"2023-08-14 09:49:21","2023-08-14 10:35:54",1
11320,689548,Pullad,Thiruvalla,Pathanamthitta,12,"2023-08-14 09:49:21","2023-08-14 10:35:54",1
11323,689549,Chirayirambu,Thiruvalla,Pathanamthitta,12,"2023-08-14 09:49:21","2023-08-14 10:35:54",1
11326,689549,Maramon,Thiruvalla,Pathanamthitta,12,"2023-08-14 09:49:21","2023-08-14 10:35:54",1
11329,689550,Kuriannoor,Thiruvalla,Pathanamthitta,12,"2023-08-14 09:49:21","2023-08-14 10:35:54",1
11332,689551,Otherawest,Thiruvalla,Pathanamthitta,12,"2023-08-14 09:49:21","2023-08-14 10:35:54",1
11335,689581,Manthanam,Mallappally,Pathanamthitta,12,"2023-08-14 09:49:21","2023-08-14 10:35:54",1
11338,689581,Palackathakidi,Mallappally,Pathanamthitta,12,"2023-08-14 09:49:21","2023-08-14 10:35:54",1
11341,689581,Mundiappally,Thiruvalla,Pathanamthitta,12,"2023-08-14 09:49:21","2023-08-14 10:35:54",1
11344,689581,Kunnamthanam,Tiruvalla,Pathanamthitta,12,"2023-08-14 09:49:21","2023-08-14 10:35:54",1
11347,689582,Kottoor,Thiruvalla,Pathanamthitta,12,"2023-08-14 09:49:21","2023-08-14 10:35:54",1
11350,689582,Kaviyoor,Tiruvalla,Pathanamthitta,12,"2023-08-14 09:49:21","2023-08-14 10:35:54",1
11353,689582,Anjilithanam,Thiruvalla,Pathanamthitta,12,"2023-08-14 09:49:21","2023-08-14 10:35:54",1
11356,689583,Kadamankulam,Mallappally,Pathanamthitta,12,"2023-08-14 09:49:21","2023-08-14 10:35:54",1
11359,689583,Kallooppara,Mallappally,Pathanamthitta,12,"2023-08-14 09:49:21","2023-08-14 10:35:54",1
11362,689584,"Mallappally East",Mallappally,Pathanamthitta,12,"2023-08-14 09:49:21","2023-08-14 10:35:54",1
11365,689585,"Anikad Mallappally GDS",Mallappally,Pathanamthitta,12,"2023-08-14 09:49:21","2023-08-14 10:35:54",1
11368,689585,"Mallappally West",Mallappally,Pathanamthitta,12,"2023-08-14 09:49:21","2023-08-14 10:35:54",1
11371,689585,Pariyaram,Mallappally,Pathanamthitta,12,"2023-08-14 09:49:21","2023-08-14 10:35:54",1
11374,689586,Chalappally,Mallappally,Pathanamthitta,12,"2023-08-14 09:49:21","2023-08-14 10:35:54",1
11377,689586,Ezhumattoor,Mallappally,Pathanamthitta,12,"2023-08-14 09:49:21","2023-08-14 10:35:54",1
11380,689587,Padimon,Mallappally,Pathanamthitta,12,"2023-08-14 09:49:21","2023-08-14 10:35:54",1
11383,689587,Keezhvaipur,Mallappally,Pathanamthitta,12,"2023-08-14 09:49:21","2023-08-14 10:35:54",1
11386,689587,Perumpramavu,Mallappally,Pathanamthitta,12,"2023-08-14 09:49:21","2023-08-14 10:35:54",1
11389,689588,Kulathur,Mallappally,Pathanamthitta,12,"2023-08-14 09:49:21","2023-08-14 10:35:54",1
11392,689588,Vaipur,Mallappally,Pathanamthitta,12,"2023-08-14 09:49:21","2023-08-14 10:35:54",1
11395,689589,Punnavely,Mallappally,Pathanamthitta,12,"2023-08-14 09:49:21","2023-08-14 10:35:54",1
11398,689589,Nooromavu,Mallappally,Pathanamthitta,12,"2023-08-14 09:49:21","2023-08-14 10:35:54",1
11401,689591,Mepral,Thiruvalla,Pathanamthitta,12,"2023-08-14 09:49:21","2023-08-14 10:35:54",1
11404,689592,Perumpatty,Mallappally,Pathanamthitta,12,"2023-08-14 09:49:21","2023-08-14 10:35:54",1
11407,689594,"Mallappally North",Mallappally,Pathanamthitta,12,"2023-08-14 09:49:21","2023-08-14 10:35:54",1
11410,689594,Chengaroor,Mallappally,Pathanamthitta,12,"2023-08-14 09:49:21","2023-08-14 10:35:54",1
11413,689597,Thuruthicaud,Mallappally,Pathanamthitta,12,"2023-08-14 09:49:21","2023-08-14 10:35:54",1
11416,689602,"Puthusserry South",Mallappally,Pathanamthitta,12,"2023-08-14 09:49:21","2023-08-14 10:35:54",1
11419,689611,Kanjeettukara,Ranni,Pathanamthitta,12,"2023-08-14 09:49:21","2023-08-14 10:35:54",1
11422,689611,"Ayroor South",Ranni,Pathanamthitta,12,"2023-08-14 09:49:21","2023-08-14 10:35:54",1
11425,689612,"Ayroor North",Ranni,Pathanamthitta,12,"2023-08-14 09:49:21","2023-08-14 10:35:54",1
11428,689612,Velliyara,Ranni,Pathanamthitta,12,"2023-08-14 09:49:21","2023-08-14 10:35:54",1
11431,689613,Vellayil,Mallappally,Pathanamthitta,12,"2023-08-14 09:49:21","2023-08-14 10:35:54",1
11434,689613,Theodical,Mallappally,Pathanamthitta,12,"2023-08-14 09:49:21","2023-08-14 10:35:54",1
11437,689614,Kaithakody,Ranni,Pathanamthitta,12,"2023-08-14 09:49:21","2023-08-14 10:35:54",1
11440,689614,Edappavoor,Ranni,Pathanamthitta,12,"2023-08-14 09:49:21","2023-08-14 10:35:54",1
11443,689614,Thekkumkal,Ranni,Pathanamthitta,12,"2023-08-14 09:49:21","2023-08-14 10:35:54",1
11446,689614,Kottathoor,Ranni,Pathanamthitta,12,"2023-08-14 09:49:21","2023-08-14 10:35:54",1
11449,689615,Kariamplavu,Mallappally,Pathanamthitta,12,"2023-08-14 09:49:21","2023-08-14 10:35:54",1
11452,689615,Kottanad,Mallappally,Pathanamthitta,12,"2023-08-14 09:49:21","2023-08-14 10:35:54",1
11455,689621,Kizhakkumbhagom,Thiruvalla,Pathanamthitta,12,"2023-08-14 09:49:21","2023-08-14 10:35:54",1
11458,689621,Vdakkumbhagom,Thiruvalla,Pathanamthitta,12,"2023-08-14 09:49:21","2023-08-14 10:35:54",1
11461,689621,Niranam,Thiruvalla,Pathanamthitta,12,"2023-08-14 09:49:21","2023-08-14 10:35:54",1
11464,689621,"Kadapra Mannar",Tiruvalla,Pathanamthitta,12,"2023-08-14 09:49:21","2023-08-14 10:35:54",1
11467,689621,"Niranam Central",Thiruvalla,Pathanamthitta,12,"2023-08-14 09:49:21","2023-08-14 10:35:54",1
11470,689625,Elavanthitta,Kozhenchery,Pathanamthitta,12,"2023-08-14 09:49:21","2023-08-14 10:35:54",1
11473,689625,"Thumpamon Thazham",Kozhenchery,Pathanamthitta,12,"2023-08-14 09:49:21","2023-08-14 10:35:54",1
11476,689625,"Thumpamon North",Kozhenchery,Pathanamthitta,12,"2023-08-14 09:49:21","2023-08-14 10:35:54",1
11479,689625,Muttathukonam,Kozhenchery,Pathanamthitta,12,"2023-08-14 09:49:21","2023-08-14 10:35:54",1
11482,689626,Parumala,Thiruvalla,Pathanamthitta,12,"2023-08-14 09:49:21","2023-08-14 10:35:54",1
11485,689641,Melukara,Kozhenchery,Pathanamthitta,12,"2023-08-14 09:49:21","2023-08-14 10:35:54",1
11488,689641,Kozhencherry,Kozhencherry,Pathanamthitta,12,"2023-08-14 09:49:21","2023-08-14 10:35:54",1
11491,689641,"Kozhencherry East",Kozhenchery,Pathanamthitta,12,"2023-08-14 09:49:21","2023-08-14 10:35:54",1
11494,689641,"Kozhencherry College",Kozhenchery,Pathanamthitta,12,"2023-08-14 09:49:21","2023-08-14 10:35:54",1
11497,689642,"Naranganam West",Kozhenchery,Pathanamthitta,12,"2023-08-14 09:49:21","2023-08-14 10:35:54",1
11500,689642,Naranganam,Kozhencherry,Pathanamthitta,12,"2023-08-14 09:49:21","2023-08-14 10:35:54",1
11503,689642,"Naranganam North",Kozhenchery,Pathanamthitta,12,"2023-08-14 09:49:21","2023-08-14 10:35:54",1
11506,689643,Karamvely,Kozhenchery,Pathanamthitta,12,"2023-08-14 09:49:21","2023-08-14 10:35:54",1
11509,689643,Edapariyaram,Kozhenchery,Pathanamthitta,12,"2023-08-14 09:49:21","2023-08-14 10:35:54",1
11512,689643,Elanthur,Kozhencherry,Pathanamthitta,12,"2023-08-14 09:49:21","2023-08-14 10:35:54",1
11515,689643,"Elanthur Pariyaram",Kozhenchery,Pathanamthitta,12,"2023-08-14 09:49:21","2023-08-14 10:35:54",1
11518,689643,Prakkanam,Kozhenchery,Pathanamthitta,12,"2023-08-14 09:49:21","2023-08-14 10:35:54",1
11521,689643,Nellikala,Kozhenchery,Pathanamthitta,12,"2023-08-14 09:49:21","2023-08-14 10:35:54",1
11524,689643,"Elanthur East",Kozhenchery,Pathanamthitta,12,"2023-08-14 09:49:21","2023-08-14 10:35:54",1
11527,689644,Kuzhikala,Kozhenchery,Pathanamthitta,12,"2023-08-14 09:49:21","2023-08-14 10:35:54",1
11530,689645,Makkankunnu,Kozhenchery,Pathanamthitta,12,"2023-08-14 09:49:21","2023-08-14 10:35:54",1
11533,689645,Pathanamthitta,Kozhencherry,Pathanamthitta,12,"2023-08-14 09:49:21","2023-08-14 10:35:54",1
11536,689646,"Vazhamuttom East",Kozhenchery,Pathanamthitta,12,"2023-08-14 09:49:21","2023-08-14 10:35:54",1
11539,689646,Thengumcavu,Kozhenchery,Pathanamthitta,12,"2023-08-14 09:49:21","2023-08-14 10:35:54",1
11542,689646,Mallasseri,Kozhencherry,Pathanamthitta,12,"2023-08-14 09:49:21","2023-08-14 10:35:54",1
11545,689647,Oonnukal,Kozhenchery,Pathanamthitta,12,"2023-08-14 09:49:21","2023-08-14 10:35:54",1
11548,689647,Omallur-kla,Kozhencherry,Pathanamthitta,12,"2023-08-14 09:49:21","2023-08-14 10:35:54",1
11551,689647,Mathur,Kozhenchery,Pathanamthitta,12,"2023-08-14 09:49:21","2023-08-14 10:35:54",1
11554,689647,Vazhamuttom,Kozhenchery,Pathanamthitta,12,"2023-08-14 09:49:21","2023-08-14 10:35:54",1
11557,689648,Kaipattur,Kozhenchery,Pathanamthitta,12,"2023-08-14 09:49:21","2023-08-14 10:35:54",1
11560,689648,Vallicode,Kozhenchery,Pathanamthitta,12,"2023-08-14 09:49:21","2023-08-14 10:35:54",1
11563,689648,"Angadical North",Adoor,Pathanamthitta,12,"2023-08-14 09:49:21","2023-08-14 10:35:54",1
11566,689648,Chandanapally,Adur,Pathanamthitta,12,"2023-08-14 09:49:21","2023-08-14 10:35:54",1
11569,689649,Mundukottackal,Kozhenchery,Pathanamthitta,12,"2023-08-14 09:49:21","2023-08-14 10:35:54",1
11572,689649,Anthiyalankavu,Kozhenchery,Pathanamthitta,12,"2023-08-14 09:49:21","2023-08-14 10:35:54",1
11575,689649,Kadammanitta,Kozhenchery,Pathanamthitta,12,"2023-08-14 09:49:21","2023-08-14 10:35:54",1
11578,689650,"Cherukole Kozhencherri",Kozhencherri,Pathanamthitta,12,"2023-08-14 09:49:21","2023-08-14 10:35:54",1
11581,689650,"Kattoor Kozhencherry",Ranni,Pathanamthitta,12,"2023-08-14 09:49:21","2023-08-14 10:35:54",1
11584,689652,Punnakkad,Kozhencherry,Pathanamthitta,12,"2023-08-14 09:49:21","2023-08-14 10:35:54",1
11587,689653,"Musaliar College",Kozhenchery,Pathanamthitta,12,"2023-08-14 09:49:21","2023-08-14 10:35:54",1
11590,689653,Kizhakkupuram,Kozhenchery,Pathanamthitta,12,"2023-08-14 09:49:21","2023-08-14 10:35:54",1
11593,689653,Vadakkupuram,Kozhenchery,Pathanamthitta,12,"2023-08-14 09:49:21","2023-08-14 10:35:54",1
11596,689653,Kumbazhamuri,Kozhenchery,Pathanamthitta,12,"2023-08-14 09:49:21","2023-08-14 10:35:54",1
11599,689653,"Vettur Kumbazha",Kozhenchery,Pathanamthitta,12,"2023-08-14 09:49:21","2023-08-14 10:35:54",1
11602,689654,"Kozhencherry  Thekkemala",Kozhenchery,Pathanamthitta,12,"2023-08-14 09:49:21","2023-08-14 10:35:54",1
11605,689656,"Vallicode Kottayam",Kozhenchery,Pathanamthitta,12,"2023-08-14 09:49:21","2023-08-14 10:35:54",1
11608,689656,Elappupara,Kozhenchery,Pathanamthitta,12,"2023-08-14 09:49:21","2023-08-14 10:35:54",1
11611,689656,Njakkunilam,Kozhenchery,Pathanamthitta,12,"2023-08-14 09:49:21","2023-08-14 10:35:54",1
11614,689661,Kumpalampoika,Ranni,Pathanamthitta,12,"2023-08-14 09:49:21","2023-08-14 10:35:54",1
11617,689662,Angamoozhy,Ranni,Pathanamthitta,12,"2023-08-14 09:49:21","2023-08-14 10:35:54",1
11620,689662,Maniyar,Ranni,Pathanamthitta,12,"2023-08-14 09:49:21","2023-08-14 10:35:54",1
11623,689662,"Kumaramperoor Thekkekkara",Ranni,Pathanamthitta,12,"2023-08-14 09:49:21","2023-08-14 10:35:54",1
11626,689662,Lahai,Ranni,Pathanamthitta,12,"2023-08-14 09:49:21","2023-08-14 10:35:54",1
11629,689662,Moozhiar,Ranni,Pathanamthitta,12,"2023-08-14 09:49:21","2023-08-14 10:35:54",1
11632,689662,"Pampa Triveni",Ranni,Pathanamthitta,12,"2023-08-14 09:49:21","2023-08-14 10:35:54",1
11635,689662,Vadasserikara,Ranny,Pathanamthitta,12,"2023-08-14 09:49:21","2023-08-14 10:35:54",1
11638,689662,Pezhumpara,Ranni,Pathanamthitta,12,"2023-08-14 09:49:21","2023-08-14 10:35:54",1
11641,689663,Vayyattupuzha,Ranni,Pathanamthitta,12,"2023-08-14 09:49:21","2023-08-14 10:35:54",1
11644,689663,Pampini,Ranni,Pathanamthitta,12,"2023-08-14 09:49:21","2023-08-14 10:35:54",1
11647,689663,Karikayam,Ranni,Pathanamthitta,12,"2023-08-14 09:49:21","2023-08-14 10:35:54",1
11650,689663,Chittar,Ranny,Pathanamthitta,12,"2023-08-14 09:49:21","2023-08-14 10:35:54",1
11653,689663,Neeliplavu,Ranni,Pathanamthitta,12,"2023-08-14 09:49:21","2023-08-14 10:35:54",1
11656,689664,"Malayalapuzha Eram",Kozhenchery,Pathanamthitta,12,"2023-08-14 09:49:21","2023-08-14 10:35:54",1
11659,689664,Chengara,Kozhenchery,Pathanamthitta,12,"2023-08-14 09:49:21","2023-08-14 10:35:54",1
11662,689664,"Thalachira Eram",Ranni,Pathanamthitta,12,"2023-08-14 09:49:21","2023-08-14 10:35:54",1
11665,689666,"Malayalapuzha Thazham",Ranny,Pathanamthitta,12,"2023-08-14 09:49:21","2023-08-14 10:35:54",1
11668,689667,Seethathode,Ranni,Pathanamthitta,12,"2023-08-14 09:49:21","2023-08-14 10:35:54",1
11671,689667,Kottamonpara,Ranni,Pathanamthitta,12,"2023-08-14 09:49:21","2023-08-14 10:35:54",1
11674,689667,Kochukoikkal,Ranni,Pathanamthitta,12,"2023-08-14 09:49:21","2023-08-14 10:35:54",1
11677,689667,Gurunathanmannu,Ranni,Pathanamthitta,12,"2023-08-14 09:49:21","2023-08-14 10:35:54",1
11680,689668,Churulicode,Kozhenchery,Pathanamthitta,12,"2023-08-14 09:49:21","2023-08-14 10:35:54",1
11683,689668,Thonniamala,Kozhenchery,Pathanamthitta,12,"2023-08-14 09:49:21","2023-08-14 10:35:54",1
11686,689671,Chengalthadom,Kozhenchery,Pathanamthitta,12,"2023-08-14 09:49:21","2023-08-14 10:35:54",1
11689,689671,Mylapra,Kozhenchery,Pathanamthitta,12,"2023-08-14 09:49:21","2023-08-14 10:35:54",1
11692,689672,Uthimoodu,Ranni,Pathanamthitta,12,"2023-08-14 09:49:21","2023-08-14 10:35:54",1
11695,689672,Vayalathala,Ranni,Pathanamthitta,12,"2023-08-14 09:49:21","2023-08-14 10:35:54",1
11698,689672,Edakulam,Ranni,Pathanamthitta,12,"2023-08-14 09:49:21","2023-08-14 10:35:54",1
11701,689672,"Mandiram Jn",Ranni,Pathanamthitta,12,"2023-08-14 09:49:21","2023-08-14 10:35:54",1
11704,689672,Puthusserimala,Ranni,Pathanamthitta,12,"2023-08-14 09:49:21","2023-08-14 10:35:54",1
11707,689672,Ranny,Ranny,Pathanamthitta,12,"2023-08-14 09:49:21","2023-08-14 10:35:54",1
11710,689672,Keekozhur,Ranni,Pathanamthitta,12,"2023-08-14 09:49:21","2023-08-14 10:35:54",1
11713,689673,Karikulam,Ranni,Pathanamthitta,12,"2023-08-14 09:49:21","2023-08-14 10:35:54",1
11716,689673,Iythala,Ranni,Pathanamthitta,12,"2023-08-14 09:49:21","2023-08-14 10:35:54",1
11719,689673,Ranny-pazhavangadi,Ranny,Pathanamthitta,12,"2023-08-14 09:49:21","2023-08-14 10:35:54",1
11722,689673,Cherukulanji,Ranni,Pathanamthitta,12,"2023-08-14 09:49:21","2023-08-14 10:35:54",1
11725,689674,Pulloopram,Ranni,Pathanamthitta,12,"2023-08-14 09:49:21","2023-08-14 10:35:54",1
11728,689674,Oonnakavu,Ranni,Pathanamthitta,12,"2023-08-14 09:49:21","2023-08-14 10:35:54",1
11731,689674,Nellikkamon,Ranni,Pathanamthitta,12,"2023-08-14 09:49:21","2023-08-14 10:35:54",1
11734,689674,"Angadi (Pathanamthitta)",Ranny,Pathanamthitta,12,"2023-08-14 09:49:21","2023-08-14 10:35:54",1
11737,689675,Valiyakavu,Ranni,Pathanamthitta,12,"2023-08-14 09:49:21","2023-08-14 10:35:54",1
11740,689675,Ettichuvadu,Ranni,Pathanamthitta,12,"2023-08-14 09:49:21","2023-08-14 10:35:54",1
11743,689676,Makkapuzha,Ranni,Pathanamthitta,12,"2023-08-14 09:49:21","2023-08-14 10:35:54",1
11746,689676,Thombikandam,Ranni,Pathanamthitta,12,"2023-08-14 09:49:21","2023-08-14 10:35:54",1
11749,689676,"Ranny Edamon",Ranny,Pathanamthitta,12,"2023-08-14 09:49:21","2023-08-14 10:35:54",1
11752,689677,Chethackal,Ranni,Pathanamthitta,12,"2023-08-14 09:49:21","2023-08-14 10:35:54",1
11755,689677,Chellakkad,Ranni,Pathanamthitta,12,"2023-08-14 09:49:21","2023-08-14 10:35:54",1
11758,689678,"Mylapra Town",Kozhencherry,Pathanamthitta,12,"2023-08-14 09:49:21","2023-08-14 10:35:54",1
11761,689678,Mekozhur,Kozhenchery,Pathanamthitta,12,"2023-08-14 09:49:21","2023-08-14 10:35:54",1
11764,689678,Mannarakulanji,Kozhenchery,Pathanamthitta,12,"2023-08-14 09:49:21","2023-08-14 10:35:54",1
11767,689691,Aryavon,Kozhenchery,Pathanamthitta,12,"2023-08-14 09:49:21","2023-08-14 10:35:54",1
11770,689691,Elakollur,Kozhenchery,Pathanamthitta,12,"2023-08-14 09:49:21","2023-08-14 10:35:54",1
11773,689691,Oottupara,Kozhenchery,Pathanamthitta,12,"2023-08-14 09:49:21","2023-08-14 10:35:54",1
11776,689691,Nellikkapara,Kozhenchery,Pathanamthitta,12,"2023-08-14 09:49:21","2023-08-14 10:35:54",1
11779,689691,Kokkathode,Kozhenchery,Pathanamthitta,12,"2023-08-14 09:49:21","2023-08-14 10:35:54",1
11782,689691,Kallely,Kozhenchery,Pathanamthitta,12,"2023-08-14 09:49:21","2023-08-14 10:35:54",1
11785,689691,Konny,Kozhencherry,Pathanamthitta,12,"2023-08-14 09:49:21","2023-08-14 10:35:54",1
11788,689691,Vellappara,Kozhenchery,Pathanamthitta,12,"2023-08-14 09:49:21","2023-08-14 10:35:54",1
11791,689691,Aruvappulam,Kozhencherry,Pathanamthitta,12,"2023-08-14 09:49:21","2023-08-14 10:35:54",1
11794,689691,"Kallely Thottam",Kozhenchery,Pathanamthitta,12,"2023-08-14 09:49:21","2023-08-14 10:35:54",1
11797,689691,Kummannoor,Kozhenchery,Pathanamthitta,12,"2023-08-14 09:49:21","2023-08-14 10:35:54",1
11800,689692,Perinjottackal,Kozhenchery,Pathanamthitta,12,"2023-08-14 09:49:21","2023-08-14 10:35:54",1
11803,689692,Ellimullumplackal,Kozhenchery,Pathanamthitta,12,"2023-08-14 09:49:21","2023-08-14 10:35:54",1
11806,689692,Payyanamon,Kozhencherry,Pathanamthitta,12,"2023-08-14 09:49:21","2023-08-14 10:35:54",1
11809,689692,Adumpumkulam,Kozhencherry,Pathanamthitta,12,"2023-08-14 09:49:21","2023-08-14 10:35:54",1
11812,689692,Attachakkal,Kozhenchery,Pathanamthitta,12,"2023-08-14 09:49:21","2023-08-14 10:35:54",1
11815,689693,Nirathupara,Adoor,Pathanamthitta,12,"2023-08-14 09:49:21","2023-08-14 10:35:54",1
11818,689693,Koodal,Adur,Pathanamthitta,12,"2023-08-14 09:49:21","2023-08-14 10:35:54",1
11821,689693,Murinjakal,Adoor,Pathanamthitta,12,"2023-08-14 09:49:21","2023-08-14 10:35:54",1
11824,689693,Nedumoncavu,Adoor,Pathanamthitta,12,"2023-08-14 09:49:21","2023-08-14 10:35:54",1
11827,689693,Athirumkal,Adoor,Pathanamthitta,12,"2023-08-14 09:49:21","2023-08-14 10:35:54",1
11830,689693,Kulathumon,Adoor,Pathanamthitta,12,"2023-08-14 09:49:21","2023-08-14 10:35:54",1
11833,689694,Kalanjoor,Adoor,Pathanamthitta,12,"2023-08-14 09:49:21","2023-08-14 10:35:54",1
11836,689694,Padam,Adoor,Pathanamthitta,12,"2023-08-14 09:49:21","2023-08-14 10:35:54",1
11839,689694,Mancode,Adoor,Pathanamthitta,12,"2023-08-14 09:49:21","2023-08-14 10:35:54",1
11842,689695,Kurumbakara,Adoor,Pathanamthitta,12,"2023-08-14 09:49:21","2023-08-14 10:35:54",1
11845,689698,Vakayar,Kozhenchery,Pathanamthitta,12,"2023-08-14 09:49:21","2023-08-14 10:35:54",1
11848,689698,Muthupezhumkal,Kozhenchery,Pathanamthitta,12,"2023-08-14 09:49:21","2023-08-14 10:35:54",1
11851,689699,Thannithode,Kozhencherry,Pathanamthitta,12,"2023-08-14 09:49:21","2023-08-14 10:35:54",1
11854,689699,Manneera,Kozhenchery,Pathanamthitta,12,"2023-08-14 09:49:21","2023-08-14 10:35:54",1
11857,689699,Thekkuthode,Kozhenchery,Pathanamthitta,12,"2023-08-14 09:49:22","2023-08-14 10:35:54",1
11860,689711,"Ranny Perinad",Ranny,Pathanamthitta,12,"2023-08-14 09:49:22","2023-08-14 10:35:54",1
11863,689711,Kakkudumon,Ranni,Pathanamthitta,12,"2023-08-14 09:49:22","2023-08-14 10:35:54",1
11866,689711,Madamon,Ranni,Pathanamthitta,12,"2023-08-14 09:49:22","2023-08-14 10:35:54",1
11869,689711,Kudamurutty,Ranni,Pathanamthitta,12,"2023-08-14 09:49:22","2023-08-14 10:35:54",1
11872,689711,Mampara,Ranni,Pathanamthitta,12,"2023-08-14 09:49:22","2023-08-14 10:35:54",1
11875,689711,Naranamoozhy,Ranny,Pathanamthitta,12,"2023-08-14 09:49:22","2023-08-14 10:35:54",1
11878,689711,Koonamkara,Ranni,Pathanamthitta,12,"2023-08-14 09:49:22","2023-08-14 10:35:54",1
11881,689711,Adichipuzha,Ranni,Pathanamthitta,12,"2023-08-14 09:49:22","2023-08-14 10:35:54",1
11884,690504,"Pallickal -nooranad",Adoor,Pathanamthitta,12,"2023-08-14 09:49:22","2023-08-14 10:35:54",1
11887,690522,Thengamom,Adoor,Pathanamthitta,12,"2023-08-14 09:49:22","2023-08-14 10:35:54",1
11890,691523,"Adur( Kla)",Adur,Pathanamthitta,12,"2023-08-14 09:49:22","2023-08-14 10:35:54",1
11893,691524,Elamannur,Adur,Pathanamthitta,12,"2023-08-14 09:49:22","2023-08-14 10:35:54",1
11896,691524,Marur,Adoor,Pathanamthitta,12,"2023-08-14 09:49:22","2023-08-14 10:35:54",1
11899,691524,Mangadu-Elamannur,Adur,Pathanamthitta,12,"2023-08-14 09:49:22","2023-08-14 10:35:54",1
11902,691525,Thattayil,Adoor,Pathanamthitta,12,"2023-08-14 09:49:22","2023-08-14 10:35:54",1
11905,691525,Parakara,Adoor,Pathanamthitta,12,"2023-08-14 09:49:22","2023-08-14 10:35:54",1
11908,691525,Anandapally,Adoor,Pathanamthitta,12,"2023-08-14 09:49:22","2023-08-14 10:35:54",1
11911,691526,Kaithaparambu,Adoor,Pathanamthitta,12,"2023-08-14 09:49:22","2023-08-14 10:35:54",1
11914,691526,Enathu,Adur,Pathanamthitta,12,"2023-08-14 09:49:22","2023-08-14 10:35:54",1
11917,691526,"Vadakkedathukavu Jn",Adoor,Pathanamthitta,12,"2023-08-14 09:49:22","2023-08-14 10:35:54",1
11920,691530,"Mannady (Pathanamthitta)",Adoor,Pathanamthitta,12,"2023-08-14 09:49:22","2023-08-14 10:35:54",1
11923,691551,Choorakode,Adoor,Pathanamthitta,12,"2023-08-14 09:49:22","2023-08-14 10:35:54",1
11926,691551,Parakoottam,Adoor,Pathanamthitta,12,"2023-08-14 09:49:22","2023-08-14 10:35:54",1
11929,691551,Nellimukal,Adoor,Pathanamthitta,12,"2023-08-14 09:49:22","2023-08-14 10:35:54",1
11932,691551,Peringanad,Adur,Pathanamthitta,12,"2023-08-14 09:49:22","2023-08-14 10:35:54",1
11935,691551,Manakala,Kunnathur,Pathanamthitta,12,"2023-08-14 09:49:22","2023-08-14 10:35:54",1
11938,691552,"Thuvayur South",Adoor,Pathanamthitta,12,"2023-08-14 09:49:22","2023-08-14 10:35:54",1
11941,691552,Kadambanad,Adur,Pathanamthitta,12,"2023-08-14 09:49:22","2023-08-14 10:35:54",1
11944,691553,"Kadambanad South",Adoor,Pathanamthitta,12,"2023-08-14 09:49:22","2023-08-14 10:35:54",1
11947,691554,"Vayala Parakode",Adoor,Pathanamthitta,12,"2023-08-14 09:49:22","2023-08-14 10:35:54",1
11950,691554,Theppupara,Adoor,Pathanamthitta,12,"2023-08-14 09:49:22","2023-08-14 10:35:54",1
11953,691554,Puthumala,Adoor,Pathanamthitta,12,"2023-08-14 09:49:22","2023-08-14 10:35:54",1
11956,691554,Melood,Adoor,Pathanamthitta,12,"2023-08-14 09:49:22","2023-08-14 10:35:54",1
11959,691554,Pazhakulam,Adur,Pathanamthitta,12,"2023-08-14 09:49:22","2023-08-14 10:35:54",1
11962,691554,Parakode,Adoor,Pathanamthitta,12,"2023-08-14 09:49:22","2023-08-14 10:35:54",1
11965,691555,"Kodumon East",Adoor,Pathanamthitta,12,"2023-08-14 09:49:22","2023-08-14 10:35:54",1
11968,691555,Kodumon,Adur,Pathanamthitta,12,"2023-08-14 09:49:22","2023-08-14 10:35:54",1
11971,691555,Edathitta,Adoor,Pathanamthitta,12,"2023-08-14 09:49:22","2023-08-14 10:35:54",1
11974,691555,"Angadical South",Adoor,Pathanamthitta,12,"2023-08-14 09:49:22","2023-08-14 10:35:54",1
11977,691556,Chayalode,Adoor,Pathanamthitta,12,"2023-08-14 09:49:22","2023-08-14 10:35:54",1
11980,691556,Nedumon,Adur,Pathanamthitta,12,"2023-08-14 09:49:22","2023-08-14 10:35:54",1
11983,691556,Chelikuzhy,Pathanapuram,Pathanamthitta,12,"2023-08-14 09:49:22","2023-08-14 10:35:54",1
11986,695001,"Thiruvananthapuram G.P.O.",Thiruvananthapuram,Thiruvananthapuram,14,"2023-08-14 09:49:22","2023-08-14 10:35:54",1
11989,695001,"Thiruvananthapuram  Govt Press",Thiruvananthapuram,Thiruvananthapuram,14,"2023-08-14 09:49:22","2023-08-14 10:35:54",1
11992,695101,Attingal,Chirayinkeezhu,Thiruvananthapuram,14,"2023-08-14 09:49:22","2023-08-14 10:35:54",1
11995,695101,Keezhattingal,Chirayinkeezhu,Thiruvananthapuram,14,"2023-08-14 09:49:22","2023-08-14 10:35:54",1
11998,695102,Perumkulam,Chirayinkeezhu,Thiruvananthapuram,14,"2023-08-14 09:49:22","2023-08-14 10:35:54",1
12001,695102,Alamcode,Chirayinkeezhu,Thiruvananthapuram,14,"2023-08-14 09:49:22","2023-08-14 10:35:54",1
12004,695102,Altharamoodu,Chirayinkeezhu,Thiruvananthapuram,14,"2023-08-14 09:49:22","2023-08-14 10:35:54",1
12007,695102,Nedumparambu,Chirayinkeezhu,Thiruvananthapuram,14,"2023-08-14 09:49:22","2023-08-14 10:35:54",1
12010,695102,Vanchiyur-attingal,Chirayinkeezhu,Thiruvananthapuram,14,"2023-08-14 09:49:22","2023-08-14 10:35:54",1
12013,695103,Poikamukku,Chirayinkeezhu,Thiruvananthapuram,14,"2023-08-14 09:49:22","2023-08-14 10:35:54",1
12016,695103,Avanavancherry,chirayinkeezhu,Thiruvananthapuram,14,"2023-08-14 09:49:22","2023-08-14 10:35:54",1
12019,695103,Mudakkal,Chirayinkeezhu,Thiruvananthapuram,14,"2023-08-14 09:49:22","2023-08-14 10:35:54",1
12022,695103,Ilamba,Chirayinkeezhu,Thiruvananthapuram,14,"2023-08-14 09:49:22","2023-08-14 10:35:54",1
12025,695103,Ayilam,Chirayinkeezhu,Thiruvananthapuram,14,"2023-08-14 09:49:22","2023-08-14 10:35:54",1
12028,695104,Kurakkada,Chirayinkeezhu,Thiruvananthapuram,14,"2023-08-14 09:49:22","2023-08-14 10:35:54",1
12031,695104,Edakode,Chirayinkeezhu,Thiruvananthapuram,14,"2023-08-14 09:49:22","2023-08-14 10:35:54",1
12034,695104,Parayathukonam,Chirayinkeezhu,Thiruvananthapuram,14,"2023-08-14 09:49:22","2023-08-14 10:35:54",1
12037,695104,Oorupoika,Chirayinkeezhu,Thiruvananthapuram,14,"2023-08-14 09:49:22","2023-08-14 10:35:54",1
12040,695104,Kizhuvalam,Chirayinkeezh,Thiruvananthapuram,14,"2023-08-14 09:49:22","2023-08-14 10:35:54",1
12043,695104,Kandukrishi,Chirayinkeezhu,Thiruvananthapuram,14,"2023-08-14 09:49:22","2023-08-14 10:35:54",1
12046,695121,"Neyyattinkara Town",Neyyattinkara,Thiruvananthapuram,14,"2023-08-14 09:49:22","2023-08-14 10:35:54",1
12049,695121,Neyyattinkara,Neyyattinkara,Thiruvananthapuram,14,"2023-08-14 09:49:22","2023-08-14 10:35:54",1
12052,695122,Mariyapuram,Neyyattinkara,Thiruvananthapuram,14,"2023-08-14 09:49:22","2023-08-14 10:35:54",1
12055,695122,Amaravila,Neyyattinkara,Thiruvananthapuram,14,"2023-08-14 09:49:22","2023-08-14 10:35:54",1
12058,695122,Plamootukada,Neyyattinkara,Thiruvananthapuram,14,"2023-08-14 09:49:22","2023-08-14 10:35:54",1
12061,695122,Arayur,Neyyattinkara,Thiruvananthapuram,14,"2023-08-14 09:49:22","2023-08-14 10:35:54",1
12064,695122,Chaikkottukonam,Neyyattinkara,Thiruvananthapuram,14,"2023-08-14 09:49:22","2023-08-14 10:35:54",1
12067,695123,Venpakal,Neyyattinkara,Thiruvananthapuram,14,"2023-08-14 09:49:22","2023-08-14 10:35:54",1
12070,695123,Thannimoodu,Neyyattinkara,Thiruvananthapuram,14,"2023-08-14 09:49:22","2023-08-14 10:35:54",1
12073,695123,Aralumoodu,Neyyattinkara,Thiruvananthapuram,14,"2023-08-14 09:49:22","2023-08-14 10:35:54",1
12076,695123,Kodungavila,Neyyattinkara,Thiruvananthapuram,14,"2023-08-14 09:49:22","2023-08-14 10:35:54",1
12079,695124,Marayamuttom,Neyyattinkara,Thiruvananthapuram,14,"2023-08-14 09:49:22","2023-08-14 10:35:54",1
12082,695124,Keezharur,Neyyattinkara,Thiruvananthapuram,14,"2023-08-14 09:49:22","2023-08-14 10:35:54",1
12085,695124,"Kottackal (TVM)",Neyyattinkara,Thiruvananthapuram,14,"2023-08-14 09:49:22","2023-08-14 10:35:54",1
12088,695124,Perumkadavila,Neyyattinkara,Thiruvananthapuram,14,"2023-08-14 09:49:22","2023-08-14 10:35:54",1
12091,695124,Anavoor,Neyyattinkara,Thiruvananthapuram,14,"2023-08-14 09:49:22","2023-08-14 10:35:54",1
12094,695125,Mannamkonam,Neyyattinkara,Thiruvananthapuram,14,"2023-08-14 09:49:22","2023-08-14 10:35:54",1
12097,695125,Manchamcode,Neyyattinkara,Thiruvananthapuram,14,"2023-08-14 09:49:22","2023-08-14 10:35:54",1
12100,695125,Ottasekharamangalam,Neyyattinkara,Thiruvananthapuram,14,"2023-08-14 09:49:22","2023-08-14 10:35:54",1
12103,695125,Dalmughom,Neyyattinkara,Thiruvananthapuram,14,"2023-08-14 09:49:22","2023-08-14 10:35:54",1
12106,695125,Poozhanad,Neyyattinkara,Thiruvananthapuram,14,"2023-08-14 09:49:22","2023-08-14 10:35:54",1
12109,695125,Vazhichal,Neyyattinkara,Thiruvananthapuram,14,"2023-08-14 09:49:22","2023-08-14 10:35:54",1
12112,695126,Perumpazhuthoor,Neyyattinkara,Thiruvananthapuram,14,"2023-08-14 09:49:22","2023-08-14 10:35:54",1
12115,695126,Aruvipuram,Neyyattinkara,Thiruvananthapuram,14,"2023-08-14 09:49:22","2023-08-14 10:35:54",1
12118,695132,Vattavila,Neyyattinkara,Thiruvananthapuram,14,"2023-08-14 09:49:22","2023-08-14 10:35:54",1
12121,695132,Chenkal,Neyyattinkara,Thiruvananthapuram,14,"2023-08-14 09:49:22","2023-08-14 10:35:54",1
12124,695133,Tirupuram,Neyyattinkara,Thiruvananthapuram,14,"2023-08-14 09:49:22","2023-08-14 10:35:54",1
12127,695133,Mulluvila,Neyyattinkara,Thiruvananthapuram,14,"2023-08-14 09:49:22","2023-08-14 10:35:54",1
12130,695133,Olathanni,Neyyattinkara,Thiruvananthapuram,14,"2023-08-14 09:49:22","2023-08-14 10:35:54",1
12133,695134,Vlathankara,Neyyattinkara,Thiruvananthapuram,14,"2023-08-14 09:49:22","2023-08-14 10:35:54",1
12136,695141,Chilakur,Chirayinkeezhu,Thiruvananthapuram,14,"2023-08-14 09:49:22","2023-08-14 10:35:54",1
12139,695141,Varkala,Chirayinkeezhu,Thiruvananthapuram,14,"2023-08-14 09:49:22","2023-08-14 10:35:54",1
12142,695141,Janardhanapuram,Chirayinkeezhu,Thiruvananthapuram,14,"2023-08-14 09:49:22","2023-08-14 10:35:54",1
12145,695141,"Varkala South",Chirayinkeezhu,Thiruvananthapuram,14,"2023-08-14 09:49:22","2023-08-14 10:35:54",1
12148,695142,Cherunniyur,Chirayinkeezhu,Thiruvananthapuram,14,"2023-08-14 09:49:22","2023-08-14 10:35:54",1
12151,695143,Thokkad,Chirayinkeezhu,Thiruvananthapuram,14,"2023-08-14 09:49:22","2023-08-14 10:35:54",1
12154,695143,Palachira,Chirayinkeezhu,Thiruvananthapuram,14,"2023-08-14 09:49:22","2023-08-14 10:35:54",1
12157,695143,Vadasserikonam,Chirayinkeezhu,Thiruvananthapuram,14,"2023-08-14 09:49:22","2023-08-14 10:35:54",1
12160,695144,Kulamuttam,Chirayinkeezhu,Thiruvananthapuram,14,"2023-08-14 09:49:22","2023-08-14 10:35:54",1
12163,695144,Kavalayur,Chirayinkeezhu,Thiruvananthapuram,14,"2023-08-14 09:49:22","2023-08-14 10:35:54",1
12166,695144,Moongode,Chirayinkeezhu,Thiruvananthapuram,14,"2023-08-14 09:49:22","2023-08-14 10:35:54",1
12169,695145,Muttappalam,Chirayinkeezhu,Thiruvananthapuram,14,"2023-08-14 09:49:22","2023-08-14 10:35:54",1
12172,695145,Sreenivasapuram,Chirayinkeezhu,Thiruvananthapuram,14,"2023-08-14 09:49:22","2023-08-14 10:35:54",1
12175,695145,Panayara,Chirayinkeezhu,Thiruvananthapuram,14,"2023-08-14 09:49:22","2023-08-14 10:35:54",1
12178,695146,Palayamkunnu,Chirayinkeezhu,Thiruvananthapuram,14,"2023-08-14 09:49:22","2023-08-14 10:35:54",1
12181,695146,Muthana,Chirayinkeezhu,Thiruvananthapuram,14,"2023-08-14 09:49:22","2023-08-14 10:35:54",1
12184,695301,Kaniyapuram,Thiruvananthapuram,Thiruvananthapuram,14,"2023-08-14 09:49:22","2023-08-14 10:35:54",1
12187,695301,Chittattumukku,Thiruvananthapuram,Thiruvananthapuram,14,"2023-08-14 09:49:22","2023-08-14 10:35:54",1
12190,695301,Channamkara,Thiruvananthapuram,Thiruvananthapuram,14,"2023-08-14 09:49:22","2023-08-14 10:35:54",1
12193,695302,Murukumpuzhaa,Thiruvananthapuram,Thiruvananthapuram,14,"2023-08-14 09:49:22","2023-08-14 10:35:54",1
12196,695303,Perumathura,Chirayinkeezhu,Thiruvananthapuram,14,"2023-08-14 09:49:22","2023-08-14 10:35:54",1
12199,695303,Puthencurichy,Thiruvananthapuram,Thiruvananthapuram,14,"2023-08-14 09:49:22","2023-08-14 10:35:54",1
12202,695304,Cheruvallimukku,Chirayinkeezhu,Thiruvananthapuram,14,"2023-08-14 09:49:22","2023-08-14 10:35:54",1
12205,695304,Chirayinkeezhu,Chirayinkeezhu,Thiruvananthapuram,14,"2023-08-14 09:49:22","2023-08-14 10:35:54",1
12208,695304,Katakam,Chirayinkeezhu,Thiruvananthapuram,14,"2023-08-14 09:49:22","2023-08-14 10:35:54",1
12211,695304,Mudapuram,Chirayinkeezhu,Thiruvananthapuram,14,"2023-08-14 09:49:22","2023-08-14 10:35:54",1
12214,695305,Sasthavattom,Chirayinkeezhu,Thiruvananthapuram,14,"2023-08-14 09:49:22","2023-08-14 10:35:54",1
12217,695305,Perunguzhi,Chirayinkeezhu,Thiruvananthapuram,14,"2023-08-14 09:49:22","2023-08-14 10:35:54",1
12220,695305,Azhurmarket,Chirayinkeezhu,Thiruvananthapuram,14,"2023-08-14 09:49:22","2023-08-14 10:35:54",1
12223,695306,Anathalavattom,Chirayinkeezhu,Thiruvananthapuram,14,"2023-08-14 09:49:22","2023-08-14 10:35:54",1
12226,695306,Nilakkamukku,Chirayinkeezhu,Thiruvananthapuram,14,"2023-08-14 09:49:22","2023-08-14 10:35:54",1
12229,695306,Kadakkavur,Chirayinkeezhu,Thiruvananthapuram,14,"2023-08-14 09:49:22","2023-08-14 10:35:54",1
12232,695306,Melkadakkavur,Chirayinkeezhu,Thiruvananthapuram,14,"2023-08-14 09:49:22","2023-08-14 10:35:54",1
12235,695307,Kaikara,Chirayinkeezhu,Thiruvananthapuram,14,"2023-08-14 09:49:25","2023-08-14 10:35:54",1
12238,695307,Nedunganda,Chirayinkeezhu,Thiruvananthapuram,14,"2023-08-14 09:49:25","2023-08-14 10:35:54",1
12241,695308,Vakkom,Chirayinkeezhu,Thiruvananthapuram,14,"2023-08-14 09:49:25","2023-08-14 10:35:54",1
12244,695309,Anjengo,Chirayinkeezhu,Thiruvananthapuram,14,"2023-08-14 09:49:25","2023-08-14 10:35:54",1
12247,695309,Poothura,Chirayinkeezhu,Thiruvananthapuram,14,"2023-08-14 09:49:25","2023-08-14 10:35:54",1
12250,695310,Ayroor-varkala,Chirayinkeezhu,Thiruvananthapuram,14,"2023-08-14 09:49:25","2023-08-14 10:35:54",1
12253,695310,Elakamon,Chirayinkeezhu,Thiruvananthapuram,14,"2023-08-14 09:49:25","2023-08-14 10:35:54",1
12256,695310,Elakamon-kizhakkepuram,Chirayinkeezhu,Thiruvananthapuram,14,"2023-08-14 09:49:25","2023-08-14 10:35:54",1
12259,695310,Hariharapuram,Chirayinkeezhu,Thiruvananthapuram,14,"2023-08-14 09:49:25","2023-08-14 10:35:54",1
12262,695311,Kappil,Chirayinkeezhu,Thiruvananthapuram,14,"2023-08-14 09:49:25","2023-08-14 10:35:54",1
12265,695311,Pullanicode,Chirayinkeezhu,Thiruvananthapuram,14,"2023-08-14 09:49:25","2023-08-14 10:35:54",1
12268,695311,Odayam,Chirayinkeezhu,Thiruvananthapuram,14,"2023-08-14 09:49:25","2023-08-14 10:35:54",1
12271,695311,Venkulam,Chirayinkeezhu,Thiruvananthapuram,14,"2023-08-14 09:49:25","2023-08-14 10:35:54",1
12274,695311,Edava,Chirayinkeezhu,Thiruvananthapuram,14,"2023-08-14 09:49:25","2023-08-14 10:35:54",1
12277,695312,Vettoor,Chirayinkeezhu,Thiruvananthapuram,14,"2023-08-14 09:49:25","2023-08-14 10:35:54",1
12280,695312,Melvettoor,Chirayinkeezhu,Thiruvananthapuram,14,"2023-08-14 09:49:25","2023-08-14 10:35:54",1
12283,695313,Manjamala,Thiruvananthapuram,Thiruvananthapuram,14,"2023-08-14 09:49:25","2023-08-14 10:35:54",1
12286,695313,Kudavur,Chirayinkeezhu,Thiruvananthapuram,14,"2023-08-14 09:49:25","2023-08-14 10:35:54",1
12289,695316,"Pallipuram (Thiruvananthapuram)",Thiruvananthapuram,Thiruvananthapuram,14,"2023-08-14 09:49:25","2023-08-14 10:35:54",1
12292,695317,Thonnakkal,Thiruvananthapuram,Thiruvananthapuram,14,"2023-08-14 09:49:25","2023-08-14 10:35:54",1
12295,695318,Vennicode,Chirayinkeezhu,Thiruvananthapuram,14,"2023-08-14 09:49:25","2023-08-14 10:35:54",1
12298,695501,Payattuvila,Neyyattinkara,Thiruvananthapuram,14,"2023-08-14 09:49:25","2023-08-14 10:35:54",1
12301,695501,Balaramapuram,Neyyattinkara,Thiruvananthapuram,14,"2023-08-14 09:49:25","2023-08-14 10:35:54",1
12304,695501,Bhagavathinada,Neyyattinkara,Thiruvananthapuram,14,"2023-08-14 09:49:25","2023-08-14 10:35:54",1
12307,695501,Chowara,Neyyattinkara,Thiruvananthapuram,14,"2023-08-14 09:49:25","2023-08-14 10:35:54",1
12310,695501,Russelpuram,Neyyattinkara,Thiruvananthapuram,14,"2023-08-14 09:49:25","2023-08-14 10:35:54",1
12313,695501,Vedivachankoil,Neyyattinkara,Thiruvananthapuram,14,"2023-08-14 09:49:25","2023-08-14 10:35:54",1
12316,695501,Kottukal,Neyyattinkara,Thiruvananthapuram,14,"2023-08-14 09:49:25","2023-08-14 10:35:54",1
12319,695501,Kattachalkuzhy,Thiruvananthapuram,Thiruvananthapuram,14,"2023-08-14 09:49:25","2023-08-14 10:35:54",1
12322,695502,Parassala,Neyyattinkara,Thiruvananthapuram,14,"2023-08-14 09:49:25","2023-08-14 10:35:54",1
12325,695502,Ayira,Neyyattinkara,Thiruvananthapuram,14,"2023-08-14 09:49:25","2023-08-14 10:35:54",1
12328,695502,Cheruvarakonam,Neyyattinkara,Thiruvananthapuram,14,"2023-08-14 09:49:25","2023-08-14 10:35:54",1
12331,695503,Dhanuvachapuram,Neyyattinkara,Thiruvananthapuram,14,"2023-08-14 09:49:25","2023-08-14 10:35:54",1
12334,695503,Manchavilakom,Neyyattinkara,Thiruvananthapuram,14,"2023-08-14 09:49:25","2023-08-14 10:35:54",1
12337,695504,Elluvila,Neyyattinkara,Thiruvananthapuram,14,"2023-08-14 09:49:25","2023-08-14 10:35:54",1
12340,695504,Kunnathukal,Neyyattinkara,Thiruvananthapuram,14,"2023-08-14 09:49:25","2023-08-14 10:35:54",1
12343,695504,Cheriakolla,Neyyattinkara,Thiruvananthapuram,14,"2023-08-14 09:49:25","2023-08-14 10:35:54",1
12346,695504,Karakonam,Neyyattinkara,Thiruvananthapuram,14,"2023-08-14 09:49:25","2023-08-14 10:35:54",1
12349,695505,Kudappanamoodu,Neyyattinkara,Thiruvananthapuram,14,"2023-08-14 09:49:25","2023-08-14 10:35:54",1
12352,695505,Vellarada,Neyyattinkara,Thiruvananthapuram,14,"2023-08-14 09:49:25","2023-08-14 10:35:54",1
12355,695505,Manali,Neyyattinkara,Thiruvananthapuram,14,"2023-08-14 09:49:25","2023-08-14 10:35:54",1
12358,695505,Kudayal,Neyyattinkara,Thiruvananthapuram,14,"2023-08-14 09:49:25","2023-08-14 10:35:54",1
12361,695505,Thekkupara,Neyyattinkara,Thiruvananthapuram,14,"2023-08-14 09:49:25","2023-08-14 10:35:54",1
12364,695505,Kuttamala,Neyyattinkara,Thiruvananthapuram,14,"2023-08-14 09:49:25","2023-08-14 10:35:54",1
12367,695505,Karikuzhi,Neyyattinkara,Thiruvananthapuram,14,"2023-08-14 09:49:25","2023-08-14 10:35:54",1
12370,695505,Panachamoodu,Neyyattinkara,Thiruvananthapuram,14,"2023-08-14 09:49:25","2023-08-14 10:35:54",1
12373,695505,Mayam,Neyyattinkara,Thiruvananthapuram,14,"2023-08-14 09:49:25","2023-08-14 10:35:54",1
12376,695505,Koothali(TVM),Neyyattinkara,Thiruvananthapuram,14,"2023-08-14 09:49:25","2023-08-14 10:35:54",1
12379,695505,Amboori,Neyyattinkara,Thiruvananthapuram,14,"2023-08-14 09:49:25","2023-08-14 10:35:54",1
12382,695506,Venkadambu,Neyyattinkara,Thiruvananthapuram,14,"2023-08-14 09:49:25","2023-08-14 10:35:54",1
12385,695506,Karode,Neyyattinkara,Thiruvananthapuram,14,"2023-08-14 09:49:25","2023-08-14 10:35:54",1
12388,695506,Uchakada,Neyyattinkara,Thiruvananthapuram,14,"2023-08-14 09:49:25","2023-08-14 10:35:54",1
12391,695506,Kakkavila,Neyyattinkara,Thiruvananthapuram,14,"2023-08-14 09:49:25","2023-08-14 10:35:54",1
12394,695507,Ooruttambalam,Neyyattinkara,Thiruvananthapuram,14,"2023-08-14 09:49:25","2023-08-14 10:35:54",1
12397,695508,Parasuvaickal,Neyyattinkara,Thiruvananthapuram,14,"2023-08-14 09:49:25","2023-08-14 10:35:54",1
12400,695512,Kandala,Neyyattinkara,Thiruvananthapuram,14,"2023-08-14 09:49:25","2023-08-14 10:35:54",1
12403,695512,Kuvalassery,Neyyattinkara,Thiruvananthapuram,14,"2023-08-14 09:49:25","2023-08-14 10:35:54",1
12406,695512,Veliyamcode,Neyyattinkara,Thiruvananthapuram,14,"2023-08-14 09:49:25","2023-08-14 10:35:54",1
12409,695513,Pozhiyoor,Neyyattinkara,Thiruvananthapuram,14,"2023-08-14 09:49:25","2023-08-14 10:35:54",1
12412,695521,Vizhinjam,Thiruvananthapuram,Thiruvananthapuram,14,"2023-08-14 09:49:25","2023-08-14 10:35:54",1
12415,695521,Kottapuram,Neyyattinkara,Thiruvananthapuram,14,"2023-08-14 09:49:25","2023-08-14 10:35:54",1
12418,695521,Mullur,Neyyattinkara,Thiruvananthapuram,14,"2023-08-14 09:49:25","2023-08-14 10:35:54",1
12421,695522,Vellayani,Thiruvananthapuram,Thiruvananthapuram,14,"2023-08-14 09:49:25","2023-08-14 10:35:54",1
12424,695522,"Cgo Complex Poonkulam",Thiruvananthapuram,Thiruvananthapuram,14,"2023-08-14 09:49:25","2023-08-14 10:35:54",1
12427,695523,Muttakadu,Thiruvananthapuram,Thiruvananthapuram,14,"2023-08-14 09:49:25","2023-08-14 10:35:54",1
12430,695523,Nellivila,Thiruvananthapuram,Thiruvananthapuram,14,"2023-08-14 09:49:25","2023-08-14 10:35:54",1
12433,695523,Kidarakuzhy,Neyyattinkara,Thiruvananthapuram,14,"2023-08-14 09:49:25","2023-08-14 10:35:54",1
12436,695523,Venganur,Neyyattinkara,Thiruvananthapuram,14,"2023-08-14 09:49:25","2023-08-14 10:35:54",1
12439,695524,Kanjiramkulam,Neyyattinkara,Thiruvananthapuram,14,"2023-08-14 09:49:25","2023-08-14 10:35:54",1
12442,695524,Nellimoodu,Neyyattinkara,Thiruvananthapuram,14,"2023-08-14 09:49:25","2023-08-14 10:35:54",1
12445,695525,Puvar,Neyyattinkara,Thiruvananthapuram,14,"2023-08-14 09:49:25","2023-08-14 10:35:54",1
12448,695525,Arumanoor,Neyyattinkara,Thiruvananthapuram,14,"2023-08-14 09:49:25","2023-08-14 10:35:54",1
12451,695525,Kanjampazhanji,Neyyattinkara,Thiruvananthapuram,14,"2023-08-14 09:49:25","2023-08-14 10:35:54",1
12454,695526,Kazhavur,Neyyattinkara,Thiruvananthapuram,14,"2023-08-14 09:49:25","2023-08-14 10:35:54",1
12457,695526,Pulluvila,Neyyattinkara,Thiruvananthapuram,14,"2023-08-14 09:49:25","2023-08-14 10:35:54",1
12460,695526,Lourdepuram,Neyyattinkara,Thiruvananthapuram,14,"2023-08-14 09:49:25","2023-08-14 10:35:54",1
12463,695526,Puthiathura,Neyyattinkara,Thiruvananthapuram,14,"2023-08-14 09:49:25","2023-08-14 10:35:54",1
12466,695527,"Kovalam (Thiruvananthapuram)",Thiruvananthapuram,Thiruvananthapuram,14,"2023-08-14 09:49:25","2023-08-14 10:35:54",1
12469,695527,"Kovalam Beach",Thiruvananthapuram,Thiruvananthapuram,14,"2023-08-14 09:49:25","2023-08-14 10:35:54",1
12472,695528,Naruvamoodu,Neyyattinkara,Thiruvananthapuram,14,"2023-08-14 09:49:25","2023-08-14 10:35:54",1
12475,695541,Nedumangad,Nedumangad,Thiruvananthapuram,14,"2023-08-14 09:49:25","2023-08-14 10:35:54",1
12478,695541,Chullimanoor,Nedumangad,Thiruvananthapuram,14,"2023-08-14 09:49:25","2023-08-14 10:35:54",1
12481,695541,Tholicode,Nedumangad,Thiruvananthapuram,14,"2023-08-14 09:49:25","2023-08-14 10:35:54",1
12484,695541,Mannurkonam,Nedumangad,Thiruvananthapuram,14,"2023-08-14 09:49:25","2023-08-14 10:35:54",1
12487,695541,Paruthikuzhy,Nedumangad,Thiruvananthapuram,14,"2023-08-14 09:49:25","2023-08-14 10:35:54",1
12490,695541,Puthukulangara,Nedumangad,Thiruvananthapuram,14,"2023-08-14 09:49:25","2023-08-14 10:35:54",1
12493,695541,Mancha,Nedumangad,Thiruvananthapuram,14,"2023-08-14 09:49:25","2023-08-14 10:35:54",1
12496,695541,Karipur,Nedumangad,Thiruvananthapuram,14,"2023-08-14 09:49:25","2023-08-14 10:35:54",1
12499,695541,Anad,Nedumangad,Thiruvananthapuram,14,"2023-08-14 09:49:25","2023-08-14 10:35:54",1
12502,695542,Parandode,Nedumangad,Thiruvananthapuram,14,"2023-08-14 09:49:25","2023-08-14 10:35:54",1
12505,695542,Changa,Nedumangad,Thiruvananthapuram,14,"2023-08-14 09:49:25","2023-08-14 10:35:54",1
12508,695542,Marangad,Nedumangad,Thiruvananthapuram,14,"2023-08-14 09:49:25","2023-08-14 10:35:54",1
12511,695542,Meenankal,Nedumangad,Thiruvananthapuram,14,"2023-08-14 09:49:25","2023-08-14 10:35:54",1
12514,695542,Kottakkakom,Nedumangad,Thiruvananthapuram,14,"2023-08-14 09:49:25","2023-08-14 10:35:54",1
12517,695542,Kulappada,Nedumangad,Thiruvananthapuram,14,"2023-08-14 09:49:25","2023-08-14 10:35:54",1
12520,695542,Vinobaniketan,Nedumangad,Thiruvananthapuram,14,"2023-08-14 09:49:25","2023-08-14 10:35:54",1
12523,695542,Aryanad,Nedumangad,Thiruvananthapuram,14,"2023-08-14 09:49:25","2023-08-14 10:35:54",1
12526,695542,Panacode,Nedumangad,Thiruvananthapuram,14,"2023-08-14 09:49:25","2023-08-14 10:35:54",1
12529,695542,Kokkotela,Nedumangad,Thiruvananthapuram,14,"2023-08-14 09:49:25","2023-08-14 10:35:54",1
12532,695543,Mulayara,Neyyattinkara,Thiruvananthapuram,14,"2023-08-14 09:49:25","2023-08-14 10:35:54",1
12535,695543,Vellanad,Nedumangad,Thiruvananthapuram,14,"2023-08-14 09:49:25","2023-08-14 10:35:54",1
12538,695543,Kuthirakalam-vellanad,Nedumangad,Thiruvananthapuram,14,"2023-08-14 09:49:25","2023-08-14 10:35:54",1
12541,695543,Uriakode,Nedumangad,Thiruvananthapuram,14,"2023-08-14 09:49:25","2023-08-14 10:35:54",1
12544,695543,Mithraniketan,Nedumangad,Thiruvananthapuram,14,"2023-08-14 09:49:25","2023-08-14 10:35:54",1
12547,695543,Mundela,Nedumangad,Thiruvananthapuram,14,"2023-08-14 09:49:25","2023-08-14 10:35:54",1
12550,695543,Veliyannur,Nedumangad,Thiruvananthapuram,14,"2023-08-14 09:49:25","2023-08-14 10:35:54",1
12553,695547,Valiamala,Nedumangad,Thiruvananthapuram,14,"2023-08-14 09:49:25","2023-08-14 10:35:54",1
12556,695551,"Kallar Tvm",Nedumangad,Thiruvananthapuram,14,"2023-08-14 09:49:25","2023-08-14 10:35:54",1
12559,695551,Ponmudi,Nedumangad,Thiruvananthapuram,14,"2023-08-14 09:49:25","2023-08-14 10:35:54",1
12562,695551,Anappara,Nedumangad,Thiruvananthapuram,14,"2023-08-14 09:49:25","2023-08-14 10:35:54",1
12565,695551,Maruthamala,Nedumangad,Thiruvananthapuram,14,"2023-08-14 09:49:25","2023-08-14 10:35:54",1
12568,695551,Memala,Nedumangad,Thiruvananthapuram,14,"2023-08-14 09:49:25","2023-08-14 10:35:54",1
12571,695551,"Peppara Dam",Nedumangad,Thiruvananthapuram,14,"2023-08-14 09:49:25","2023-08-14 10:35:54",1
12574,695551,Bonaccord,Nedumangad,Thiruvananthapuram,14,"2023-08-14 09:49:25","2023-08-14 10:35:54",1
12577,695551,Parappara,Nedumangad,Thiruvananthapuram,14,"2023-08-14 09:49:25","2023-08-14 10:35:54",1
12580,695551,Chettachal,Nedumangad,Thiruvananthapuram,14,"2023-08-14 09:49:25","2023-08-14 10:35:54",1
12583,695551,Vithura,Nedumangad,Thiruvananthapuram,14,"2023-08-14 09:49:25","2023-08-14 10:35:54",1
12586,695561,Panayamuttom,Nedumangad,Thiruvananthapuram,14,"2023-08-14 09:49:25","2023-08-14 10:35:54",1
12589,695561,Irinchayam,Nedumangad,Thiruvananthapuram,14,"2023-08-14 09:49:25","2023-08-14 10:35:54",1
12592,695561,Poovathur,Nedumangad,Thiruvananthapuram,14,"2023-08-14 09:49:25","2023-08-14 10:35:54",1
12595,695561,Pazhakutty,Nedumangad,Thiruvananthapuram,14,"2023-08-14 09:49:25","2023-08-14 10:35:54",1
12598,695562,Paluvally,Nedumangad,Thiruvananthapuram,14,"2023-08-14 09:49:25","2023-08-14 10:35:54",1
12601,695562,Pacha,Nedumangad,Thiruvananthapuram,14,"2023-08-14 09:49:25","2023-08-14 10:35:54",1
12604,695562,Meenmutty,Nedumangad,Thiruvananthapuram,14,"2023-08-14 09:49:25","2023-08-14 10:35:54",1
12607,695562,Karimancode,Nedumangad,Thiruvananthapuram,14,"2023-08-14 09:49:25","2023-08-14 10:35:54",1
12610,695587,Chempazhanthy,Thiruvananthapuram,Thiruvananthapuram,14,"2023-08-14 09:49:26","2023-08-14 10:35:54",1
12613,695588,Powdikonam,Tiruvanathapuram,Thiruvananthapuram,14,"2023-08-14 09:49:26","2023-08-14 10:35:54",1
12616,695589,Nethajipuram,Thiruvananthapuram,Thiruvananthapuram,14,"2023-08-14 09:49:26","2023-08-14 10:35:54",1
12619,695589,Santhigiri,Thiruvananthapuram,Thiruvananthapuram,14,"2023-08-14 09:49:26","2023-08-14 10:35:54",1
12622,695601,Vellallur,Chirayinkil,Thiruvananthapuram,14,"2023-08-14 09:49:26","2023-08-14 10:35:54",1
12625,695601,Kilmanur,Chirayinkeezhu,Thiruvananthapuram,14,"2023-08-14 09:49:26","2023-08-14 10:35:54",1
12628,695601,Nagaroor,Chirayinkeezhu,Thiruvananthapuram,14,"2023-08-14 09:49:26","2023-08-14 10:35:54",1
12631,695601,Ponganadu,Chirayinkeezhu,Thiruvananthapuram,14,"2023-08-14 09:49:26","2023-08-14 10:35:54",1
12634,695601,Pullayil,Chirayinkeezhu,Thiruvananthapuram,14,"2023-08-14 09:49:26","2023-08-14 10:35:54",1
12637,695601,Charupara,Chirayinkeezhu,Thiruvananthapuram,14,"2023-08-14 09:49:26","2023-08-14 10:35:54",1
12640,695601,Peroor,Chirayinkeezhu,Thiruvananthapuram,14,"2023-08-14 09:49:26","2023-08-14 10:35:54",1
12643,695601,"Kilimanur Palace",Chirayinkeezhu,Thiruvananthapuram,14,"2023-08-14 09:49:26","2023-08-14 10:35:54",1
12646,695601,Pazhayakunnummel,Chirayinkeezhu,Thiruvananthapuram,14,"2023-08-14 09:49:26","2023-08-14 10:35:54",1
12649,695602,Madavoor-pallickal,Chirayinkeezhu,Thiruvananthapuram,14,"2023-08-14 09:49:26","2023-08-14 10:35:54",1
12652,695602,Malakkal,Chirayinkeezhu,Thiruvananthapuram,14,"2023-08-14 09:49:26","2023-08-14 10:35:54",1
12655,695602,Njarayilkonam,Chirayinkeezhu,Thiruvananthapuram,14,"2023-08-14 09:49:26","2023-08-14 10:35:54",1
12658,695603,Vettiyara,Chirayinkeezhu,Thiruvananthapuram,14,"2023-08-14 09:49:26","2023-08-14 10:35:54",1
12661,695603,Navaikulam,Chirayinkeezhu,Thiruvananthapuram,14,"2023-08-14 09:49:26","2023-08-14 10:35:54",1
12664,695603,Parakunnu,Chirayinkeezhu,Thiruvananthapuram,14,"2023-08-14 09:49:26","2023-08-14 10:35:54",1
12667,695603,Maruthikunnu,Chirayinkeezhu,Thiruvananthapuram,14,"2023-08-14 09:49:26","2023-08-14 10:35:54",1
12670,695604,Kokkottukonam,Chirayinkeezhu,Thiruvananthapuram,14,"2023-08-14 09:49:26","2023-08-14 10:35:54",1
12673,695604,Puliyurkonam,Chirayinkeezhu,Thiruvananthapuram,14,"2023-08-14 09:49:26","2023-08-14 10:35:54",1
12676,695604,"Pallickal Kilimanur",Chirayinkeezhu,Thiruvananthapuram,14,"2023-08-14 09:49:26","2023-08-14 10:35:54",1
12679,695604,Moothala,Chirayinkeezhu,Thiruvananthapuram,14,"2023-08-14 09:49:26","2023-08-14 10:35:54",1
12682,695604,Pakalkuri,Chirayinkeezhu,Thiruvananthapuram,14,"2023-08-14 09:49:26","2023-08-14 10:35:54",1
12685,695605,Thottakkad,Chirayinkeezhu,Thiruvananthapuram,14,"2023-08-14 09:49:26","2023-08-14 10:35:54",1
12688,695605,Karavaram,Chirayinkeezhu,Thiruvananthapuram,14,"2023-08-14 09:49:26","2023-08-14 10:35:54",1
12691,695605,Kallambalam,Chirayinkeezhu,Thiruvananthapuram,14,"2023-08-14 09:49:26","2023-08-14 10:35:54",1
12694,695605,Puthusserimukku,Chirayinkeezhu,Thiruvananthapuram,14,"2023-08-14 09:49:26","2023-08-14 10:35:54",1
12697,695606,Kalamachal,Nedumangad,Thiruvananthapuram,14,"2023-08-14 09:49:26","2023-08-14 10:35:54",1
12700,695606,Karimkuttikara,Nedumangad,Thiruvananthapuram,14,"2023-08-14 09:49:26","2023-08-14 10:35:54",1
12703,695606,Nellanad,Nedumangad,Thiruvananthapuram,14,"2023-08-14 09:49:26","2023-08-14 10:35:54",1
12706,695606,Vamanapuram,Nedumangad,Thiruvananthapuram,14,"2023-08-14 09:49:26","2023-08-14 10:35:54",1
12709,695606,Kottukunnam,Nedumangad,Thiruvananthapuram,14,"2023-08-14 09:49:26","2023-08-14 10:35:54",1
12712,695606,Anakudy,Nedumangad,Thiruvananthapuram,14,"2023-08-14 09:49:26","2023-08-14 10:35:54",1
12715,695607,Palamkonam,Nedumangad,Thiruvananthapuram,14,"2023-08-14 09:49:26","2023-08-14 10:35:54",1
12718,695607,Vellumannady,Nedumangad,Thiruvananthapuram,14,"2023-08-14 09:49:26","2023-08-14 10:35:54",1
12721,695607,Mukkudil,Nedumangad,Thiruvananthapuram,14,"2023-08-14 09:49:26","2023-08-14 10:35:54",1
12724,695607,Pirappancode,Chirayinkil,Thiruvananthapuram,14,"2023-08-14 09:49:26","2023-08-14 10:35:54",1
12727,695607,Koliakode,Chirayinkil,Thiruvananthapuram,14,"2023-08-14 09:49:26","2023-08-14 10:35:54",1
12730,695607,Aliyadu,Nedumangad,Thiruvananthapuram,14,"2023-08-14 09:49:26","2023-08-14 10:35:54",1
12733,695607,Venjaramoodu,Nedumangad,Thiruvananthapuram,14,"2023-08-14 09:49:26","2023-08-14 10:35:54",1
12736,695607,Pullampara,Nedumangad,Thiruvananthapuram,14,"2023-08-14 09:49:26","2023-08-14 10:35:54",1
12739,695608,"Kallara (Thiruvananthapuram)",Chirayinkeezhu,Thiruvananthapuram,14,"2023-08-14 09:49:26","2023-08-14 10:35:54",1
12742,695608,Kodithookiyakunnu,Nedumangad,Thiruvananthapuram,14,"2023-08-14 09:49:26","2023-08-14 10:35:54",1
12745,695608,Kurumbayam,Nedumangad,Thiruvananthapuram,14,"2023-08-14 09:49:26","2023-08-14 10:35:54",1
12748,695608,Kattumpuram,Nedumangad,Thiruvananthapuram,14,"2023-08-14 09:49:26","2023-08-14 10:35:54",1
12751,695609,Pangode,Nedumangad,Thiruvananthapuram,14,"2023-08-14 09:49:26","2023-08-14 10:35:54",1
12754,695609,Bharathannur,Nedumangad,Thiruvananthapuram,14,"2023-08-14 09:49:26","2023-08-14 10:35:54",1
12757,695609,Moonnumukku,Nedumangad,Thiruvananthapuram,14,"2023-08-14 09:49:26","2023-08-14 10:35:54",1
12760,695609,Kanchinada,Nedumangad,Thiruvananthapuram,14,"2023-08-14 09:49:26","2023-08-14 10:35:54",1
12763,695609,Mylamoodu,Nedumangad,Thiruvananthapuram,14,"2023-08-14 09:49:26","2023-08-14 10:35:54",1
12766,695610,Mithirmala,Nedumangad,Thiruvananthapuram,14,"2023-08-14 09:49:26","2023-08-14 10:35:54",1
12769,695610,Muthuvila,Nedumangad,Thiruvananthapuram,14,"2023-08-14 09:49:26","2023-08-14 10:35:54",1
12772,695610,Neeramankadavuu,Nedumangad,Thiruvananthapuram,14,"2023-08-14 09:49:26","2023-08-14 10:35:54",1
12775,695611,Manambur,Chirayinkeezhu,Thiruvananthapuram,14,"2023-08-14 09:49:26","2023-08-14 10:35:54",1
12778,695612,Pulimath,Chirayinkeezhu,Thiruvananthapuram,14,"2023-08-14 09:49:26","2023-08-14 10:35:54",1
12781,695612,Thalikuzhi,Chirayinkeezhu,Thiruvananthapuram,14,"2023-08-14 09:49:26","2023-08-14 10:35:54",1
12784,695612,Koduvazhannur,Chirayinkil,Thiruvananthapuram,14,"2023-08-14 09:49:26","2023-08-14 10:35:54",1
12787,695614,Adayamon,Chirayinkeezhu,Thiruvananthapuram,14,"2023-08-14 09:49:26","2023-08-14 10:35:54",1
12790,695614,Mulakkalathukavu,Thiruvananthapuram,Thiruvananthapuram,14,"2023-08-14 09:49:26","2023-08-14 10:35:54",1
12793,695614,Thattathumala,Chirayinkeezhu,Thiruvananthapuram,14,"2023-08-14 09:49:26","2023-08-14 10:35:54",1
12796,695615,Cheeranikkara,Nedumangad,Thiruvananthapuram,14,"2023-08-14 09:49:26","2023-08-14 10:35:54",1
12799,695615,Kuthirakulam,Nedumangad,Thiruvananthapuram,14,"2023-08-14 09:49:26","2023-08-14 10:35:54",1
12802,695615,Vembayam,Nedumangad,Thiruvananthapuram,14,"2023-08-14 09:49:26","2023-08-14 10:35:54",1
12805,695615,Konchira,Nedumangad,Thiruvananthapuram,14,"2023-08-14 09:49:26","2023-08-14 10:35:54",1
12808,695615,Moonnanakuzhy,Nedumangad,Thiruvananthapuram,14,"2023-08-14 09:49:26","2023-08-14 10:35:54",1
12811,679105,Mayannur,Thalapilly,Thrissur,8,"2023-08-14 09:49:26","2023-08-14 10:35:54",1
12814,679106,Kondazhi,Thalapilly,Thrissur,8,"2023-08-14 09:49:26","2023-08-14 10:35:54",1
12817,679106,"South Kondazhi",Talappilly,Thrissur,8,"2023-08-14 09:49:26","2023-08-14 10:35:54",1
12820,679531,Netumpura,Talappilly,Thrissur,8,"2023-08-14 09:49:26","2023-08-14 10:35:54",1
12823,679531,Panjal,Talappilly,Thrissur,8,"2023-08-14 09:49:26","2023-08-14 10:35:54",1
12826,679531,Painkulam,Talappilly,Thrissur,8,"2023-08-14 09:49:26","2023-08-14 10:35:54",1
12829,679531,"Vettikkattiri R.S.",Thalapilly,Thrissur,8,"2023-08-14 09:49:26","2023-08-14 10:35:54",1
12832,679531,Cheruthuruthy,Talappilly,Thrissur,8,"2023-08-14 09:49:26","2023-08-14 10:35:54",1
12835,679532,Arangottukara,Thalapilly,Thrissur,8,"2023-08-14 09:49:26","2023-08-14 10:35:54",1
12838,679532,Desamangalam,Thalapilly,Thrissur,8,"2023-08-14 09:49:26","2023-08-14 10:35:54",1
12841,679532,Thalassery,Talappilly,Thrissur,8,"2023-08-14 09:49:26","2023-08-14 10:35:54",1
12844,679532,Pallur,Talappilly,Thrissur,8,"2023-08-14 09:49:26","2023-08-14 10:35:54",1
12847,679532,"Pallam Kottambathur",Talappilly,Thrissur,8,"2023-08-14 09:49:26","2023-08-14 10:35:54",1
12850,679561,Punnayurkulam,Chavakkad,Thrissur,8,"2023-08-14 09:49:26","2023-08-14 10:35:54",1
12853,679561,Chammannur,Chavakkad,Thrissur,8,"2023-08-14 09:49:26","2023-08-14 10:35:54",1
12856,679562,Punnayur,Chavakkad,Thrissur,8,"2023-08-14 09:49:26","2023-08-14 10:35:54",1
12859,679562,Kochannur,Chavakkad,Thrissur,8,"2023-08-14 09:49:26","2023-08-14 10:35:54",1
12862,679562,Vadakkekad,Chavakkad,Thrissur,8,"2023-08-14 09:49:26","2023-08-14 10:35:54",1
12865,679562,Kallur-Vadakkekkad,Chavakkad,Thrissur,8,"2023-08-14 09:49:26","2023-08-14 10:35:54",1
12868,679563,Nhamanghat,Chavakkad,Thrissur,8,"2023-08-14 09:49:26","2023-08-14 10:35:54",1
12871,679563,Vayilathur,Chavakkad,Thrissur,8,"2023-08-14 09:49:26","2023-08-14 10:35:54",1
12874,679564,Andathode,Chavakkad,Thrissur,8,"2023-08-14 09:49:26","2023-08-14 10:35:54",1
12877,680001,Thrissur,Thrissur,Thrissur,8,"2023-08-14 09:49:26","2023-08-14 10:35:54",1
12880,680001,"Thrissur Central",Thrissur,Thrissur,8,"2023-08-14 09:49:26","2023-08-14 10:35:54",1
12883,680002,Punkunnu,Thrissur,Thrissur,8,"2023-08-14 09:49:26","2023-08-14 10:35:54",1
12886,680003,"Ayyanthole North",Thrissur,Thrissur,8,"2023-08-14 09:49:26","2023-08-14 10:35:54",1
12889,680003,Ayyanthole,Thrissur,Thrissur,8,"2023-08-14 09:49:26","2023-08-14 10:35:54",1
12892,680004,"West Fort",,Thrissur,8,"2023-08-14 09:49:26","2023-08-14 10:35:54",1
12895,680004,Poothole,,Thrissur,8,"2023-08-14 09:49:26","2023-08-14 10:35:54",1
12898,680005,Nellikunnu,,Thrissur,8,"2023-08-14 09:49:26","2023-08-14 10:35:54",1
12901,680005,"Thrissur East",Thrissur,Thrissur,8,"2023-08-14 09:49:26","2023-08-14 10:35:54",1
12904,680006,Kuriachira,,Thrissur,8,"2023-08-14 09:49:26","2023-08-14 10:35:54",1
12907,680006,Nehrunagar,,Thrissur,8,"2023-08-14 09:49:26","2023-08-14 10:35:54",1
12910,680006,Anchery,,Thrissur,8,"2023-08-14 09:49:26","2023-08-14 10:35:54",1
12913,680007,Nedupuzha,,Thrissur,8,"2023-08-14 09:49:26","2023-08-14 10:35:54",1
12916,680007,Vadookkara,,Thrissur,8,"2023-08-14 09:49:26","2023-08-14 10:35:54",1
12919,680007,Kurkancheri,,Thrissur,8,"2023-08-14 09:49:26","2023-08-14 10:35:54",1
12922,680008,Peringavu,Thrissur,Thrissur,8,"2023-08-14 09:49:26","2023-08-14 10:35:54",1
12925,680008,Cherur,Thrissur,Thrissur,8,"2023-08-14 09:49:26","2023-08-14 10:35:54",1
12928,680009,"Thrissur Engg College",Thrissur,Thrissur,8,"2023-08-14 09:49:26","2023-08-14 10:35:54",1
12931,680010,Viyyur,Thrissur,Thrissur,8,"2023-08-14 09:49:26","2023-08-14 10:35:54",1
12934,680010,"Kolazhi RM",,Thrissur,8,"2023-08-14 09:49:26","2023-08-14 10:35:54",1
12937,680011,Kanattukara,Thrissur,Thrissur,8,"2023-08-14 09:49:26","2023-08-14 10:35:54",1
12940,680012,Veluthur,Thrissur,Thrissur,8,"2023-08-14 09:49:26","2023-08-14 10:35:54",1
12943,680012,Chettupuzha,,Thrissur,8,"2023-08-14 09:49:26","2023-08-14 10:35:54",1
12946,680012,Pullazhi,,Thrissur,8,"2023-08-14 09:49:26","2023-08-14 10:35:54",1
12949,680012,Manakkodi,Thrissur,Thrissur,8,"2023-08-14 09:49:26","2023-08-14 10:35:54",1
12952,680013,"Kuttur (Thrissur)",Thrissur,Thrissur,8,"2023-08-14 09:49:26","2023-08-14 10:35:54",1
12955,680014,Vettukad,Thrissur,Thrissur,8,"2023-08-14 09:49:26","2023-08-14 10:35:54",1
12958,680014,Puthur-Thrissur,,Thrissur,8,"2023-08-14 09:49:26","2023-08-14 10:35:54",1
12961,680014,Mannamangalam,Thrissur,Thrissur,8,"2023-08-14 09:49:26","2023-08-14 10:35:54",1
12964,680014,Kuttanellur,,Thrissur,8,"2023-08-14 09:49:26","2023-08-14 10:35:54",1
12967,680014,Marottichal,Thrissur,Thrissur,8,"2023-08-14 09:49:26","2023-08-14 10:35:54",1
12970,680014,Kainoor,Thrissur,Thrissur,8,"2023-08-14 09:49:26","2023-08-14 10:35:54",1
12973,680020,"Thrissur City",Thrissur,Thrissur,8,"2023-08-14 09:49:26","2023-08-14 10:35:54",1
12976,680021,"Thrissur R S",Thrissur,Thrissur,8,"2023-08-14 09:49:26","2023-08-14 10:35:54",1
12979,680022,"Thiruvambady TSR",Thrissur,Thrissur,8,"2023-08-14 09:49:26","2023-08-14 10:35:54",1
12982,680026,Chiyyaram,,Thrissur,8,"2023-08-14 09:49:26","2023-08-14 10:35:54",1
12985,680027,Kanimangalam,,Thrissur,8,"2023-08-14 09:49:26","2023-08-14 10:35:54",1
12988,680027,Chovvur,,Thrissur,8,"2023-08-14 09:49:26","2023-08-14 10:35:54",1
12991,680027,Palissery,,Thrissur,8,"2023-08-14 09:49:26","2023-08-14 10:35:54",1
12994,680028,Kundukad,Thrissur,Thrissur,8,"2023-08-14 09:49:26","2023-08-14 10:35:54",1
12997,680028,Kuruchikkara,Thrissur,Thrissur,8,"2023-08-14 09:49:26","2023-08-14 10:35:54",1
13000,680028,Kattilapoovam,Thrissur,Thrissur,8,"2023-08-14 09:49:26","2023-08-14 10:35:54",1
13003,680101,Guruvayur,,Thrissur,8,"2023-08-14 09:49:26","2023-08-14 10:35:54",1
13006,680101,Thiruvenkitam,,Thrissur,8,"2023-08-14 09:49:26","2023-08-14 10:35:54",1
13009,680101,"Guruvayur Temple",,Thrissur,8,"2023-08-14 09:49:26","2023-08-14 10:35:54",1
13012,680102,Ariyannur,Thalapilly,Thrissur,8,"2023-08-14 09:49:26","2023-08-14 10:35:54",1
13015,680102,Kandanassery,Talappilly,Thrissur,8,"2023-08-14 09:49:26","2023-08-14 10:35:54",1
13018,680103,Puthanpalli,,Thrissur,8,"2023-08-14 09:49:26","2023-08-14 10:35:54",1
13021,680103,Iringapuram,,Thrissur,8,"2023-08-14 09:49:26","2023-08-14 10:35:54",1
13024,680104,Brahmakulam,,Thrissur,8,"2023-08-14 09:49:26","2023-08-14 10:35:54",1
13027,680104,Nemmini,,Thrissur,8,"2023-08-14 09:49:26","2023-08-14 10:35:54",1
13030,680104,Thaikkad,,Thrissur,8,"2023-08-14 09:49:26","2023-08-14 10:35:54",1
13033,680121,Chelur,Mukundapuram,Thrissur,8,"2023-08-14 09:49:26","2023-08-14 10:35:54",1
13036,680121,Irinjalakuda,"Mukundapuram Taluk",Thrissur,8,"2023-08-14 09:49:26","2023-08-14 10:35:54",1
13039,680121,"Irinjalakuda Mkt",Mukundapuram,Thrissur,8,"2023-08-14 09:49:26","2023-08-14 10:35:54",1
13042,680122,Edathirinji,Mukundapuram,Thrissur,8,"2023-08-14 09:49:26","2023-08-14 10:35:54",1
13045,680123,Konathukunnu,Mukundapuram,Thrissur,8,"2023-08-14 09:49:26","2023-08-14 10:35:54",1
13048,680123,Vallivattam,Kodungallur,Thrissur,8,"2023-08-14 09:49:26","2023-08-14 10:35:54",1
13051,680123,Karumathra,Mukundapuram,Thrissur,8,"2023-08-14 09:49:26","2023-08-14 10:35:54",1
13054,680125,"Irinjalakuda North",Mukundapuram,Thrissur,8,"2023-08-14 09:49:26","2023-08-14 10:35:54",1
13057,680125,Porathissery,Mukundapuram,Thrissur,8,"2023-08-14 09:49:26","2023-08-14 10:35:54",1
13060,680301,Chittissery,Mukundapuram,Thrissur,8,"2023-08-14 09:49:26","2023-08-14 10:35:54",1
13063,680301,Nandikkara,Mukundapuram,Thrissur,8,"2023-08-14 09:49:26","2023-08-14 10:35:54",1
13066,680301,Nenmenikkara,,Thrissur,8,"2023-08-14 09:49:26","2023-08-14 10:35:54",1
13069,680301,Pazhayi,Mukundapuram,Thrissur,8,"2023-08-14 09:49:26","2023-08-14 10:35:54",1
13072,680301,Pudukad,Mukundapuram,Thrissur,8,"2023-08-14 09:49:26","2023-08-14 10:35:54",1
13075,680302,Vattanathara,Mukundapuram,Thrissur,8,"2023-08-14 09:49:26","2023-08-14 10:35:54",1
13078,680302,Varakara,Mukundapuram,Thrissur,8,"2023-08-14 09:49:26","2023-08-14 10:35:54",1
13081,680302,Alagappanagar,Mukundapuram,Thrissur,8,"2023-08-14 09:49:26","2023-08-14 10:35:54",1
13084,680303,Varandarappilly,Mukundapuram,Thrissur,8,"2023-08-14 09:49:26","2023-08-14 10:35:54",1
13087,680303,Velupadam,Mukundapuram,Thrissur,8,"2023-08-14 09:49:26","2023-08-14 10:35:54",1
13090,680304,"Chimoni Dam",Mukundapuram,Thrissur,8,"2023-08-14 09:49:26","2023-08-14 10:35:54",1
13093,680304,Palappilly,Mukundapuram,Thrissur,8,"2023-08-14 09:49:26","2023-08-14 10:35:54",1
13096,680305,Anandapuram,Mukundapuram,Thrissur,8,"2023-08-14 09:49:26","2023-08-14 10:35:54",1
13099,680305,Nellayi-thrissur,Mukundapuram,Thrissur,8,"2023-08-14 09:49:26","2023-08-14 10:35:54",1
13102,680306,Ollur,,Thrissur,8,"2023-08-14 09:49:26","2023-08-14 10:35:54",1
13105,680306,Konikara,Mukundapuram,Thrissur,8,"2023-08-14 09:49:26","2023-08-14 10:35:54",1
13108,680306,Thalore,Thrissur,Thrissur,8,"2023-08-14 09:49:26","2023-08-14 10:35:54",1
13111,680306,Avanisseri,,Thrissur,8,"2023-08-14 09:49:26","2023-08-14 10:35:54",1
13114,680306,Trikkur,Mukundapuram,Thrissur,8,"2023-08-14 09:49:26","2023-08-14 10:35:54",1
13117,680306,Marathakkara,,Thrissur,8,"2023-08-14 09:49:26","2023-08-14 10:35:54",1
13120,680306,Ponnukkara,Thrissur,Thrissur,8,"2023-08-14 09:49:26","2023-08-14 10:35:54",1
13123,680306,"Ollur Thaikkattussery",,Thrissur,8,"2023-08-14 09:49:26","2023-08-14 10:35:54",1
13126,680306,Perinchery,,Thrissur,8,"2023-08-14 09:49:26","2023-08-14 10:35:54",1
13129,680306,"Ollur North",,Thrissur,8,"2023-08-14 09:49:26","2023-08-14 10:35:54",1
13132,680307,Chalakudi,"Mukundapuram Taluk",Thrissur,8,"2023-08-14 09:49:26","2023-08-14 10:35:54",1
13135,680307,"Chalakudi South",,Thrissur,8,"2023-08-14 09:49:26","2023-08-14 10:35:54",1
13138,680307,"Chalakudi Town",,Thrissur,8,"2023-08-14 09:49:26","2023-08-14 10:35:54",1
13141,680308,Cheruvallur,Mukundapuram,Thrissur,8,"2023-08-14 09:49:26","2023-08-14 10:35:54",1
13144,680308,Nalukettu,Mukundapuram,Thrissur,8,"2023-08-14 09:49:26","2023-08-14 10:35:54",1
13147,680308,Erayamkudi,Mukundapuram,Thrissur,8,"2023-08-14 09:49:26","2023-08-14 10:35:54",1
13150,680308,Koratti,Mukundapuram,Thrissur,8,"2023-08-14 09:49:26","2023-08-14 10:35:54",1
13153,680308,"Koratti South",Mukundapuram,Thrissur,8,"2023-08-14 09:49:26","2023-08-14 10:35:54",1
13156,680308,Mambra,Mukundapuram,Thrissur,8,"2023-08-14 09:49:26","2023-08-14 10:35:54",1
13159,680308,"Koratti Kizhakkumuri",Mukundapuram,Thrissur,8,"2023-08-14 09:49:26","2023-08-14 10:35:54",1
13162,680308,Kathikkudam,Mukundapuram,Thrissur,8,"2023-08-14 09:49:26","2023-08-14 10:35:54",1
13165,680309,Annanad,Mukundapuram,Thrissur,8,"2023-08-14 09:49:26","2023-08-14 10:35:54",1
13168,680309,"Muringoor Vadakkummuri",Mukundapuram,Thrissur,8,"2023-08-14 09:49:26","2023-08-14 10:35:54",1
13171,680309,"Kinfra Park Koratti",Mukundapuram,Thrissur,8,"2023-08-14 09:49:26","2023-08-14 10:35:54",1
13174,680309,Kadukutty,Mukundapuram,Thrissur,8,"2023-08-14 09:49:26","2023-08-14 10:35:54",1
13177,680310,Thottippal,Mukundapuram,Thrissur,8,"2023-08-14 09:49:26","2023-08-14 10:35:54",1
13180,680310,Parappukkara,Mukundapuram,Thrissur,8,"2023-08-14 09:49:26","2023-08-14 10:35:54",1
13183,680311,Kunnappilly,Mukundapuram,Thrissur,8,"2023-08-14 09:49:26","2023-08-14 10:35:54",1
13186,680311,"Melur (Thrissur)",Mukundapuram,Thrissur,8,"2023-08-14 09:49:26","2023-08-14 10:35:54",1
13189,680311,Koovakkattukunnu,Mukundapuram,Thrissur,8,"2023-08-14 09:49:26","2023-08-14 10:35:54",1
13192,680312,Inchakundu,Mukundapuram,Thrissur,8,"2023-08-14 09:49:26","2023-08-14 10:35:54",1
13195,680312,Chengallur,Mukundapuram,Thrissur,8,"2023-08-14 09:49:26","2023-08-14 10:35:54",1
13198,680312,Mupliyam,Mukundapuram,Thrissur,8,"2023-08-14 09:49:26","2023-08-14 10:35:54",1
13201,680312,Nandipulam,Mukundapuram,Thrissur,8,"2023-08-14 09:49:26","2023-08-14 10:35:54",1
13204,680317,"Kallur (Thrissur)",Mukundapuram,Thrissur,8,"2023-08-14 09:49:26","2023-08-14 10:35:54",1
13207,680317,Muttithadi,Mukundapuram,Thrissur,8,"2023-08-14 09:49:26","2023-08-14 10:35:54",1
13210,680501,Eranellur,Talappilly,Thrissur,8,"2023-08-14 09:49:26","2023-08-14 10:35:54",1
13213,680501,Thalakkottukara,Talappilly,Thrissur,8,"2023-08-14 09:49:26","2023-08-14 10:35:54",1
13216,680501,Kecheri,Thalapilly,Thrissur,8,"2023-08-14 09:49:26","2023-08-14 10:35:54",1
13219,680501,Chemmanthatta,Talappilly,Thrissur,8,"2023-08-14 09:49:26","2023-08-14 10:35:54",1
13222,680501,Chiranellur,Thalapilly,Thrissur,8,"2023-08-14 09:49:26","2023-08-14 10:35:54",1
13225,680501,Eyyal,Talappilly,Thrissur,8,"2023-08-14 09:49:26","2023-08-14 10:35:54",1
13228,680502,Choondal,Thalapilly,Thrissur,8,"2023-08-14 09:49:26","2023-08-14 10:35:54",1
13231,680503,Kunnamkulam,,Thrissur,8,"2023-08-14 09:49:26","2023-08-14 10:35:54",1
13234,680504,Koonamoochi,Talappilly,Thrissur,8,"2023-08-14 09:49:26","2023-08-14 10:35:54",1
13237,680505,Kottappadi,,Thrissur,8,"2023-08-14 09:49:26","2023-08-14 10:35:54",1
13240,680505,Kavida,,Thrissur,8,"2023-08-14 09:49:26","2023-08-14 10:35:54",1
13243,680505,Pookode,,Thrissur,8,"2023-08-14 09:49:26","2023-08-14 10:35:54",1
13246,680505,Thamarayur,,Thrissur,8,"2023-08-14 09:49:26","2023-08-14 10:35:54",1
13249,680506,Chavakkad,Chavakkad,Thrissur,8,"2023-08-14 09:49:26","2023-08-14 10:35:54",1
13252,680506,Palayur,,Thrissur,8,"2023-08-14 09:49:26","2023-08-14 10:35:54",1
13255,680506,Kuranniyur,Chavakkad,Thrissur,8,"2023-08-14 09:49:26","2023-08-14 10:35:54",1
13258,680506,Perakam,,Thrissur,8,"2023-08-14 09:49:26","2023-08-14 10:35:54",1
13261,680506,Blangad,Chavakkad,Thrissur,8,"2023-08-14 09:49:26","2023-08-14 10:35:54",1
13264,680507,Maruthayur,,Thrissur,8,"2023-08-14 09:49:26","2023-08-14 10:35:54",1
13267,680507,Pavaratty,,Thrissur,8,"2023-08-14 09:49:26","2023-08-14 10:35:54",1
13270,680507,Vemmanad,,Thrissur,8,"2023-08-14 09:49:26","2023-08-14 10:35:54",1
13273,680508,Annakara,Chavakkad,Thrissur,8,"2023-08-14 09:49:26","2023-08-14 10:35:54",1
13276,680508,Peruvallur,Chavakkad,Thrissur,8,"2023-08-14 09:49:26","2023-08-14 10:35:54",1
13279,680508,Puvathur,Chavakkad,Thrissur,8,"2023-08-14 09:49:26","2023-08-14 10:35:54",1
13282,680508,Thirunellur,Chavakkad,Thrissur,8,"2023-08-14 09:49:26","2023-08-14 10:35:54",1
13285,680509,Mullassery,Chavakkad,Thrissur,8,"2023-08-14 09:49:26","2023-08-14 10:35:54",1
13288,680510,Kannoth,Chavakkad,Thrissur,8,"2023-08-14 09:49:26","2023-08-14 10:35:54",1
13291,680510,Venkitangu,Chavakkad,Thrissur,8,"2023-08-14 09:49:26","2023-08-14 10:35:54",1
13294,680510,Enamakkal,Chavakkad,Thrissur,8,"2023-08-14 09:49:26","2023-08-14 10:35:54",1
13297,680511,Kakkassery,Chavakkad,Thrissur,8,"2023-08-14 09:49:26","2023-08-14 10:35:54",1
13300,680511,"Elavally South",Chavakkad,Thrissur,8,"2023-08-14 09:49:26","2023-08-14 10:35:54",1
13303,680511,Elavally,Chavakkad,Thrissur,8,"2023-08-14 09:49:26","2023-08-14 10:35:54",1
13306,680511,Chittattukara,Chavakkad,Thrissur,8,"2023-08-14 09:49:26","2023-08-14 10:35:54",1
13309,680512,Orumanayur,Chavakkad,Thrissur,8,"2023-08-14 09:49:26","2023-08-14 10:35:54",1
13312,680512,Vattekkad,Chavakkad,Thrissur,8,"2023-08-14 09:49:26","2023-08-14 10:35:54",1
13315,680512,Madu,Chavakkad,Thrissur,8,"2023-08-14 09:49:26","2023-08-14 10:35:54",1
13318,680513,Toyakkavu,Chavakkad,Thrissur,8,"2023-08-14 09:49:26","2023-08-14 10:35:54",1
13321,680514,Kadappuram,Chavakkad,Thrissur,8,"2023-08-14 09:49:26","2023-08-14 10:35:54",1
13324,680515,Edakkaliyur,Chavakkad,Thrissur,8,"2023-08-14 09:49:26","2023-08-14 10:35:54",1
13327,680516,Tiruvatra,,Thrissur,8,"2023-08-14 09:49:26","2023-08-14 10:35:54",1
13330,680517,Porkolangad,Talappilly,Thrissur,8,"2023-08-14 09:49:26","2023-08-14 10:35:54",1
13333,680517,Kanippayur,Thalapilly,Thrissur,8,"2023-08-14 09:49:26","2023-08-14 10:35:54",1
13336,680517,Chemmannur,,Thrissur,8,"2023-08-14 09:49:26","2023-08-14 10:35:54",1
13339,680517,Chowannur,Thalapilly,Thrissur,8,"2023-08-14 09:49:26","2023-08-14 10:35:54",1
13342,680518,Edakkara-Thrissur,Chavakkad,Thrissur,8,"2023-08-14 09:49:26","2023-08-14 10:35:54",1
13345,680518,Agalad,Chavakkad,Thrissur,8,"2023-08-14 09:49:26","2023-08-14 10:35:54",1
13348,680518,Mannalamkunnu,Chavakkad,Thrissur,8,"2023-08-14 09:49:26","2023-08-14 10:35:54",1
13351,680519,Perumpilavu,Thalapilly,Thrissur,8,"2023-08-14 09:49:26","2023-08-14 10:35:54",1
13354,680519,Karikkad,Talappilly,Thrissur,8,"2023-08-14 09:49:26","2023-08-14 10:35:54",1
13357,680519,Akathiyur,Thalapilly,Thrissur,8,"2023-08-14 09:49:26","2023-08-14 10:35:54",1
13360,680519,Akkikavu,Talappilly,Thrissur,8,"2023-08-14 09:49:26","2023-08-14 10:35:54",1
13363,680519,Thippilissery,Talappilly,Thrissur,8,"2023-08-14 09:49:26","2023-08-14 10:35:54",1
13366,680520,Thozhiyur,Chavakkad,Thrissur,8,"2023-08-14 09:49:26","2023-08-14 10:35:54",1
13369,680521,Arthat,,Thrissur,8,"2023-08-14 09:49:26","2023-08-14 10:35:54",1
13372,680522,Chakkumkandam,,Thrissur,8,"2023-08-14 09:49:26","2023-08-14 10:35:54",1
13375,680522,Paluvai,,Thrissur,8,"2023-08-14 09:49:26","2023-08-14 10:35:54",1
13378,680523,Kizhur,,Thrissur,8,"2023-08-14 09:49:26","2023-08-14 10:35:54",1
13381,680523,Chittanjur,Thrissur,Thrissur,8,"2023-08-14 09:49:26","2023-08-14 10:35:54",1
13384,680523,Anjur-kunnamkulam,Thrissur,Thrissur,8,"2023-08-14 09:49:26","2023-08-14 10:35:54",1
13387,680523,"Kunnamkulam City",,Thrissur,8,"2023-08-14 09:49:26","2023-08-14 10:35:54",1
13390,680524,Padoor,Chavakkad,Thrissur,8,"2023-08-14 09:49:26","2023-08-14 10:35:54",1
13393,680541,Mundur-TC,Thrissur,Thrissur,8,"2023-08-14 09:49:26","2023-08-14 10:35:54",1
13396,680541,"Anjur Mundur",Thrissur,Thrissur,8,"2023-08-14 09:49:26","2023-08-14 10:35:54",1
13399,680541,Avanur,Thrissur,Thrissur,8,"2023-08-14 09:49:26","2023-08-14 10:35:54",1
13402,680541,Choolissery,Thrissur,Thrissur,8,"2023-08-14 09:49:26","2023-08-14 10:35:54",1
13405,680542,Porkulam,Talappilly,Thrissur,8,"2023-08-14 09:49:26","2023-08-14 10:35:54",1
13408,680542,Pazhanji,Thalapilly,Thrissur,8,"2023-08-14 09:49:26","2023-08-14 10:35:54",1
13411,680542,Mangad,Talappilly,Thrissur,8,"2023-08-14 09:49:26","2023-08-14 10:35:54",1
13414,680542,Perumthuruthy,Talappilly,Thrissur,8,"2023-08-14 09:49:26","2023-08-14 10:35:54",1
13417,680543,Kadavallur,Talappilly,Thrissur,8,"2023-08-14 09:49:26","2023-08-14 10:35:54",1
13420,680543,Korattikkara,Talappilly,Thrissur,8,"2023-08-14 09:49:26","2023-08-14 10:35:54",1
13423,680544,Pengamuck,Talappilly,Thrissur,8,"2023-08-14 09:49:26","2023-08-14 10:35:54",1
13426,680544,Kattakampal,Thalapilly,Thrissur,8,"2023-08-14 09:49:26","2023-08-14 10:35:54",1
13429,680545,Peramangalam,Thrissur,Thrissur,8,"2023-08-14 09:49:26","2023-08-14 10:35:54",1
13432,680546,Kaiparamba,Thrissur,Thrissur,8,"2023-08-14 09:49:26","2023-08-14 10:35:54",1
13435,680551,Puranattukara,,Thrissur,8,"2023-08-14 09:49:26","2023-08-14 10:35:54",1
13438,680551,Adat,Thrissur,Thrissur,8,"2023-08-14 09:49:26","2023-08-14 10:35:54",1
13441,680551,Chittilapilly,Thrissur,Thrissur,8,"2023-08-14 09:49:26","2023-08-14 10:35:54",1
13444,680552,Edakkalathur,Thrissur,Thrissur,8,"2023-08-14 09:49:26","2023-08-14 10:35:54",1
13447,680552,Ponnore,,Thrissur,8,"2023-08-14 09:49:26","2023-08-14 10:35:54",1
13450,680552,Pathiyarkulangara,Chavakkad,Thrissur,8,"2023-08-14 09:49:26","2023-08-14 10:35:54",1
13453,680552,Tolur-parappur,Thrissur,Thrissur,8,"2023-08-14 09:49:26","2023-08-14 10:35:54",1
13456,680552,Parappur,Thrissur,Thrissur,8,"2023-08-14 09:49:26","2023-08-14 10:35:54",1
13459,680553,Puzhakkal,Thrissur,Thrissur,8,"2023-08-14 09:49:26","2023-08-14 10:35:54",1
13462,680555,Amalanagar,Thrissur,Thrissur,8,"2023-08-14 09:49:26","2023-08-14 10:35:54",1
13465,680561,"Cherpu Padinjattumuri",Thrissur,Thrissur,8,"2023-08-14 09:49:26","2023-08-14 10:35:54",1
13468,680561,Cherpu,Thrissur,Thrissur,8,"2023-08-14 09:49:26","2023-08-14 10:35:54",1
13471,680561,Pootharakkal,Thrissur,Thrissur,8,"2023-08-14 09:49:26","2023-08-14 10:35:54",1
13474,680562,Urakam,Thrissur,Thrissur,8,"2023-08-14 09:49:26","2023-08-14 10:35:54",1
13477,680562,Arattupuzha,Thrissur,Thrissur,8,"2023-08-14 09:49:26","2023-08-14 10:35:54",1
13480,680562,Vallachira,Thrissur,Thrissur,8,"2023-08-14 09:49:26","2023-08-14 10:35:54",1
13483,680563,Paralam,Thrissur,Thrissur,8,"2023-08-14 09:49:26","2023-08-14 10:35:54",1
13486,680563,Kodannur,Thrissur,Thrissur,8,"2023-08-14 09:49:26","2023-08-14 10:35:54",1
13489,680563,Ammadam,Thrissur,Thrissur,8,"2023-08-14 09:49:26","2023-08-14 10:35:54",1
13492,680564,Kurumbilavu,Thrissur,Thrissur,8,"2023-08-14 09:49:26","2023-08-14 10:35:54",1
13495,680564,"Pazhuvil West",Thrissur,Thrissur,8,"2023-08-14 09:49:26","2023-08-14 10:35:54",1
13498,680564,Pazhuvil,Thrissur,Thrissur,8,"2023-08-14 09:49:26","2023-08-14 10:35:54",1
13501,680564,Inchamudy,Thrissur,Thrissur,8,"2023-08-14 09:49:26","2023-08-14 10:35:54",1
13504,680565,Peringottukara,Thrissur,Thrissur,8,"2023-08-14 09:49:26","2023-08-14 10:35:54",1
13507,680566,Nattika,Chavakkad,Thrissur,8,"2023-08-14 09:49:26","2023-08-14 10:35:54",1
13510,680566,Nattikabeach,Chavakkad,Thrissur,8,"2023-08-14 09:49:26","2023-08-14 10:35:54",1
13513,680567,"Valapad Beach",Chavakkad,Thrissur,8,"2023-08-14 09:49:26","2023-08-14 10:35:54",1
13516,680567,Karayamvattam,Chavakkad,Thrissur,8,"2023-08-14 09:49:26","2023-08-14 10:35:54",1
13519,680567,Chulur,Chavakkad,Thrissur,8,"2023-08-14 09:49:26","2023-08-14 10:35:54",1
13522,680567,Valapad,Chavakkad,Thrissur,8,"2023-08-14 09:49:26","2023-08-14 10:35:54",1
13525,680567,Triprayar,Chavakkad,Thrissur,8,"2023-08-14 09:49:26","2023-08-14 10:35:54",1
13528,680568,Edamuttam,Chavakkad,Thrissur,8,"2023-08-14 09:49:26","2023-08-14 10:35:54",1
13531,680568,Kalimbram,Chavakkad,Thrissur,8,"2023-08-14 09:49:26","2023-08-14 10:35:54",1
13534,680569,Talikulam,Chavakkad,Thrissur,8,"2023-08-14 09:49:26","2023-08-14 10:35:54",1
13537,680569,Edassery,Chavakkad,Thrissur,8,"2023-08-14 09:49:26","2023-08-14 10:35:54",1
13540,680569,Thampankadavu,Chavakkad,Thrissur,8,"2023-08-14 09:49:26","2023-08-14 10:35:54",1
13543,680570,Vadakkummuri,Thrissur,Thrissur,8,"2023-08-14 09:49:26","2023-08-14 10:35:54",1
13546,680571,Kilakkummuri,Thrissur,Thrissur,8,"2023-08-14 09:49:26","2023-08-14 10:35:54",1
13549,680571,Chazhur,Thrissur,Thrissur,8,"2023-08-14 09:49:26","2023-08-14 10:35:54",1
13552,680581,Tirur,,Thrissur,8,"2023-08-14 09:49:26","2023-08-14 10:35:54",1
13555,680581,"Athani Thrissur",Thrissur,Thrissur,8,"2023-08-14 09:49:26","2023-08-14 10:35:54",1
13558,680581,Pottore,,Thrissur,8,"2023-08-14 09:49:26","2023-08-14 10:35:54",1
13561,680581,Poomala,Thrissur,Thrissur,8,"2023-08-14 09:49:26","2023-08-14 10:35:54",1
13564,680581,Chottupara,Thrissur,Thrissur,8,"2023-08-14 09:49:26","2023-08-14 10:35:54",1
13567,680581,Peringandur,Thrissur,Thrissur,8,"2023-08-14 09:49:26","2023-08-14 10:35:54",1
13570,680581,Minalur,Talappilly,Thrissur,8,"2023-08-14 09:49:26","2023-08-14 10:35:54",1
13573,680581,Mulagunnathukavu,Thrissur,Thrissur,8,"2023-08-14 09:49:26","2023-08-14 10:35:54",1
13576,680582,Wadakanchery-TC,Thalapilly,Thrissur,8,"2023-08-14 09:49:26","2023-08-14 10:35:54",1
13579,680583,Attur,Talappilly,Thrissur,8,"2023-08-14 09:49:26","2023-08-14 10:35:54",1
13582,680583,Mullurkkara,Thalapilly,Thrissur,8,"2023-08-14 09:49:26","2023-08-14 10:35:54",1
13585,680583,Irunilamcode,Talappilly,Thrissur,8,"2023-08-14 09:49:26","2023-08-14 10:35:54",1
13588,680584,Thayyur,Talappilly,Thrissur,8,"2023-08-14 09:49:26","2023-08-14 10:35:54",1
13591,680584,Nelluvaya,Thalapilly,Thrissur,8,"2023-08-14 09:49:26","2023-08-14 10:35:54",1
13594,680584,Thichur,Talappilly,Thrissur,8,"2023-08-14 09:49:26","2023-08-14 10:35:54",1
13597,680584,Vellarakad,Talappilly,Thrissur,8,"2023-08-14 09:49:26","2023-08-14 10:35:54",1
13600,680584,Erumapetty,Thalapilly,Thrissur,8,"2023-08-14 09:49:26","2023-08-14 10:35:54",1
13603,680584,Kuttanchery,Talappilly,Thrissur,8,"2023-08-14 09:49:26","2023-08-14 10:35:54",1
13606,680584,Katungode,Thalapilly,Thrissur,8,"2023-08-14 09:49:26","2023-08-14 10:35:54",1
13609,680584,"Kottappuram Wri",,Thrissur,8,"2023-08-14 09:49:26","2023-08-14 10:35:54",1
13612,680585,Kumarappanal,Talappilly,Thrissur,8,"2023-08-14 09:49:26","2023-08-14 10:35:54",1
13615,680585,Varavur,Thalapilly,Thrissur,8,"2023-08-14 09:49:26","2023-08-14 10:35:54",1
13618,680585,Tali,Talappilly,Thrissur,8,"2023-08-14 09:49:26","2023-08-14 10:35:54",1
13621,680585,Chittanda,,Thrissur,8,"2023-08-14 09:49:26","2023-08-14 10:35:54",1
13624,680585,Pulakkad,Thalapilly,Thrissur,8,"2023-08-14 09:49:26","2023-08-14 10:35:54",1
13627,680586,Kaliyarode,Talappilly,Thrissur,8,"2023-08-14 09:49:26","2023-08-14 10:35:54",1
13630,680586,Elanad,Thalapilly,Thrissur,8,"2023-08-14 09:49:26","2023-08-14 10:35:54",1
13633,680586,Chelakkara,Thalapilly,Thrissur,8,"2023-08-14 09:49:26","2023-08-14 10:35:54",1
13636,680586,Venganellur,Talappilly,Thrissur,8,"2023-08-14 09:49:26","2023-08-14 10:35:54",1
13639,680586,Thonnurkkara,Talappilly,Thrissur,8,"2023-08-14 09:49:26","2023-08-14 10:35:54",1
13642,680586,Pulakode,Talappilly,Thrissur,8,"2023-08-14 09:49:26","2023-08-14 10:35:54",1
13645,680586,Thozhupadam,Talappilly,Thrissur,8,"2023-08-14 09:49:26","2023-08-14 10:35:54",1
13648,680586,Kurumala,Talappilly,Thrissur,8,"2023-08-14 09:49:26","2023-08-14 10:35:54",1
13651,680586,Pangarappally,Talappilly,Thrissur,8,"2023-08-14 09:49:26","2023-08-14 10:35:54",1
13654,680587,Vennur,Thalapilly,Thrissur,8,"2023-08-14 09:49:26","2023-08-14 10:35:54",1
13657,680587,Chelakode,Thalapilly,Thrissur,8,"2023-08-14 09:49:26","2023-08-14 10:35:54",1
13660,680587,Pazhayannur,Talappilly,Thrissur,8,"2023-08-14 09:49:26","2023-08-14 10:35:54",1
13663,680587,Kumbalacode,Thalapilly,Thrissur,8,"2023-08-14 09:49:26","2023-08-14 10:35:54",1
13666,680587,Kallepadam,Talappilly,Thrissur,8,"2023-08-14 09:49:26","2023-08-14 10:35:54",1
13669,680587,Vadakkethara,Thalapilly,Thrissur,8,"2023-08-14 09:49:26","2023-08-14 10:35:54",1
13672,680588,Malavattom,Talappilly,Thrissur,8,"2023-08-14 09:49:26","2023-08-14 10:35:54",1
13675,680588,"Pampady West",Talappilly,Thrissur,8,"2023-08-14 09:49:26","2023-08-14 10:35:54",1
13678,680588,"Pampady East",Talappilly,Thrissur,8,"2023-08-14 09:49:26","2023-08-14 10:35:54",1
13681,680588,Thiruvilwamala,Talappilly,Thrissur,8,"2023-08-14 09:49:26","2023-08-14 10:35:54",1
13684,680588,Pattiparambu,Thalapilly,Thrissur,8,"2023-08-14 09:49:26","2023-08-14 10:35:54",1
13687,680588,Malesamangalam,Talappilly,Thrissur,8,"2023-08-14 09:49:26","2023-08-14 10:35:54",1
13690,680589,Manalithara,Talappilly,Thrissur,8,"2023-08-14 09:49:26","2023-08-14 10:35:54",1
13693,680589,Vazhani,Thalapilly,Thrissur,8,"2023-08-14 09:49:26","2023-08-14 10:35:54",1
13696,680589,Karumathra,Thalapilly,Thrissur,8,"2023-08-14 09:49:26","2023-08-14 10:35:54",1
13699,680589,Enkakad,Thalapilly,Thrissur,8,"2023-08-14 09:49:26","2023-08-14 10:35:54",1
13702,680589,Thekkumkara,Talappilly,Thrissur,8,"2023-08-14 09:49:26","2023-08-14 10:35:54",1
13705,680590,Kundannur,,Thrissur,8,"2023-08-14 09:49:26","2023-08-14 10:35:54",1
13708,680590,Kanjirakode,Talappilly,Thrissur,8,"2023-08-14 09:49:26","2023-08-14 10:35:54",1
13711,680590,"Kumaranellur TC",Talappilly,Thrissur,8,"2023-08-14 09:49:27","2023-08-14 10:35:54",1
13714,680591,Killimangalam,Thalapilly,Thrissur,8,"2023-08-14 09:49:27","2023-08-14 10:35:54",1
13717,680594,Kuthampilly,Thalapilly,Thrissur,8,"2023-08-14 09:49:27","2023-08-14 10:35:54",1
13720,680594,Kaniyarkod,Talappilly,Thrissur,8,"2023-08-14 09:49:27","2023-08-14 10:35:54",1
13723,680596,Thangalur,Thrissur,Thrissur,8,"2023-08-14 09:49:27","2023-08-14 10:35:54",1
13726,680596,"Thrissur Medical College",Thrissur,Thrissur,8,"2023-08-14 09:49:27","2023-08-14 10:35:54",1
13729,680601,"Velur Thrissur",Thalapilly,Thrissur,8,"2023-08-14 09:49:27","2023-08-14 10:35:54",1
13732,680601,Kiralur,Talappilly,Thrissur,8,"2023-08-14 09:49:27","2023-08-14 10:35:54",1
13735,680601,Kurumal,Talappilly,Thrissur,8,"2023-08-14 09:49:27","2023-08-14 10:35:54",1
13738,680601,Mundathicode,Thalapilly,Thrissur,8,"2023-08-14 09:49:27","2023-08-14 10:35:54",1
13741,680601,Vellattanjur,Talappilly,Thrissur,8,"2023-08-14 09:49:27","2023-08-14 10:35:54",1
13744,680601,"Velur Bazar",Talappilly,Thrissur,8,"2023-08-14 09:49:27","2023-08-14 10:35:54",1
13747,680602,Vaka,Thalapilly,Thrissur,8,"2023-08-14 09:49:27","2023-08-14 10:35:54",1
13750,680602,Nambazhikad,Talappilly,Thrissur,8,"2023-08-14 09:49:27","2023-08-14 10:35:54",1
13753,680602,Mattom,Thalapilly,Thrissur,8,"2023-08-14 09:49:27","2023-08-14 10:35:54",1
13756,680602,"Alur Mattom",Talappilly,Thrissur,8,"2023-08-14 09:49:27","2023-08-14 10:35:54",1
13759,680604,Maruthancode,Thalapilly,Thrissur,8,"2023-08-14 09:49:27","2023-08-14 10:35:54",1
13762,680604,Chiramanangad,Talappilly,Thrissur,8,"2023-08-14 09:49:27","2023-08-14 10:35:54",1
13765,680611,Elthuruth,,Thrissur,8,"2023-08-14 09:49:27","2023-08-14 10:35:54",1
13768,680612,Kanjani,Thrissur,Thrissur,8,"2023-08-14 09:49:27","2023-08-14 10:35:54",1
13771,680613,Kandassankadavu,Thrissur,Thrissur,8,"2023-08-14 09:49:27","2023-08-14 10:35:54",1
13774,680614,Naduvilkkara,Chavakkad,Thrissur,8,"2023-08-14 09:49:27","2023-08-14 10:35:54",1
13777,680614,"Vatanapally Beach",Chavakkad,Thrissur,8,"2023-08-14 09:49:27","2023-08-14 10:35:54",1
13780,680614,Vatanappally,Chavakkad,Thrissur,8,"2023-08-14 09:49:27","2023-08-14 10:35:54",1
13783,680615,Engandiyur,Chavakkad,Thrissur,8,"2023-08-14 09:49:27","2023-08-14 10:35:54",1
13786,680616,Kundaliyur,Chavakkad,Thrissur,8,"2023-08-14 09:49:27","2023-08-14 10:35:54",1
13789,680617,"Manalur HS",Thrissur,Thrissur,8,"2023-08-14 09:49:27","2023-08-14 10:35:54",1
13792,680617,Manalur,Thrissur,Thrissur,8,"2023-08-14 09:49:27","2023-08-14 10:35:54",1
13795,680618,Aranattukara,,Thrissur,8,"2023-08-14 09:49:27","2023-08-14 10:35:54",1
13798,680619,Trithallur,Chavakkad,Thrissur,8,"2023-08-14 09:49:27","2023-08-14 10:35:54",1
13801,680619,"Trithallur West",Chavakkad,Thrissur,8,"2023-08-14 09:49:27","2023-08-14 10:35:54",1
13804,680620,Eravu,Thrissur,Thrissur,8,"2023-08-14 09:49:27","2023-08-14 10:35:54",1
13807,680620,Arimpur,Thrissur,Thrissur,8,"2023-08-14 09:49:27","2023-08-14 10:35:54",1
13810,680623,Puduruthy,Talappilly,Thrissur,8,"2023-08-14 09:49:27","2023-08-14 10:35:54",1
13813,680623,Parlikkad,Talappilly,Thrissur,8,"2023-08-14 09:49:27","2023-08-14 10:35:54",1
13816,680623,Panangattukara,,Thrissur,8,"2023-08-14 09:49:27","2023-08-14 10:35:54",1
13819,680623,"Wadakkancheri-Thrissur RS",Talappilly,Thrissur,8,"2023-08-14 09:49:27","2023-08-14 10:35:54",1
13822,680623,"Mundathicode West",Talappilly,Thrissur,8,"2023-08-14 09:49:27","2023-08-14 10:35:54",1
13825,680623,Vyasagiri,Talappilly,Thrissur,8,"2023-08-14 09:49:27","2023-08-14 10:35:54",1
13828,680631,Ramavarmapuram,Thrissur,Thrissur,8,"2023-08-14 09:49:27","2023-08-14 10:35:54",1
13831,680641,Pullu,Thrissur,Thrissur,8,"2023-08-14 09:49:27","2023-08-14 10:35:54",1
13834,680641,Padiyam,,Thrissur,8,"2023-08-14 09:49:27","2023-08-14 10:35:54",1
13837,680641,Alapad,Thrissur,Thrissur,8,"2023-08-14 09:49:27","2023-08-14 10:35:54",1
13840,680641,Anthikad,Thrissur,Thrissur,8,"2023-08-14 09:49:27","2023-08-14 10:35:54",1
13843,680642,Puthenpeedika,Thrissur,Thrissur,8,"2023-08-14 09:49:27","2023-08-14 10:35:54",1
13846,680651,Nettissery,,Thrissur,8,"2023-08-14 09:49:27","2023-08-14 10:35:54",1
13849,680651,Mannuthy,,Thrissur,8,"2023-08-14 09:49:27","2023-08-14 10:35:54",1
13852,680651,Madakkathara,Thrissur,Thrissur,8,"2023-08-14 09:49:27","2023-08-14 10:35:54",1
13855,680652,Chuvannamannu,Thrissur,Thrissur,8,"2023-08-14 09:49:27","2023-08-14 10:35:54",1
13858,680652,Vaniampara,Thrissur,Thrissur,8,"2023-08-14 09:49:27","2023-08-14 10:35:54",1
13861,680652,Poovanchira,Thrissur,Thrissur,8,"2023-08-14 09:49:27","2023-08-14 10:35:54",1
13864,680652,"Pattikkad TC",Thrissur,Thrissur,8,"2023-08-14 09:49:27","2023-08-14 10:35:54",1
13867,680652,Kootala-Thrissur,Thrissur,Thrissur,8,"2023-08-14 09:49:27","2023-08-14 10:35:54",1
13870,680652,Kannara,Thrissur,Thrissur,8,"2023-08-14 09:49:27","2023-08-14 10:35:54",1
13873,680653,Peechi,Thrissur,Thrissur,8,"2023-08-14 09:49:27","2023-08-14 10:35:54",1
13876,680653,Chennaipara,Thrissur,Thrissur,8,"2023-08-14 09:49:27","2023-08-14 10:35:54",1
13879,680654,Vellanikkara,Thrissur,Thrissur,8,"2023-08-14 09:49:27","2023-08-14 10:35:54",1
13882,680655,Ollukkara,Thrissur,Thrissur,8,"2023-08-14 09:49:27","2023-08-14 10:35:54",1
13885,680656,"Kerala Agri-university",Thrissur,Thrissur,8,"2023-08-14 09:49:27","2023-08-14 10:35:54",1
13888,680661,Nadavaramba,Mukundapuram,Thrissur,8,"2023-08-14 09:49:27","2023-08-14 10:35:54",1
13891,680662,Kottanallur,Mukundapuram,Thrissur,8,"2023-08-14 09:49:27","2023-08-14 10:35:54",1
13894,680662,Thumbur,Mukundapuram,Thrissur,8,"2023-08-14 09:49:27","2023-08-14 10:35:54",1
13897,680662,Kalparamba,Mukundapuram,Thrissur,8,"2023-08-14 09:49:27","2023-08-14 10:35:54",1
13900,680662,Vellangallur,Mukundapuram,Thrissur,8,"2023-08-14 09:49:27","2023-08-14 10:35:54",1
13903,680663,"Pullut North",Kodungallur,Thrissur,8,"2023-08-14 09:49:27","2023-08-14 10:35:54",1
13906,680663,Pullut,Kodungallur,Thrissur,8,"2023-08-14 09:49:27","2023-08-14 10:35:54",1
13909,680664,"Lokamaleswaram North",Kodungallur,Thrissur,8,"2023-08-14 09:49:27","2023-08-14 10:35:54",1
13912,680664,Kodungallur,Kodungallur,Thrissur,8,"2023-08-14 09:49:27","2023-08-14 10:35:54",1
13915,680664,Srinngapuram,,Thrissur,8,"2023-08-14 09:49:27","2023-08-14 10:35:54",1
13918,680664,Thiruvanchikulam,Kodungallur,Thrissur,8,"2023-08-14 09:49:27","2023-08-14 10:35:54",1
13921,680665,"Panangad (Thrissur)",Kodungallur,Thrissur,8,"2023-08-14 09:49:27","2023-08-14 10:35:54",1
13924,680666,Azhikode-Thrissur,Kodungallur,Thrissur,8,"2023-08-14 09:49:27","2023-08-14 10:35:54",1
13927,680666,Madavana,Kodungallur,Thrissur,8,"2023-08-14 09:49:27","2023-08-14 10:35:54",1
13930,680666,"Azhikode Jetty",Kodungallur,Thrissur,8,"2023-08-14 09:49:27","2023-08-14 10:35:54",1
13933,680666,Eriyad,Kodungallur,Thrissur,8,"2023-08-14 09:49:27","2023-08-14 10:35:54",1
13936,680667,Kottappuram,Kodungallur,Thrissur,8,"2023-08-14 09:49:27","2023-08-14 10:35:54",1
13939,680667,Anapuzha,Kodungallur,Thrissur,8,"2023-08-14 09:49:27","2023-08-14 10:35:54",1
13942,680668,Pathazhakkad,Kodungallur,Thrissur,8,"2023-08-14 09:49:27","2023-08-14 10:35:54",1
13945,680668,Kothaparamba,Kodungallur,Thrissur,8,"2023-08-14 09:49:27","2023-08-14 10:35:54",1
13948,680668,Santhipuram,Kodungallur,Thrissur,8,"2023-08-14 09:49:27","2023-08-14 10:35:54",1
13951,680669,Kandamkulam,Kodungallur,Thrissur,8,"2023-08-14 09:49:27","2023-08-14 10:35:54",1
13954,680669,Methala,Kodungallur,Thrissur,8,"2023-08-14 09:49:27","2023-08-14 10:35:54",1
13957,680670,Karupadanna,Mukundapuram,Thrissur,8,"2023-08-14 09:49:27","2023-08-14 10:35:54",1
13960,680671,Kara,Kodungallur,Thrissur,8,"2023-08-14 09:49:27","2023-08-14 10:35:54",1
13963,680671,"Padinjare Vemballur",Kodungallur,Thrissur,8,"2023-08-14 09:49:27","2023-08-14 10:35:54",1
13966,680671,Edavilangu,Kodungallur,Thrissur,8,"2023-08-14 09:49:27","2023-08-14 10:35:54",1
13969,680681,Kaipamangalam,Kodungallur,Thrissur,8,"2023-08-14 09:49:27","2023-08-14 10:35:54",1
13972,680681,Chalingad,Kodungallur,Thrissur,8,"2023-08-14 09:49:27","2023-08-14 10:35:54",1
13975,680681,Koorikuzhi,Kodungallur,Thrissur,8,"2023-08-14 09:49:27","2023-08-14 10:35:54",1
13978,680681,"Kaipamangalam Beach",Kodungallur,Thrissur,8,"2023-08-14 09:49:27","2023-08-14 10:35:54",1
13981,680682,"Puthenchira Kizhakkummuri",Mukundapuram,Thrissur,8,"2023-08-14 09:49:27","2023-08-14 10:35:54",1
13984,680682,Kannikulangara,Mukundapuram,Thrissur,8,"2023-08-14 09:49:27","2023-08-14 10:35:54",1
13987,680682,Puthenchira,Mukundapuram,Thrissur,8,"2023-08-14 09:49:27","2023-08-14 10:35:54",1
13990,680682,Kombathukadavu,Mukundapuram,Thrissur,8,"2023-08-14 09:49:27","2023-08-14 10:35:54",1
13993,680682,"Puthenchira Thekkummuri",Mukundapuram,Thrissur,8,"2023-08-14 09:49:27","2023-08-14 10:35:54",1
13996,680683,Pullur,Mukundapuram,Thrissur,8,"2023-08-14 09:49:27","2023-08-14 10:35:54",1
13999,680683,Avittathur,Mukundapuram,Thrissur,8,"2023-08-14 09:49:27","2023-08-14 10:35:54",1
14002,680683,Kaduppassery,Mukundapuram,Thrissur,8,"2023-08-14 09:49:27","2023-08-14 10:35:54",1
14005,680683,Alur-Kalletumkara,Mukundapuram,Thrissur,8,"2023-08-14 09:49:27","2023-08-14 10:35:54",1
14008,680683,Kallettumkara,Mukundapuram,Thrissur,8,"2023-08-14 09:49:27","2023-08-14 10:35:54",1
14011,680683,"Kaduppassery  South",Mukundapuram,Thrissur,8,"2023-08-14 09:49:27","2023-08-14 10:35:54",1
14014,680683,Muriyad,Mukundapuram,Thrissur,8,"2023-08-14 09:49:27","2023-08-14 10:35:54",1
14017,680684,Manakulangara,Mukundapuram,Thrissur,8,"2023-08-14 09:49:27","2023-08-14 10:35:54",1
14020,680684,Chembuchira,Mukundapuram,Thrissur,8,"2023-08-14 09:49:27","2023-08-14 10:35:54",1
14023,680684,Kodakara,Mukundapuram,Thrissur,8,"2023-08-14 09:49:27","2023-08-14 10:35:54",1
14026,680684,Mattathurkkunnu,Mukundapuram,Thrissur,8,"2023-08-14 09:49:27","2023-08-14 10:35:54",1
14029,680684,Mattathur,Mukundapuram,Thrissur,8,"2023-08-14 09:49:27","2023-08-14 10:35:54",1
14032,680685,Mathilakam,Kodungallur,Thrissur,8,"2023-08-14 09:49:27","2023-08-14 10:35:54",1
14035,680686,"Perinjanam West",Kodungallur,Thrissur,8,"2023-08-14 09:49:27","2023-08-14 10:35:54",1
14038,680686,Perinjanam,Kodungallur,Thrissur,8,"2023-08-14 09:49:27","2023-08-14 10:35:54",1
14041,680686,Chakkarappadam,Kodungallur,Thrissur,8,"2023-08-14 09:49:27","2023-08-14 10:35:54",1
14044,680687,Chentrappinni,Kodungallur,Thrissur,8,"2023-08-14 09:49:27","2023-08-14 10:35:54",1
14047,680687,"Chentrappinni East",Kodungallur,Thrissur,8,"2023-08-14 09:49:27","2023-08-14 10:35:54",1
14050,680687,Kannampallipuram,Kodungallur,Thrissur,8,"2023-08-14 09:49:27","2023-08-14 10:35:54",1
14053,680687,Chamakkala,Kodungallur,Thrissur,8,"2023-08-14 09:49:27","2023-08-14 10:35:54",1
14056,680688,Aripalam,Mukundapuram,Thrissur,8,"2023-08-14 09:49:27","2023-08-14 10:35:54",1
14059,680688,Padiyur,Mukundapuram,Thrissur,8,"2023-08-14 09:49:27","2023-08-14 10:35:54",1
14062,680688,Edakulam,Mukundapuram,Thrissur,8,"2023-08-14 09:49:27","2023-08-14 10:35:54",1
14065,680689,Perambra-thrissur,Mukundapuram,Thrissur,8,"2023-08-14 09:49:27","2023-08-14 10:35:54",1
14068,680689,Kanakamala,Mukundapuram,Thrissur,8,"2023-08-14 09:49:27","2023-08-14 10:35:54",1
14071,680691,Koolimuttam,Kodungallur,Thrissur,8,"2023-08-14 09:49:27","2023-08-14 10:35:54",1
14074,680697,Thazhekkad,Mukundapuram,Thrissur,8,"2023-08-14 09:49:27","2023-08-14 10:35:54",1
14077,680697,Karur,Mukundapuram,Thrissur,8,"2023-08-14 09:49:27","2023-08-14 10:35:54",1
14080,680697,Kuzhikkattussery,Mukundapuram,Thrissur,8,"2023-08-14 09:49:27","2023-08-14 10:35:54",1
14083,680697,Vellanchira,Mukundapuram,Thrissur,8,"2023-08-14 09:49:27","2023-08-14 10:35:54",1
14086,680699,Vellikulangara,Mukundapuram,Thrissur,8,"2023-08-14 09:49:27","2023-08-14 10:35:54",1
14089,680699,Chokkana,Mukundapuram,Thrissur,8,"2023-08-14 09:49:27","2023-08-14 10:35:54",1
14092,680699,Pady,Mukundapuram,Thrissur,8,"2023-08-14 09:49:27","2023-08-14 10:35:54",1
14095,680699,Murikkungal,Mukundapuram,Thrissur,8,"2023-08-14 09:49:27","2023-08-14 10:35:54",1
14098,680701,Thanissery,Mukundapuram,Thrissur,8,"2023-08-14 09:49:27","2023-08-14 10:35:54",1
14101,680701,Vellani,Mukundapuram,Thrissur,8,"2023-08-14 09:49:27","2023-08-14 10:35:54",1
14104,680702,Ponjanam,Mukundapuram,Thrissur,8,"2023-08-14 09:49:27","2023-08-14 10:35:54",1
14107,680702,Kizhupillikkara,Mukundapuram,Thrissur,8,"2023-08-14 09:49:27","2023-08-14 10:35:54",1
14110,680702,Karanchira,Mukundapuram,Thrissur,8,"2023-08-14 09:49:27","2023-08-14 10:35:54",1
14113,680702,Kattoor,Mukundapuram,Thrissur,8,"2023-08-14 09:49:27","2023-08-14 10:35:54",1
14116,680703,Kuttamangalam,Kodungallur,Thrissur,8,"2023-08-14 09:49:27","2023-08-14 10:35:54",1
14119,680703,Edathuruthy,Mukundapuram,Thrissur,8,"2023-08-14 09:49:27","2023-08-14 10:35:54",1
14122,680711,Karuvannur,Mukundapuram,Thrissur,8,"2023-08-14 09:49:27","2023-08-14 10:35:54",1
14125,680711,Moorkkanad,Mukundapuram,Thrissur,8,"2023-08-14 09:49:27","2023-08-14 10:35:54",1
14128,680711,Panamkulam,Thrissur,Thrissur,8,"2023-08-14 09:49:27","2023-08-14 10:35:54",1
14131,680711,Karalam,Mukundapuram,Thrissur,8,"2023-08-14 09:49:27","2023-08-14 10:35:54",1
14134,680712,Madayikonam,Mukundapuram,Thrissur,8,"2023-08-14 09:49:27","2023-08-14 10:35:54",1
14137,680721,Chattikulam,Mukundapuram,Thrissur,8,"2023-08-14 09:49:27","2023-08-14 10:35:54",1
14140,680721,Poringalkuthu,Mukundapuram,Thrissur,8,"2023-08-14 09:49:27","2023-08-14 10:35:54",1
14143,680721,Kanjirappilly-TCR,Mukundapuram,Thrissur,8,"2023-08-14 09:49:27","2023-08-14 10:35:54",1
14146,680721,Vettilappara,Mukundapuram,Thrissur,8,"2023-08-14 09:49:27","2023-08-14 10:35:54",1
14149,680721,Elinjipra,Miukundapuram,Thrissur,8,"2023-08-14 09:49:27","2023-08-14 10:35:54",1
14152,680721,"Pariyaram (Thrissur)",Mukundapuram,Thrissur,8,"2023-08-14 09:49:27","2023-08-14 10:35:54",1
14155,680721,Kodassery,Mukundapuram,Thrissur,8,"2023-08-14 09:49:27","2023-08-14 10:35:54",1
14158,680721,Malakkapara,Mukundapuram,Thrissur,8,"2023-08-14 09:49:27","2023-08-14 10:35:54",1
14161,680721,Konnakuzhy,Mukundapuram,Thrissur,8,"2023-08-14 09:49:27","2023-08-14 10:35:54",1
14164,680722,Potta,Mukundapuram,Thrissur,8,"2023-08-14 09:49:27","2023-08-14 10:35:54",1
14167,680722,"Chalakudi R S",Mukundapuram,Thrissur,8,"2023-08-14 09:49:27","2023-08-14 10:35:54",1
14170,680722,Vijayaraghavapuram,Mukundapuram,Thrissur,8,"2023-08-14 09:49:27","2023-08-14 10:35:54",1
14173,680724,Kuttichira,Mukundapuram,Thrissur,8,"2023-08-14 09:49:27","2023-08-14 10:35:54",1
14176,680724,Kuttikkad,Mukundapuram,Thrissur,8,"2023-08-14 09:49:27","2023-08-14 10:35:54",1
14179,680724,Mothirakkanni,Mukundapuram,Thrissur,8,"2023-08-14 09:49:27","2023-08-14 10:35:54",1
14182,680724,Chaipankuzhi,Mukundapuram,Thrissur,8,"2023-08-14 09:49:27","2023-08-14 10:35:54",1
14185,680731,Annallur,Mukundapuram,Thrissur,8,"2023-08-14 09:49:27","2023-08-14 10:35:54",1
14188,680731,Ashtamichira,Mukundapuram,Thrissur,8,"2023-08-14 09:49:27","2023-08-14 10:35:54",1
14191,680731,Kottat,,Thrissur,8,"2023-08-14 09:49:27","2023-08-14 10:35:54",1
14194,680732,Kottamuri,Mukundapuram,Thrissur,8,"2023-08-14 09:49:27","2023-08-14 10:35:54",1
14197,680732,Pallipuram,Mukundapuram,Thrissur,8,"2023-08-14 09:49:27","2023-08-14 10:35:54",1
14200,680732,Vadama,Mukundapuram,Thrissur,8,"2023-08-14 09:49:27","2023-08-14 10:35:54",1
14203,680732,Kuruvilassery,Mukundapuram,Thrissur,8,"2023-08-14 09:49:27","2023-08-14 10:35:54",1
14206,680732,Mala-thrissur,Mukundapuram,Thrissur,8,"2023-08-14 09:49:27","2023-08-14 10:35:54",1
14209,680733,Pooppathy,Kodungallur,Thrissur,8,"2023-08-14 09:49:27","2023-08-14 10:35:54",1
14212,680733,Krishnankotta,Kodungallur,Thrissur,8,"2023-08-14 09:49:27","2023-08-14 10:35:54",1
14215,680733,Poyya,Kodungallur,Thrissur,8,"2023-08-14 09:49:27","2023-08-14 10:35:54",1
14218,680733,Madathumpady,,Thrissur,8,"2023-08-14 09:49:27","2023-08-14 10:35:54",1
14221,680734,Eravathur,Mukundapuram,Thrissur,8,"2023-08-14 09:49:27","2023-08-14 10:35:54",1
14224,680734,Kundur,Mukundapuram,Thrissur,8,"2023-08-14 09:49:27","2023-08-14 10:35:54",1
14227,680734,Iranikulam,Mukundapuram,Thrissur,8,"2023-08-14 09:49:27","2023-08-14 10:35:54",1
14230,680734,Kuzhur,Mukundapuram,Thrissur,8,"2023-08-14 09:49:27","2023-08-14 10:35:54",1
14233,680741,Palayamparambu,Mukundapuram,Thrissur,8,"2023-08-14 09:49:27","2023-08-14 10:35:54",1
14236,680741,Alathur(Thrissur),Mukundapuram,Thrissur,8,"2023-08-14 09:49:27","2023-08-14 10:35:54",1
14239,680741,Poovathussery,Mukundapuram,Thrissur,8,"2023-08-14 09:49:27","2023-08-14 10:35:54",1
14242,680741,Annamanada,Mukundapuram,Thrissur,8,"2023-08-14 09:49:27","2023-08-14 10:35:54",1
14245,680751,Nadathara,,Thrissur,8,"2023-08-14 09:49:27","2023-08-14 10:35:54",1
14248,680751,Mulayam,Thrissur,Thrissur,8,"2023-08-14 09:49:27","2023-08-14 10:35:54",1
14251,680751,Kozhukully,Thrissur,Thrissur,8,"2023-08-14 09:49:27","2023-08-14 10:35:54",1
14254,680751,Eravimangalam,,Thrissur,8,"2023-08-14 09:49:27","2023-08-14 10:35:54",1
14257,680751,Ayyappankavu,Thrissur,Thrissur,8,"2023-08-14 09:49:27","2023-08-14 10:35:54",1
14260,680751,Asarikkad,Thrissur,Thrissur,8,"2023-08-14 09:49:27","2023-08-14 10:35:54",1
14263,670644,Porur(wayanad),Mananthavady,Wayanad,5,"2023-08-14 09:49:27","2023-08-14 10:35:54",1
14266,670644,Thalappuzha,Mananthavady,Wayanad,5,"2023-08-14 09:49:27","2023-08-14 10:35:54",1
14269,670644,Periya,Mananthavady,Wayanad,5,"2023-08-14 09:49:27","2023-08-14 10:35:54",1
14272,670644,Varayal,Mananthavady,Wayanad,5,"2023-08-14 09:49:27","2023-08-14 10:35:54",1
14275,670644,Kappattumala,Mananthavady,Wayanad,5,"2023-08-14 09:49:27","2023-08-14 10:35:54",1
14278,670644,Tavinhal,Mananthavady,Wayanad,5,"2023-08-14 09:49:27","2023-08-14 10:35:54",1
14281,670644,Cherakkara(wayanad),Mananthavady,Wayanad,5,"2023-08-14 09:49:27","2023-08-14 10:35:54",1
14284,670644,Vallat,Mananthavady,Wayanad,5,"2023-08-14 09:49:27","2023-08-14 10:35:54",1
14287,670644,Kampatti,Mananthavady,Wayanad,5,"2023-08-14 09:49:27","2023-08-14 10:35:54",1
14290,670644,Alattil,Mananthavady,Wayanad,5,"2023-08-14 09:49:27","2023-08-14 10:35:54",1
14293,670645,Mananthavady,Mananthavady,Wayanad,5,"2023-08-14 09:49:27","2023-08-14 10:35:54",1
14296,670645,Valery,Mananthavady,Wayanad,5,"2023-08-14 09:49:27","2023-08-14 10:35:54",1
14299,670645,Kellur,Mananthavady,Wayanad,5,"2023-08-14 09:49:27","2023-08-14 10:35:54",1
14302,670645,Ellumannam,Mananthavady,Wayanad,5,"2023-08-14 09:49:27","2023-08-14 10:35:54",1
14305,670645,Mundakutty,Vythiri,Wayanad,5,"2023-08-14 09:49:27","2023-08-14 10:35:54",1
14308,670645,Karakkamala,Mananthavady,Wayanad,5,"2023-08-14 09:49:27","2023-08-14 10:35:54",1
14311,670645,Kammana,Mananthavady,Wayanad,5,"2023-08-14 09:49:27","2023-08-14 10:35:54",1
14314,670645,Vemom,Mananthavady,Wayanad,5,"2023-08-14 09:49:27","2023-08-14 10:35:54",1
14317,670645,Vimalanagar,Mananthavady,Wayanad,5,"2023-08-14 09:49:27","2023-08-14 10:35:54",1
14320,670645,Edavaka,Mananthavady,Wayanad,5,"2023-08-14 09:49:27","2023-08-14 10:35:54",1
14323,670645,Tharuvana,Mananthavady,Wayanad,5,"2023-08-14 09:49:27","2023-08-14 10:35:54",1
14326,670645,Pilakavu,Mananthavady,Wayanad,5,"2023-08-14 09:49:27","2023-08-14 10:35:54",1
14329,670645,Pudusseri,Mananthavady,Wayanad,5,"2023-08-14 09:49:27","2023-08-14 10:35:54",1
14332,670645,Nallurnad,Mananthavady,Wayanad,5,"2023-08-14 09:49:27","2023-08-14 10:35:54",1
14335,670645,Pudusserikadavu,Mananthavady,Wayanad,5,"2023-08-14 09:49:27","2023-08-14 10:35:54",1
14338,670645,"Kunnamangalam Wayanad",Mananthavady,Wayanad,5,"2023-08-14 09:49:27","2023-08-14 10:35:54",1
14341,670645,Anjukunnu,Mananthavady,Wayanad,5,"2023-08-14 09:49:27","2023-08-14 10:35:54",1
14344,670645,Arattuthara,Mananthavady,Wayanad,5,"2023-08-14 09:49:27","2023-08-14 10:35:54",1
14347,670646,"Tirunelli Temple",Mananthavady,Wayanad,5,"2023-08-14 09:49:27","2023-08-14 10:35:54",1
14350,670646,Tholpetty,Mananthavady,Wayanad,5,"2023-08-14 09:49:27","2023-08-14 10:35:54",1
14353,670646,Bavali,Mananthavady,Wayanad,5,"2023-08-14 09:49:27","2023-08-14 10:35:54",1
14356,670646,Tirunelli,Manantahvady,Wayanad,5,"2023-08-14 09:49:27","2023-08-14 10:35:54",1
14359,670646,Payyampalli,Mananthavady,Wayanad,5,"2023-08-14 09:49:27","2023-08-14 10:35:54",1
14362,670646,Thrissileri,Mananthavady,Wayanad,5,"2023-08-14 09:49:27","2023-08-14 10:35:54",1
14365,670646,Panavally,Mananthavady,Wayanad,5,"2023-08-14 09:49:27","2023-08-14 10:35:54",1
14368,670646,Kartikulam,Mananthavady,Wayanad,5,"2023-08-14 09:49:27","2023-08-14 10:35:54",1
14371,670721,Nadavayal,Sulthanbathery,Wayanad,5,"2023-08-14 09:49:27","2023-08-14 10:35:54",1
14374,670721,Panamaram,Mananthavady,Wayanad,5,"2023-08-14 09:49:27","2023-08-14 10:35:54",1
14377,670721,Arinjerummal,Mananthavady,Wayanad,5,"2023-08-14 09:49:27","2023-08-14 10:35:54",1
14380,670721,Nirvaram,Mananthavady,Wayanad,5,"2023-08-14 09:49:27","2023-08-14 10:35:54",1
14383,670721,Cherukattoor,Mananthavady,Wayanad,5,"2023-08-14 09:49:27","2023-08-14 10:35:54",1
14386,670721,Echchome,Mananthavady,Wayanad,5,"2023-08-14 09:49:27","2023-08-14 10:35:54",1
14389,670721,Kayakunnu,Sulthanbathery,Wayanad,5,"2023-08-14 09:49:27","2023-08-14 10:35:54",1
14392,670731,Makkiad,Mananthavady,Wayanad,5,"2023-08-14 09:49:27","2023-08-14 10:35:54",1
14395,670731,Kattayad,Mananthavady,Wayanad,5,"2023-08-14 09:49:27","2023-08-14 10:35:54",1
14398,670731,Thondernadu,Manantahvady,Wayanad,5,"2023-08-14 09:49:27","2023-08-14 10:35:54",1
14401,670731,Kunhome,Mananthavady,Wayanad,5,"2023-08-14 09:49:27","2023-08-14 10:35:54",1
14404,670731,Kottarakunnu,Mananthavady,Wayanad,5,"2023-08-14 09:49:27","2023-08-14 10:35:54",1
14407,670731,Thettamala,Mananthavady,Wayanad,5,"2023-08-14 09:49:27","2023-08-14 10:35:54",1
14410,670731,Mattilayam,Mananthavady,Wayanad,5,"2023-08-14 09:49:27","2023-08-14 10:35:54",1
14413,670731,Vanhode,Mananthavady,Wayanad,5,"2023-08-14 09:49:27","2023-08-14 10:35:54",1
14416,670731,Vellamunda,Mananthavady,Wayanad,5,"2023-08-14 09:49:27","2023-08-14 10:35:54",1
14419,673121,Kalpetta,Vythiri,Wayanad,5,"2023-08-14 09:49:27","2023-08-14 10:35:54",1
14422,673122,Kaniyambetta,Vythiri,Wayanad,5,"2023-08-14 09:49:27","2023-08-14 10:35:54",1
14425,673122,Kambalakkad,Vythiti,Wayanad,5,"2023-08-14 09:49:27","2023-08-14 10:35:54",1
14428,673122,Pinangode,Vythiri,Wayanad,5,"2023-08-14 09:49:27","2023-08-14 10:35:54",1
14431,673122,Muttil,Vythiri,Wayanad,5,"2023-08-14 09:49:27","2023-08-14 10:35:54",1
14434,673122,Puzhamutti,Vythiri,Wayanad,5,"2023-08-14 09:49:27","2023-08-14 10:35:54",1
14437,673122,Mandad,Vythiri,Wayanad,5,"2023-08-14 09:49:27","2023-08-14 10:35:54",1
14440,673122,"Pariyaram - Wynad",Vythiri,Wayanad,5,"2023-08-14 09:49:27","2023-08-14 10:35:54",1
14443,673122,Madakkimala,Vythiri,Wayanad,5,"2023-08-14 09:49:27","2023-08-14 10:35:54",1
14446,673122,"Kakka Vayal",Sulthanbathery,Wayanad,5,"2023-08-14 09:49:27","2023-08-14 10:35:54",1
14449,673122,Kavumannam,Vythiri,Wayanad,5,"2023-08-14 09:49:27","2023-08-14 10:35:54",1
14452,673122,"Pallikunnu Wynad",Vythiri,Wayanad,5,"2023-08-14 09:49:27","2023-08-14 10:35:54",1
14455,673122,Karinkutty,Vythiri,Wayanad,5,"2023-08-14 09:49:27","2023-08-14 10:35:54",1
14458,673122,"Kalpetta North",Vythiri,Wayanad,5,"2023-08-14 09:49:27","2023-08-14 10:35:54",1
14461,673122,Kottathara,Vythiri,Wayanad,5,"2023-08-14 09:49:27","2023-08-14 10:35:54",1
14464,673122,"Vazhu Vatta",Vythiri,Wayanad,5,"2023-08-14 09:49:27","2023-08-14 10:35:54",1
14467,673122,Maniyangode,Vythiri,Wayanad,5,"2023-08-14 09:49:27","2023-08-14 10:35:54",1
14470,673122,Thekkumthara,Vythiri,Wayanad,5,"2023-08-14 09:49:27","2023-08-14 10:35:54",1
14473,673122,Madakunnu,Vythiri,Wayanad,5,"2023-08-14 09:49:27","2023-08-14 10:35:54",1
14476,673122,Chennalode,Vythiri,Wayanad,5,"2023-08-14 09:49:27","2023-08-14 10:35:54",1
14479,673123,Kunnambetta,Vythiri,Wayanad,5,"2023-08-14 09:49:27","2023-08-14 10:35:54",1
14482,673123,Chundale,Vythiri,Wayanad,5,"2023-08-14 09:49:27","2023-08-14 10:35:54",1
14485,673575,"Padinhara Thara",Vythiri,Wayanad,5,"2023-08-14 09:49:27","2023-08-14 10:35:54",1
14488,673575,Achooranam,Vythiri,Wayanad,5,"2023-08-14 09:49:27","2023-08-14 10:35:54",1
14491,673575,"Arambatta Kunnu",Vythiri,Wayanad,5,"2023-08-14 09:49:27","2023-08-14 10:35:54",1
14494,673575,Varambetta,Vythiri,Wayanad,5,"2023-08-14 09:49:27","2023-08-14 10:35:54",1
14497,673575,Bibleland,Vythiri,Wayanad,5,"2023-08-14 09:49:27","2023-08-14 10:35:54",1
14500,673575,Manjoora,Vythiri,Wayanad,5,"2023-08-14 09:49:27","2023-08-14 10:35:54",1
14503,673575,"Thariote North",Vythiri,Wayanad,5,"2023-08-14 09:49:27","2023-08-14 10:35:54",1
14506,673575,Pozhuthana,Vythiri,Wayanad,5,"2023-08-14 09:49:27","2023-08-14 10:35:54",1
14509,673575,Thariote,Vythiri,Wayanad,5,"2023-08-14 09:49:27","2023-08-14 10:35:54",1
14512,673576,Vythiri,Vythiri,Wayanad,5,"2023-08-14 09:49:27","2023-08-14 10:35:54",1
14515,673576,Sugandhagiri,Vythiri,Wayanad,5,"2023-08-14 09:49:27","2023-08-14 10:35:54",1
14518,673576,Lakkidi,Vythiri,Wayanad,5,"2023-08-14 09:49:27","2023-08-14 10:35:54",1
14521,673577,Meppadi,"Sulthan Bathery",Wayanad,5,"2023-08-14 09:49:27","2023-08-14 10:35:54",1
14524,673577,Nathamkuni,Sulthanbathery,Wayanad,5,"2023-08-14 09:49:27","2023-08-14 10:35:54",1
14527,673577,"Trikai Petta","Sulthan Batheri",Wayanad,5,"2023-08-14 09:49:27","2023-08-14 10:35:54",1
14530,673577,Mundakai,Vythiri,Wayanad,5,"2023-08-14 09:49:27","2023-08-14 10:35:54",1
14533,673577,Vallarmala,"Sulthan Bathery",Wayanad,5,"2023-08-14 09:49:27","2023-08-14 10:35:54",1
14536,673577,Cottanad,Vythiri,Wayanad,5,"2023-08-14 09:49:27","2023-08-14 10:35:54",1
14539,673577,"Ripon Wynad",Vythiri,Wayanad,5,"2023-08-14 09:49:27","2023-08-14 10:35:54",1
14542,673577,Puthumala,Vythiri,Wayanad,5,"2023-08-14 09:49:27","2023-08-14 10:35:54",1
14545,673577,Chembra,Vythiri,Wayanad,5,"2023-08-14 09:49:27","2023-08-14 10:35:54",1
14548,673577,"Puthur Vayal",Vythiri,Wayanad,5,"2023-08-14 09:49:27","2023-08-14 10:35:54",1
14551,673579,Marakadavu,Sulthanbathery,Wayanad,5,"2023-08-14 09:49:27","2023-08-14 10:35:54",1
14554,673579,"Amara Kuni",Sulthanbathery,Wayanad,5,"2023-08-14 09:49:27","2023-08-14 10:35:54",1
14557,673579,Pakkom,Sulthanbathery,Wayanad,5,"2023-08-14 09:49:27","2023-08-14 10:35:54",1
14560,673579,Mullankolli,Sulthanbathery,Wayanad,5,"2023-08-14 09:49:27","2023-08-14 10:35:54",1
14563,673579,Chettapalam,Sulthanbathery,Wayanad,5,"2023-08-14 09:49:27","2023-08-14 10:35:54",1
14566,673579,Sasimala,Sulthanbathery,Wayanad,5,"2023-08-14 09:49:27","2023-08-14 10:35:54",1
14569,673579,Kabanigiri,Sulthanbathery,Wayanad,5,"2023-08-14 09:49:27","2023-08-14 10:35:54",1
14572,673579,"Seetha Mount",Sulthanbathery,Wayanad,5,"2023-08-14 09:49:27","2023-08-14 10:35:54",1
14575,673579,Padichira,"Sulthan Batheri",Wayanad,5,"2023-08-14 09:49:27","2023-08-14 10:35:54",1
14578,673579,"Kalanadi Kolli",Sulthanbathery,Wayanad,5,"2023-08-14 09:49:27","2023-08-14 10:35:54",1
14581,673579,Cheeyambam,Sulthanbathery,Wayanad,5,"2023-08-14 09:49:27","2023-08-14 10:35:54",1
14584,673579,Palakolli,Sulthanbathery,Wayanad,5,"2023-08-14 09:49:27","2023-08-14 10:35:54",1
14587,673579,Perikallur,Sulthanbathery,Wayanad,5,"2023-08-14 09:49:27","2023-08-14 10:35:54",1
14590,673579,"Manal Vayal",Sulthanbathery,Wayanad,5,"2023-08-14 09:49:27","2023-08-14 10:35:54",1
14593,673579,"Bhoodanam Colony",Sulthanbathery,Wayanad,5,"2023-08-14 09:49:27","2023-08-14 10:35:54",1
14596,673579,Veliyambam,Sulthanbathery,Wayanad,5,"2023-08-14 09:49:27","2023-08-14 10:35:54",1
14599,673579,Pulpalli,"Sulthan Bathery",Wayanad,5,"2023-08-14 09:49:27","2023-08-14 10:35:54",1
14602,673581,Chellangode,Vythiri,Wayanad,5,"2023-08-14 09:49:28","2023-08-14 10:35:54",1
14605,673581,Vatuvanchal,"Sulthan Bathery",Wayanad,5,"2023-08-14 09:49:28","2023-08-14 10:35:54",1
14608,673581,Kadalmat,"Sulthan Batheri",Wayanad,5,"2023-08-14 09:49:28","2023-08-14 10:35:54",1
14611,673591,Karani,Sulthanbathery,Wayanad,5,"2023-08-14 09:49:28","2023-08-14 10:35:54",1
14614,673591,Meenangadi,"Sulthan Bathery",Wayanad,5,"2023-08-14 09:49:28","2023-08-14 10:35:54",1
14617,673591,Kariyambadi,Sulthanbathery,Wayanad,5,"2023-08-14 09:49:28","2023-08-14 10:35:54",1
14620,673591,Kolagapara,Sulthanbathery,Wayanad,5,"2023-08-14 09:49:28","2023-08-14 10:35:54",1
14623,673591,Karachal,Sulthanbathery,Wayanad,5,"2023-08-14 09:49:28","2023-08-14 10:35:54",1
14626,673591,"Krishna Giri","Sulthan Batheri",Wayanad,5,"2023-08-14 09:49:28","2023-08-14 10:35:54",1
14629,673591,Kumbaleri,Sulthanbathery,Wayanad,5,"2023-08-14 09:49:28","2023-08-14 10:35:54",1
14632,673591,Mylambadi,Sulthanbathery,Wayanad,5,"2023-08-14 09:49:28","2023-08-14 10:35:54",1
14635,673591,Varadoor,Sulthanbathery,Wayanad,5,"2023-08-14 09:49:28","2023-08-14 10:35:54",1
14638,673592,Pambra,Sulthanbathery,Wayanad,5,"2023-08-14 09:49:28","2023-08-14 10:35:54",1
14641,673592,"Sulthan Bathery","Sulthan Bathery",Wayanad,5,"2023-08-14 09:49:28","2023-08-14 10:35:54",1
14644,673592,Muthanga,"Sulthan Batheri",Wayanad,5,"2023-08-14 09:49:28","2023-08-14 10:35:54",1
14647,673592,Kidanganad,"Sulthan Batheri",Wayanad,5,"2023-08-14 09:49:28","2023-08-14 10:35:54",1
14650,673592,Valluvadi,Sulthanbathery,Wayanad,5,"2023-08-14 09:49:28","2023-08-14 10:35:54",1
14653,673592,Moodakolli,Sulthanbathery,Wayanad,5,"2023-08-14 09:49:28","2023-08-14 10:35:54",1
14656,673592,Chulliote,Sulthanbathery,Wayanad,5,"2023-08-14 09:49:28","2023-08-14 10:35:54",1
14659,673592,Nenmeni,"Sulthan Batheri",Wayanad,5,"2023-08-14 09:49:28","2023-08-14 10:35:54",1
14662,673592,Vakeri,"Sulthan Batheri",Wayanad,5,"2023-08-14 09:49:28","2023-08-14 10:35:54",1
14665,673592,Nulpuzha,Sulthanbathery,Wayanad,5,"2023-08-14 09:49:28","2023-08-14 10:35:54",1
14668,673592,Kuppadi,"Sulthan Batheri",Wayanad,5,"2023-08-14 09:49:28","2023-08-14 10:35:54",1
14671,673592,Chedalath,Sulthanbathery,Wayanad,5,"2023-08-14 09:49:28","2023-08-14 10:35:54",1
14674,673592,Beenachi,Sulthanbathery,Wayanad,5,"2023-08-14 09:49:28","2023-08-14 10:35:54",1
14677,673592,Pazhupathur,Sulthanbathery,Wayanad,5,"2023-08-14 09:49:28","2023-08-14 10:35:54",1
14680,673592,"Thovari Mala",Sulthanbathery,Wayanad,5,"2023-08-14 09:49:28","2023-08-14 10:35:54",1
14683,673592,Naiketty,Sulthanbathery,Wayanad,5,"2023-08-14 09:49:28","2023-08-14 10:35:54",1
14686,673592,"Moolan Kavu",Sulthanbathery,Wayanad,5,"2023-08-14 09:49:28","2023-08-14 10:35:54",1
14689,673592,Poomulla,Sulthanbathery,Wayanad,5,"2023-08-14 09:49:28","2023-08-14 10:35:54",1
14692,673592,"Sulthan Bathery East",Sulthanbathery,Wayanad,5,"2023-08-14 09:49:28","2023-08-14 10:35:54",1
14695,673593,Narikkundu,Sulthanbathery,Wayanad,5,"2023-08-14 09:49:28","2023-08-14 10:35:54",1
14698,673593,Ambalavayal,Sulthanbathery,Wayanad,5,"2023-08-14 09:49:28","2023-08-14 10:35:54",1
14701,673593,"Kalathu Vayal",Sulthanbathery,Wayanad,5,"2023-08-14 09:49:28","2023-08-14 10:35:54",1
14704,673593,Cheengeri,Sulthanbathery,Wayanad,5,"2023-08-14 09:49:28","2023-08-14 10:35:54",1
14707,673593,"Nallara Chal",Sulthanbathery,Wayanad,5,"2023-08-14 09:49:28","2023-08-14 10:35:54",1
14710,673593,Karadipara,Sulthanbathery,Wayanad,5,"2023-08-14 09:49:28","2023-08-14 10:35:54",1
14713,673595,"Mookuthi Kunnu",Sulthanbathery,Wayanad,5,"2023-08-14 09:49:28","2023-08-14 10:35:54",1
14716,673595,"Nambiar Kunnu",Sulthanbathery,Wayanad,5,"2023-08-14 09:49:28","2023-08-14 10:35:54",1
14719,673595,"Puthan Kunnu",Sulthanbathery,Wayanad,5,"2023-08-14 09:49:28","2023-08-14 10:35:54",1
14722,673595,Thazhathur,Sulthanbathery,Wayanad,5,"2023-08-14 09:49:28","2023-08-14 10:35:54",1
14725,673595,"Nenmeni Kunnu",Sulthanbathery,Wayanad,5,"2023-08-14 09:49:28","2023-08-14 10:35:54",1
14728,673595,Cheeral,"Sulthan Batheri",Wayanad,5,"2023-08-14 09:49:28","2023-08-14 10:35:54",1
14731,673596,"Thazha Munda",Sulthanbathery,Wayanad,5,"2023-08-14 09:49:28","2023-08-14 10:35:54",1
14734,673596,Koleri,Sulthanbathery,Wayanad,5,"2023-08-14 09:49:28","2023-08-14 10:35:54",1
14737,673596,Choothupara,Sulthanbathery,Wayanad,5,"2023-08-14 09:49:28","2023-08-14 10:35:54",1
14740,673596,Poothadi,"Sulthan Batheri",Wayanad,5,"2023-08-14 09:49:28","2023-08-14 10:35:54",1
14743,673596,Kenichira,Sulthanbathery,Wayanad,5,"2023-08-14 09:49:28","2023-08-14 10:35:54",1
14746,673596,"Athirattu Kunnu",Sulthanbathery,Wayanad,5,"2023-08-14 09:49:28","2023-08-14 10:35:54",1
14749,673596,"Vala Vayal",Sulthanbathery,Wayanad,5,"2023-08-14 09:49:28","2023-08-14 10:35:54",1
14752,695001,"Thiruvananthapuram  AGs",Thiruvananthapuram,Thiruvananthapuram,14,"2023-08-14 09:56:51","2023-08-14 10:35:54",1
14755,695002,Karumom,Thiruvananthapuram,Thiruvananthapuram,14,"2023-08-14 10:00:02","2023-08-14 10:35:54",1
14758,695002,Karamana,Thiruvananthapuram,Thiruvananthapuram,14,"2023-08-14 10:00:17","2023-08-14 10:35:54",1
14761,695003,Kaudiar,Thiruvananthapuram,Thiruvananthapuram,14,"2023-08-14 10:00:17","2023-08-14 10:35:54",1
14764,695003,"Kaudiar Square",Thiruvananthapuram,Thiruvananthapuram,14,"2023-08-14 10:00:18","2023-08-14 10:35:54",1
14767,695004,"Pattom Palace",Thiruvananthapuram,Thiruvananthapuram,14,"2023-08-14 10:00:19","2023-08-14 10:35:54",1
14770,695004,"Mg College",Thiruvananthapuram,Thiruvananthapuram,14,"2023-08-14 10:00:30","2023-08-14 10:35:54",1
14773,695004,Goureesapattom,Trivandrum,Thiruvananthapuram,14,"2023-08-14 10:00:30","2023-08-14 10:35:54",1
14776,695005,Ambalamukku,Thiruvananthapuram,Thiruvananthapuram,14,"2023-08-14 10:00:30","2023-08-14 10:35:54",1
14779,695005,Perurkada,Thiruvananthapuram,Thiruvananthapuram,14,"2023-08-14 10:00:31","2023-08-14 10:35:54",1
14782,695006,Tirumala(Thiruvananthapuram),Thiruvananthapuram,Thiruvananthapuram,14,"2023-08-14 10:00:51","2023-08-14 10:35:54",1
14785,695006,Valiavila,Thiruvananthapuram,Thiruvananthapuram,14,"2023-08-14 10:01:11","2023-08-14 10:35:54",1
14788,695007,"Thiruvananthapuram  Beach",Thiruvananthapuram,Thiruvananthapuram,14,"2023-08-14 10:01:11","2023-08-14 10:35:54",1
14791,695008,Beemapally,Thiruvananthapuram,Thiruvananthapuram,14,"2023-08-14 10:01:11","2023-08-14 10:35:54",1
14794,695008,Valiathura,Thiruvananthapuram,Thiruvananthapuram,14,"2023-08-14 10:01:11","2023-08-14 10:35:54",1
14797,695008,Thope,Thiruvananthapuram,Thiruvananthapuram,14,"2023-08-14 10:01:11","2023-08-14 10:35:54",1
14800,695008,Vallakkadavoo,Thiruvananthapuram,Thiruvananthapuram,14,"2023-08-14 10:01:12","2023-08-14 10:35:54",1
14803,695009,Manacaud,Thiruvananthapuram,Thiruvananthapuram,14,"2023-08-14 10:01:26","2023-08-14 10:35:54",1
14806,695009,Attukkal,Thiruvananthapuram,Thiruvananthapuram,14,"2023-08-14 10:01:26","2023-08-14 10:35:54",1
14809,695010,"TVM  R.K Mission",Thiruvananthapuram,Thiruvananthapuram,14,"2023-08-14 10:01:29","2023-08-14 10:35:54",1
14812,695010,Sasthamangalam,Thiruvananthapuram,Thiruvananthapuram,14,"2023-08-14 10:01:36","2023-08-14 10:35:54",1
14815,695011,Cheruvikkal,Thiruvananthapuram,Thiruvananthapuram,14,"2023-08-14 10:01:37","2023-08-14 10:35:54",1
14818,695011,"Prasanth Nagar",Thiruvananthapuram,Thiruvananthapuram,14,"2023-08-14 10:01:39","2023-08-14 10:35:54",1
14821,695011,Ulloor,Thiruvananthapuram,Thiruvananthapuram,14,"2023-08-14 10:01:48","2023-08-14 10:35:54",1
14824,695011,Thuruvikkal,Thiruvananthapuram,Thiruvananthapuram,14,"2023-08-14 10:01:48","2023-08-14 10:35:54",1
14827,695011,"Thiruvananthapuram  Medical College",Thiruvananthapuram,Thiruvananthapuram,14,"2023-08-14 10:01:48","2023-08-14 10:35:54",1
14830,695012,Thamalam,Thiruvananthapuram,Thiruvananthapuram,14,"2023-08-14 10:01:48","2023-08-14 10:35:54",1
14833,695012,"Poojapura Junction",Thiruvananthapuram,Thiruvananthapuram,14,"2023-08-14 10:01:51","2023-08-14 10:35:54",1
14836,695012,Poojapura,Thiruvananthapuram,Thiruvananthapuram,14,"2023-08-14 10:01:59","2023-08-14 10:35:54",1
14839,695013,Nettayam,Thiruvananthapuram,Thiruvananthapuram,14,"2023-08-14 10:01:59","2023-08-14 10:35:54",1
14842,695013,Vattiyoorkavu,Thiruvananthapuram,Thiruvananthapuram,14,"2023-08-14 10:01:59","2023-08-14 10:35:54",1
14845,695013,Manikanteswaram,Thiruvananthapuram,Thiruvananthapuram,14,"2023-08-14 10:01:59","2023-08-14 10:35:54",1
14848,695013,Kodunganur,Thiruvananthapuram,Thiruvananthapuram,14,"2023-08-14 10:01:59","2023-08-14 10:35:54",1
14851,695013,Cheriyakonni,Nedumangad,Thiruvananthapuram,14,"2023-08-14 10:01:59","2023-08-14 10:35:54",1
14854,695014,"Cotton Hill",Thiruvananthapuram,Thiruvananthapuram,14,"2023-08-14 10:02:00","2023-08-14 10:35:54",1
14857,695014,Thycaud,Thiruvananthapuram,Thiruvananthapuram,14,"2023-08-14 10:02:07","2023-08-14 10:35:54",1
14860,695014,Jagathy,Thiruvananthapuram,Thiruvananthapuram,14,"2023-08-14 10:02:07","2023-08-14 10:35:54",1
14863,695015,Mannanathala,Trivendrum,Thiruvananthapuram,14,"2023-08-14 10:02:08","2023-08-14 10:35:54",1
14866,695015,Nalanchira,Thiruvananthapuram,Thiruvananthapuram,14,"2023-08-14 10:02:08","2023-08-14 10:35:54",1
14869,695016,"Thiruvananthapuram  Engg College",Thiruvananthapuram,Thiruvananthapuram,14,"2023-08-14 10:02:08","2023-08-14 10:35:54",1
14872,695017,Sreekaryam,Thiruvananthapuram,Thiruvananthapuram,14,"2023-08-14 10:02:16","2023-08-14 10:35:54",1
14875,695018,Pappanamcode,Thiruvananthapuram,Thiruvananthapuram,14,"2023-08-14 10:02:17","2023-08-14 10:35:54",1
14878,695019,"Industrial Estate (Thiruvananthapuram)",Thiruvananthapuram,Thiruvananthapuram,14,"2023-08-14 10:02:18","2023-08-14 10:35:54",1
14881,695020,Pallichal,Thiruvananthapuram,Thiruvananthapuram,14,"2023-08-14 10:02:28","2023-08-14 10:35:54",1
14884,695020,Ookode,Thiruvananthapuram,Thiruvananthapuram,14,"2023-08-14 10:02:28","2023-08-14 10:35:54",1
14887,695020,Nemom,Thiruvananthapuram,Thiruvananthapuram,14,"2023-08-14 10:02:28","2023-08-14 10:35:54",1
14890,695020,Pravachambalam,Neyyattinkara,Thiruvananthapuram,14,"2023-08-14 10:02:28","2023-08-14 10:35:54",1
14893,695021,Titanium,Thiruvananthapuram,Thiruvananthapuram,14,"2023-08-14 10:02:28","2023-08-14 10:35:54",1
14896,695021,Valiaveli,Thiruvananthapuram,Thiruvananthapuram,14,"2023-08-14 10:02:28","2023-08-14 10:35:54",1
14899,695021,Karikkakom,Thiruvananthapuram,Thiruvananthapuram,14,"2023-08-14 10:02:30","2023-08-14 10:35:54",1
14902,695022,"Thiruvananthapuram  ISRO",Thiruvananthapuram,Thiruvananthapuram,14,"2023-08-14 10:02:37","2023-08-14 10:35:54",1
14905,695023,Attakulangara,Thiruvananthapuram,Thiruvananthapuram,14,"2023-08-14 10:02:37","2023-08-14 10:35:54",1
14908,695023,"Thiruvananthapuram  Fort",Thiruvananthapuram,Thiruvananthapuram,14,"2023-08-14 10:02:37","2023-08-14 10:35:54",1
14911,695024,Chakkai,Thiruvananthapuram,Thiruvananthapuram,14,"2023-08-14 10:02:37","2023-08-14 10:35:54",1
14914,695024,"Thiruvananthapuram  Pettah",Thiruvananthapuram,Thiruvananthapuram,14,"2023-08-14 10:02:37","2023-08-14 10:35:54",1
14917,695024,Palkulangara,Thiruvananthapuram,Thiruvananthapuram,14,"2023-08-14 10:02:38","2023-08-14 10:35:54",1
14920,695024,Kaithamukku,Thiruvananthapuram,Thiruvananthapuram,14,"2023-08-14 10:02:38","2023-08-14 10:35:54",1
14923,695025,Muttada,Thiruvananthapuram,Thiruvananthapuram,14,"2023-08-14 10:02:38","2023-08-14 10:35:54",1
14926,695026,Poonthura,Thiruvananthapuram,Thiruvananthapuram,14,"2023-08-14 10:02:45","2023-08-14 10:35:54",1
14929,695026,Ambalathara,Thiruvananthapuram,Thiruvananthapuram,14,"2023-08-14 10:02:45","2023-08-14 10:35:54",1
14932,695027,Thiruvallom,Thiruvananthapuram,Thiruvananthapuram,14,"2023-08-14 10:02:45","2023-08-14 10:35:54",1
14935,695027,Pachallur,Thiruvananthapuram,Thiruvananthapuram,14,"2023-08-14 10:02:45","2023-08-14 10:35:54",1
14938,695028,Venkode,Nedumangad,Thiruvananthapuram,14,"2023-08-14 10:02:45","2023-08-14 10:35:54",1
14941,695028,Vattappara,Thiruvananthapuram,Thiruvananthapuram,14,"2023-08-14 10:02:45","2023-08-14 10:35:54",1
14944,695028,Pandalacode,Nedumangad,Thiruvananthapuram,14,"2023-08-14 10:02:45","2023-08-14 10:35:54",1
14947,695029,Anayara,Thiruvananthapuram,Thiruvananthapuram,14,"2023-08-14 10:02:45","2023-08-14 10:35:54",1
14950,695030,Kanjirampara,Thiruvananthapuram,Thiruvananthapuram,14,"2023-08-14 10:02:45","2023-08-14 10:35:54",1
14953,695032,Aramada,Thiruvananthapuram,Thiruvananthapuram,14,"2023-08-14 10:02:46","2023-08-14 10:35:54",1
14956,695033,"Public Office (Thiruvananthapuram)",Thiruvananthapuram,Thiruvananthapuram,14,"2023-08-14 10:02:53","2023-08-14 10:35:54",1
14959,695033,"Vikas Bhavan",Thiruvananthapuram,Thiruvananthapuram,14,"2023-08-14 10:02:53","2023-08-14 10:35:54",1
14962,695033,"PMG Jn",Thiruvananthapuram,Thiruvananthapuram,14,"2023-08-14 10:02:53","2023-08-14 10:35:54",1
14965,695034,"Thiruvananthapuram  University",Thiruvananthapuram,Thiruvananthapuram,14,"2023-08-14 10:02:53","2023-08-14 10:35:54",1
14968,695035,"Vanchiyoor Junction",Thiruvananthapuram,Thiruvananthapuram,14,"2023-08-14 10:02:53","2023-08-14 10:35:54",1
14971,695035,Vanchiyur,Thiruvananthapuram,Thiruvananthapuram,14,"2023-08-14 10:02:53","2023-08-14 10:35:54",1
14974,695036,"Thiruvananthapuram  Chalai",Thiruvananthapuram,Thiruvananthapuram,14,"2023-08-14 10:02:53","2023-08-14 10:35:54",1
14977,695038,"PTP Nagar",Thiruvananthapuram,Thiruvananthapuram,14,"2023-08-14 10:02:55","2023-08-14 10:35:54",1
14980,695040,Kaimanam,Thiruvananthapuram,Thiruvananthapuram,14,"2023-08-14 10:03:08","2023-08-14 10:35:54",1
14983,695042,Kalliyoor,Thiruvananthapuram,Thiruvananthapuram,14,"2023-08-14 10:03:09","2023-08-14 10:35:54",1
14986,695043,Kudappanakunnu,Thiruvananthapuram,Thiruvananthapuram,14,"2023-08-14 10:03:09","2023-08-14 10:35:54",1
14989,695043,Mukkolackal,Thiruvananthapuram,Thiruvananthapuram,14,"2023-08-14 10:03:09","2023-08-14 10:35:54",1
14992,695043,Kallayam,Nedumangad,Thiruvananthapuram,14,"2023-08-14 10:03:09","2023-08-14 10:35:54",1
14995,695099,"Kerala Governors Camp",Thiruvananthapuram,Thiruvananthapuram,14,"2023-08-14 10:03:09","2023-08-14 10:35:54",1
14998,695562,"Ex-servicemens Colony",Nedumangad,Thiruvananthapuram,14,"2023-08-14 10:14:22","2023-08-14 10:35:54",1
15001,695562,Elavattom,Nedumangad,Thiruvananthapuram,14,"2023-08-14 10:14:22","2023-08-14 10:35:54",1
15004,695562,Perayam,Nedumangad,Thiruvananthapuram,14,"2023-08-14 10:14:23","2023-08-14 10:35:54",1
15007,695562,Vattakarikkakom,Nedumangad,Thiruvananthapuram,14,"2023-08-14 10:14:23","2023-08-14 10:35:54",1
15010,695563,Ilanchiyam,Nedumangad,Thiruvananthapuram,14,"2023-08-14 10:14:23","2023-08-14 10:35:54",1
15013,695563,Thennur,Nedumangad,Thiruvananthapuram,14,"2023-08-14 10:14:23","2023-08-14 10:35:54",1
15016,695563,Kochuvila,Nedumangad,Thiruvananthapuram,14,"2023-08-14 10:14:24","2023-08-14 10:35:54",1
15019,695563,Peringamala,Thiruvananthapuram,Thiruvananthapuram,14,"2023-08-14 10:14:24","2023-08-14 10:35:54",1
15022,695563,Panangode,Nedumangad,Thiruvananthapuram,14,"2023-08-14 10:14:24","2023-08-14 10:35:54",1
15025,695563,Idinjar,Nedumangad,Thiruvananthapuram,14,"2023-08-14 10:14:24","2023-08-14 10:35:54",1
15028,695563,Daivapura,Nedumangad,Thiruvananthapuram,14,"2023-08-14 10:14:24","2023-08-14 10:35:54",1
15031,695564,Aruvikara,Nedumangad,Thiruvananthapuram,14,"2023-08-14 10:14:24","2023-08-14 10:35:54",1
15034,695564,Karakulam,Thiruvananthapuram,Thiruvananthapuram,14,"2023-08-14 10:14:24","2023-08-14 10:35:54",1
15037,695564,Chekkakonam,Nedumangad,Thiruvananthapuram,14,"2023-08-14 10:14:24","2023-08-14 10:35:54",1
15040,695568,Panavoor,Nedumangad,Thiruvananthapuram,14,"2023-08-14 10:14:24","2023-08-14 10:35:54",1
15043,695568,Koonanvenga,Nedumangad,Thiruvananthapuram,14,"2023-08-14 10:14:24","2023-08-14 10:35:54",1
15046,695568,Panayam,Nedumangad,Thiruvananthapuram,14,"2023-08-14 10:14:24","2023-08-14 10:35:54",1
15049,695571,Malayam,Neyyattinkara,Thiruvananthapuram,14,"2023-08-14 10:14:24","2023-08-14 10:35:54",1
15052,695571,Kollode,Neyyattinkara,Thiruvananthapuram,14,"2023-08-14 10:14:24","2023-08-14 10:35:54",1
15055,695571,Machel,Neyyattinkara,Thiruvananthapuram,14,"2023-08-14 10:14:24","2023-08-14 10:35:54",1
15058,695571,Malayinkil,Neyyattinkara,Thiruvananthapuram,14,"2023-08-14 10:14:24","2023-08-14 10:35:54",1
15061,695572,Kattakada,Nedumangad,Thiruvananthapuram,14,"2023-08-14 10:14:24","2023-08-14 10:35:54",1
15064,695572,Veeranakavu,Neyyattinkara,Thiruvananthapuram,14,"2023-08-14 10:14:24","2023-08-14 10:35:54",1
15067,695572,Pantha,Neyyattinkara,Thiruvananthapuram,14,"2023-08-14 10:14:24","2023-08-14 10:35:54",1
15070,695572,"Neyyar Dam",Neyyattinkara,Thiruvananthapuram,14,"2023-08-14 10:14:24","2023-08-14 10:35:54",1
15073,695572,Mylakkara,Neyyattinkara,Thiruvananthapuram,14,"2023-08-14 10:14:24","2023-08-14 10:35:54",1
15076,695572,Kuruthamcode,Neyyattinkara,Thiruvananthapuram,14,"2023-08-14 10:14:24","2023-08-14 10:35:54",1
15079,695572,Kattacode,Nedumangad,Thiruvananthapuram,14,"2023-08-14 10:14:24","2023-08-14 10:35:54",1
15082,695572,Ambalathinkala,Neyyattinkara,Thiruvananthapuram,14,"2023-08-14 10:14:24","2023-08-14 10:35:54",1
15085,695572,Amachal,Neyyattinkara,Thiruvananthapuram,14,"2023-08-14 10:14:24","2023-08-14 10:35:54",1
15088,695573,Vilappilsala,Neyyattinkara,Thiruvananthapuram,14,"2023-08-14 10:14:24","2023-08-14 10:35:54",1
15091,695573,Perukavu,Neyyattinkara,Thiruvananthapuram,14,"2023-08-14 10:14:24","2023-08-14 10:35:54",1
15094,695573,Peyad,Thiruvananthapuram,Thiruvananthapuram,14,"2023-08-14 10:14:24","2023-08-14 10:35:54",1
15097,695573,Puliyarakonam,Neyyattinkara,Thiruvananthapuram,14,"2023-08-14 10:14:24","2023-08-14 10:35:54",1
15100,695573,Moongode,Neyyattinkara,Thiruvananthapuram,14,"2023-08-14 10:14:24","2023-08-14 10:35:54",1
15103,695574,Kalliyal,Nedumangad,Thiruvananthapuram,14,"2023-08-14 10:14:24","2023-08-14 10:35:54",1
15106,695574,Kottoor(TVM),Nedumangad,Thiruvananthapuram,14,"2023-08-14 10:14:24","2023-08-14 10:35:54",1
15109,695574,Kuttichal,Thiruvananthapuram,Thiruvananthapuram,14,"2023-08-14 10:14:24","2023-08-14 10:35:54",1
15112,695574,Paruthipally,Nedumangad,Thiruvananthapuram,14,"2023-08-14 10:14:24","2023-08-14 10:35:54",1
15115,695575,Poovachal,Nedumangad,Thiruvananthapuram,14,"2023-08-14 10:14:24","2023-08-14 10:35:54",1
15118,695575,Panniyode,Nedumangad,Thiruvananthapuram,14,"2023-08-14 10:14:24","2023-08-14 10:35:54",1
15121,695575,Punalal,Nedumangad,Thiruvananthapuram,14,"2023-08-14 10:14:24","2023-08-14 10:35:54",1
15124,695581,Karyavattom,Thiruvananthapuram,Thiruvananthapuram,14,"2023-08-14 10:14:24","2023-08-14 10:35:54",1
15127,695581,Thundathil,Thiruvananthapuram,Thiruvananthapuram,14,"2023-08-14 10:14:24","2023-08-14 10:35:54",1
15130,695581,Pangappara,Thiruvananthapuram,Thiruvananthapuram,14,"2023-08-14 10:14:24","2023-08-14 10:35:54",1
15133,695582,Kazhakuttam,Thiruvananthapuram,Thiruvananthapuram,14,"2023-08-14 10:14:24","2023-08-14 10:35:54",1
15136,695583,"Kulathur (Thiruvananthapuram)",Thiruvananthapuram,Thiruvananthapuram,14,"2023-08-14 10:14:24","2023-08-14 10:35:54",1
15139,695583,Karimanal,Thiruvananthapuram,Thiruvananthapuram,14,"2023-08-14 10:14:24","2023-08-14 10:35:54",1
15142,695584,Pothencode,Thiruvananthapuram,Thiruvananthapuram,14,"2023-08-14 10:14:24","2023-08-14 10:35:54",1
15145,695584,Kattaikonam,Thiruvananthapuram,Thiruvananthapuram,14,"2023-08-14 10:14:24","2023-08-14 10:35:54",1
15148,695584,Iroopara,Chirayinkil,Thiruvananthapuram,14,"2023-08-14 10:14:24","2023-08-14 10:35:54",1
15151,695584,Koithurkonam,Thiruvananthapuram,Thiruvananthapuram,14,"2023-08-14 10:14:24","2023-08-14 10:35:54",1
15154,695584,Keezhavur,Thiruvananthapuram,Thiruvananthapuram,14,"2023-08-14 10:14:24","2023-08-14 10:35:54",1
15157,695584,Andoorkonam,Chirayinkil,Thiruvananthapuram,14,"2023-08-14 10:14:24","2023-08-14 10:35:54",1
15160,695585,"Sainik School (Thiruvananthapuram)",Thiruvananthapuram,Thiruvananthapuram,14,"2023-08-14 10:14:24","2023-08-14 10:35:54",1
15163,695586,Pallithura,Thiruvananthapuram,Thiruvananthapuram,14,"2023-08-14 10:14:24","2023-08-14 10:35:54",1
15166,695586,Puthenthope,Thiruvananthapuram,Thiruvananthapuram,14,"2023-08-14 10:14:24","2023-08-14 10:35:54",1
15169,695586,"St.Xaviers College",Thiruvananthapuram,Thiruvananthapuram,14,"2023-08-14 10:14:26","2023-08-14 10:35:54",1
15172,689515,Poozhikkad,Poozhikkad,Pathanamthitta,12,"2023-10-13 10:36:06","2023-10-13 11:31:00",1
15175,673323,Ulliyeri,Kozhikode,Kozhikode,6,"2024-05-20 13:41:40","2024-05-20 13:41:40",1
15178,685536,Thekkady,Peerumade,Idukki,1,"2024-07-03 14:15:55","2024-07-03 14:15:55",1
15181,691316,Thenmala,Pathanapuram,Kollam,13,"2024-11-01 13:43:55","2024-11-01 13:43:55",1
15184,679341,Arkkuparamba,Talekode,MALAPPURAM,7,"2025-01-20 12:43:05","2025-01-20 12:43:05",1
